datetime,sec_code,open,close,high,low,volume,turnover,amplitude,price_change_percentage,price_change_amount,turnover_rate
2017-02-08,300606,10.03,12.04,12.04,10.03,42,50266.0,24.04,44.02,3.68,0.02
2017-02-09,300606,13.24,13.24,13.24,13.24,34,44433.0,0.0,9.97,1.2,0.02
2017-02-10,300606,14.56,14.56,14.56,14.56,33,48048.0,0.0,9.97,1.32,0.01
2017-02-13,300606,16.02,16.02,16.02,16.02,36,57672.0,0.0,10.03,1.46,0.02
2017-02-14,300606,17.62,17.62,17.62,17.62,66,116292.0,0.0,9.99,1.6,0.03
2017-02-15,300606,19.38,19.38,19.38,19.38,64,124574.0,0.0,9.99,1.76,0.03
2017-02-16,300606,21.32,21.32,21.32,21.32,70,148728.0,0.0,10.01,1.94,0.03
2017-02-17,300606,23.45,23.45,23.45,23.45,195,457275.0,0.0,9.99,2.13,0.09
2017-02-20,300606,25.8,25.8,25.8,25.8,258,665898.0,0.0,10.02,2.35,0.12
2017-02-21,300606,28.38,28.38,28.38,28.38,536,1521735.0,0.0,10.0,2.58,0.24
2017-02-22,300606,31.22,31.22,31.22,31.22,678,2117465.0,0.0,10.01,2.84,0.3
2017-02-23,300606,34.34,34.34,34.34,34.34,605,2078497.0,0.0,9.99,3.12,0.27
2017-02-24,300606,37.77,37.77,37.77,37.77,595,2248825.0,0.0,9.99,3.43,0.27
2017-02-27,300606,41.55,41.55,41.55,41.55,4124,17135635.0,0.0,10.01,3.78,1.85
2017-02-28,300606,45.71,45.71,45.71,45.29,47638,217621246.0,1.01,10.01,4.16,21.36
2017-03-01,300606,46.0,45.7,48.5,44.33,143973,664420736.0,9.12,-0.02,-0.01,64.56
2017-03-02,300606,44.0,44.1,45.98,42.52,91680,404520656.0,7.57,-3.5,-1.6,41.11
2017-03-03,300606,43.7,44.2,45.64,43.4,63438,282523504.0,5.08,0.23,0.1,28.45
2017-03-06,300606,43.6,45.24,45.81,43.2,65419,293108704.0,5.9,2.35,1.04,29.34
2017-03-07,300606,45.11,46.03,46.3,44.68,66381,302204816.0,3.58,1.75,0.79,29.77
2017-03-08,300606,45.8,46.6,46.86,45.51,73188,338563840.0,2.93,1.24,0.57,32.82
2017-03-09,300606,46.2,44.55,46.2,44.2,57610,259198789.0,4.29,-4.4,-2.05,25.83
2017-03-10,300606,44.2,44.19,44.8,43.84,37395,165370169.0,2.15,-0.81,-0.36,16.77
2017-03-13,300606,44.02,45.04,45.28,43.31,45606,203018440.0,4.46,1.92,0.85,20.45
2017-03-14,300606,45.32,45.01,45.86,44.98,48310,219040357.0,1.95,-0.07,-0.03,21.66
2017-03-15,300606,44.82,45.05,45.27,43.8,38282,171176079.0,3.27,0.09,0.04,17.17
2017-03-16,300606,45.3,46.98,47.94,45.3,79820,371953728.0,5.86,4.28,1.93,35.79
2017-03-17,300606,46.8,45.63,48.02,45.55,67890,317335312.0,5.26,-2.87,-1.35,30.44
2017-03-20,300606,45.69,47.64,47.89,45.11,56007,261446814.0,6.09,4.4,2.01,25.12
2017-03-21,300606,48.35,48.66,49.49,47.64,74323,360595904.0,3.88,2.14,1.02,33.33
2017-03-22,300606,47.85,48.95,49.5,47.5,59303,287344368.0,4.11,0.6,0.29,26.59
2017-03-23,300606,48.8,47.43,49.6,45.45,59757,285417152.0,8.48,-3.11,-1.52,26.8
2017-03-24,300606,47.02,48.16,48.59,47.0,47072,225682532.0,3.35,1.54,0.73,21.11
2017-03-27,300606,48.53,49.4,49.95,47.56,56044,273309376.0,4.96,2.57,1.24,25.13
2017-03-28,300606,49.1,49.03,49.6,48.0,46384,226809562.0,3.24,-0.75,-0.37,20.8
2017-03-29,300606,48.54,44.63,48.55,44.6,48380,226093916.0,8.06,-8.97,-4.4,21.7
2017-03-30,300606,44.59,43.57,45.68,43.03,38799,171422362.0,5.94,-2.38,-1.06,17.4
2017-03-31,300606,43.05,42.8,44.17,42.74,29133,126877878.0,3.28,-1.77,-0.77,13.06
2017-04-05,300606,41.99,42.98,43.3,40.14,24773,104964275.0,7.38,0.42,0.18,11.11
2017-04-06,300606,42.72,42.99,43.9,42.58,18837,81340947.0,3.07,0.02,0.01,8.45
2017-04-07,300606,44.2,43.66,44.6,42.2,33176,144584253.0,5.58,1.56,0.67,14.88
2017-04-10,300606,43.05,39.29,43.2,39.29,31809,129691037.0,8.96,-10.01,-4.37,14.26
2017-04-11,300606,39.09,40.9,41.11,38.1,23962,95750407.0,7.66,4.1,1.61,10.75
2017-04-12,300606,40.7,39.4,40.88,39.0,11506,46061806.0,4.6,-3.67,-1.5,5.16
2017-04-13,300606,39.51,39.56,40.39,39.17,9672,38541002.0,3.1,0.41,0.16,4.34
2017-04-14,300606,39.2,38.12,39.32,38.01,11937,46100634.0,3.31,-3.64,-1.44,5.35
2017-04-17,300606,36.3,34.73,36.62,34.42,17567,62262971.0,5.77,-8.89,-3.39,7.88
2017-04-18,300606,34.92,34.78,35.48,34.5,10782,37911740.0,2.82,0.14,0.05,4.83
2017-04-19,300606,34.5,36.0,36.3,34.5,13236,46910192.0,5.18,3.51,1.22,5.94
2017-04-20,300606,35.4,35.04,35.89,34.4,12180,42899969.0,4.14,-2.67,-0.96,5.46
2017-04-21,300606,34.71,34.82,35.45,34.61,6706,23436147.0,2.4,-0.63,-0.22,3.01
2017-04-24,300606,34.7,32.9,34.82,32.67,13208,43815480.0,6.17,-5.51,-1.92,5.92
2017-04-25,300606,32.95,33.25,33.95,32.95,9876,33016030.0,3.04,1.06,0.35,4.43
2017-04-26,300606,33.3,34.34,34.44,33.3,13067,44505347.0,3.43,3.28,1.09,5.86
2017-04-27,300606,34.06,36.12,36.41,33.8,22464,79254622.0,7.6,5.18,1.78,10.07
2017-04-28,300606,36.08,36.2,36.45,35.81,12744,46094336.0,1.77,0.22,0.08,5.71
2017-05-02,300606,36.16,35.8,36.59,35.65,9973,35976084.0,2.6,-1.1,-0.4,4.47
2017-05-03,300606,35.67,36.37,36.59,35.67,10715,38723638.0,2.57,1.59,0.57,4.8
2017-05-04,300606,36.15,35.45,36.29,35.03,9261,33032877.0,3.46,-2.53,-0.92,4.15
2017-05-05,300606,35.15,35.27,36.3,35.13,12792,45777983.0,3.3,-0.51,-0.18,5.74
2017-05-08,300606,35.28,35.15,35.8,34.89,8893,31512612.0,2.58,-0.34,-0.12,3.99
2017-05-09,300606,35.17,37.13,37.18,35.16,17645,63926568.0,5.75,5.63,1.98,7.91
2017-05-10,300606,37.01,36.34,37.8,36.08,22862,84938992.0,4.63,-2.13,-0.79,10.25
2017-05-11,300606,36.38,37.28,37.28,34.61,17062,61277757.0,7.35,2.59,0.94,7.65
2017-05-12,300606,37.02,37.42,37.67,36.61,14002,52056331.0,2.84,0.38,0.14,6.28
2017-05-15,300606,37.5,36.67,37.8,36.5,9355,34597407.0,3.47,-2.0,-0.75,4.2
2017-05-16,300606,36.55,38.09,38.09,36.01,15494,57506458.0,5.67,3.87,1.42,6.95
2017-05-17,300606,38.1,37.92,38.83,37.72,18361,70279839.0,2.91,-0.45,-0.17,8.23
2017-05-18,300606,37.51,38.07,38.36,37.4,10448,39665080.0,2.53,0.4,0.15,4.69
2017-05-19,300606,38.11,37.11,38.39,37.03,9535,35858642.0,3.57,-2.52,-0.96,4.28
2017-05-22,300606,37.0,34.03,37.64,33.4,15148,53157764.0,11.43,-8.3,-3.08,6.79
2017-05-23,300606,33.99,33.0,33.99,30.68,17077,54822378.0,9.73,-3.03,-1.03,7.66
2017-05-24,300606,32.0,33.14,33.6,31.68,9437,30996896.0,5.82,0.42,0.14,4.23
2017-05-25,300606,33.26,32.16,33.37,31.0,11600,37596200.0,7.15,-2.96,-0.98,5.2
2017-05-26,300606,32.19,32.22,32.88,31.68,6741,21865874.0,3.73,0.19,0.06,3.02
2017-05-31,300606,33.37,31.85,33.88,31.01,11377,37456137.0,8.91,-1.15,-0.37,5.1
2017-06-01,300606,31.51,29.41,31.82,29.02,12404,37655419.0,8.79,-7.66,-2.44,5.56
2017-06-02,300606,29.06,30.18,30.88,28.54,10217,30411129.0,7.96,2.62,0.77,4.58
2017-06-05,300606,30.5,30.48,30.95,30.11,9537,29120578.0,2.78,0.99,0.3,4.28
2017-06-06,300606,30.2,30.18,30.47,29.8,6765,20381921.0,2.2,-0.98,-0.3,3.03
2017-06-07,300606,30.18,31.4,31.4,30.18,11857,36718342.0,4.04,4.04,1.22,5.32
2017-06-08,300606,31.29,31.1,31.61,30.8,9764,30510158.0,2.58,-0.96,-0.3,4.38
2017-06-09,300606,30.83,31.1,31.38,30.4,7100,21906560.0,3.15,0.0,0.0,3.18
2017-06-12,300606,30.6,29.44,30.6,29.44,11182,33416989.0,3.73,-5.34,-1.66,5.01
2017-06-13,300606,29.3,30.45,30.48,29.29,10121,30557285.0,4.04,3.43,1.01,4.54
2017-06-14,300606,30.5,30.24,30.5,29.81,6003,18141963.0,2.27,-0.69,-0.21,2.69
2017-06-15,300606,30.05,31.63,32.29,30.05,19363,60727817.0,7.41,4.6,1.39,8.68
2017-06-16,300606,31.72,32.06,32.9,31.63,18086,58289841.0,4.02,1.36,0.43,8.11
2017-06-19,300606,32.37,31.92,32.53,31.53,7744,24720907.0,3.12,-0.44,-0.14,3.47
2017-06-20,300606,32.29,31.72,32.6,31.68,5443,17393250.0,2.88,-0.63,-0.2,2.44
2017-06-21,300606,32.0,31.62,32.0,31.26,5931,18700858.0,2.33,-0.32,-0.1,2.66
2017-06-22,300606,31.49,30.13,31.6,30.04,7550,23386520.0,4.93,-4.71,-1.49,3.39
2017-06-23,300606,30.64,30.28,30.67,29.69,6459,19459766.0,3.25,0.5,0.15,2.9
2017-06-26,300606,30.29,30.89,30.89,29.7,6360,19425576.0,3.93,2.01,0.61,2.85
2017-06-27,300606,30.9,31.1,31.15,30.65,6011,18606946.0,1.62,0.68,0.21,2.7
2017-06-28,300606,31.98,31.24,31.98,30.63,6761,21055384.0,4.34,0.45,0.14,3.03
2017-06-29,300606,31.7,31.0,31.7,30.93,7482,23365211.0,2.46,-0.77,-0.24,3.36
2017-06-30,300606,30.8,31.01,31.45,30.35,10650,33012201.0,3.55,0.03,0.01,4.78
2017-07-03,300606,31.16,31.38,31.4,30.66,6888,21471335.0,2.39,1.19,0.37,3.09
2017-07-04,300606,31.39,31.42,31.66,31.16,6604,20723990.0,1.59,0.13,0.04,2.96
2017-07-05,300606,31.48,32.13,32.2,31.23,12673,40343542.0,3.09,2.26,0.71,5.68
2017-07-06,300606,32.14,34.34,35.34,32.14,36031,121910747.0,9.96,6.88,2.21,16.16
2017-07-07,300606,34.36,37.76,37.77,34.31,45848,168424405.0,10.08,9.96,3.42,20.56
2017-07-10,300606,36.11,35.19,36.9,34.71,33810,120890709.0,5.8,-6.81,-2.57,15.16
2017-07-11,300606,35.65,33.95,35.66,33.34,22350,76986250.0,6.59,-3.52,-1.24,10.02
2017-07-12,300606,32.9,35.48,35.48,32.18,33882,113597251.0,9.72,4.51,1.53,15.19
2017-07-13,300606,35.3,33.9,35.32,33.71,25229,87052632.0,4.54,-4.45,-1.58,11.31
2017-07-14,300606,33.3,33.23,34.15,32.8,14241,47476193.0,3.98,-1.98,-0.67,6.39
2017-07-17,300606,32.61,29.91,33.2,29.91,18799,57319769.0,9.9,-9.99,-3.32,8.43
2017-07-18,300606,29.22,28.88,30.2,28.03,17227,50092874.0,7.26,-3.44,-1.03,7.73
2017-07-19,300606,29.7,28.76,29.7,28.21,12372,35504027.0,5.16,-0.42,-0.12,5.55
2017-07-20,300606,28.71,28.41,29.65,28.39,12438,36066661.0,4.38,-1.22,-0.35,5.58
2017-07-21,300606,28.15,27.55,28.64,27.49,11825,33086038.0,4.05,-3.03,-0.86,5.3
2017-07-24,300606,27.15,27.77,27.95,26.64,11819,32333230.0,4.75,0.8,0.22,5.3
2017-07-25,300606,27.78,28.02,28.33,27.42,8979,25008831.0,3.28,0.9,0.25,4.03
2017-07-26,300606,28.07,27.66,28.07,27.52,7282,20182368.0,1.96,-1.28,-0.36,3.27
2017-07-27,300606,27.66,28.76,29.0,27.38,14892,42285519.0,5.86,3.98,1.1,6.68
2017-07-28,300606,28.69,28.27,28.85,28.1,9606,27260192.0,2.61,-1.7,-0.49,4.31
2017-07-31,300606,28.36,28.47,28.96,27.67,9355,26660760.0,4.56,0.71,0.2,4.2
2017-08-01,300606,28.28,28.68,28.75,27.89,9937,28207399.0,3.02,0.74,0.21,4.46
2017-08-02,300606,28.67,28.88,29.99,28.05,16340,47600754.0,6.76,0.7,0.2,7.33
2017-08-03,300606,28.98,29.29,29.86,28.47,13581,39818920.0,4.81,1.42,0.41,6.09
2017-08-04,300606,29.29,28.5,29.29,28.36,9438,27159354.0,3.18,-2.7,-0.79,4.23
2017-08-07,300606,28.49,28.59,29.33,28.32,5827,16741191.0,3.54,0.32,0.09,2.61
2017-08-08,300606,28.59,28.24,28.59,27.8,8624,24267862.0,2.76,-1.22,-0.35,3.87
2017-08-09,300606,28.06,27.93,28.4,27.82,6025,16887297.0,2.05,-1.1,-0.31,2.7
2017-08-10,300606,27.86,27.52,28.17,27.48,6181,17136662.0,2.47,-1.47,-0.41,2.77
2017-08-11,300606,27.49,27.36,27.66,27.1,4873,13348797.0,2.03,-0.58,-0.16,2.19
2017-08-14,300606,27.36,27.88,28.0,27.2,5334,14828121.0,2.92,1.9,0.52,2.39
2017-08-15,300606,27.96,28.46,28.5,27.9,8987,25410081.0,2.15,2.08,0.58,4.03
2017-08-16,300606,28.45,28.84,29.3,28.3,12904,37240319.0,3.51,1.34,0.38,5.79
2017-08-17,300606,28.93,28.66,29.13,28.46,8860,25506062.0,2.32,-0.62,-0.18,3.97
2017-08-18,300606,28.58,27.94,28.6,27.82,8854,24865136.0,2.72,-2.51,-0.72,3.97
2017-08-21,300606,27.81,28.61,28.64,27.81,8266,23469174.0,2.97,2.4,0.67,3.71
2017-08-22,300606,28.9,28.33,28.9,28.06,7514,21348072.0,2.94,-0.98,-0.28,3.37
2017-08-23,300606,28.34,28.69,28.79,28.18,9526,27258047.0,2.15,1.27,0.36,4.27
2017-08-24,300606,28.69,28.72,29.29,28.41,13212,38115742.0,3.07,0.1,0.03,5.92
2017-08-25,300606,28.72,30.2,31.0,28.51,25226,75006417.0,8.67,5.15,1.48,11.31
2017-08-28,300606,30.19,30.44,31.12,29.84,22712,69172320.0,4.24,0.79,0.24,10.18
2017-08-29,300606,30.36,31.04,31.7,30.21,24429,76081437.0,4.89,1.97,0.6,10.95
2017-08-30,300606,30.7,30.71,31.58,30.53,13011,40361554.0,3.38,-1.06,-0.33,5.83
2017-08-31,300606,30.69,31.35,31.66,30.69,16759,52504776.0,3.16,2.08,0.64,7.52
2017-09-01,300606,31.59,32.1,32.32,31.03,15378,48630706.0,4.11,2.39,0.75,6.9
2017-09-04,300606,31.75,31.55,32.9,31.5,13485,43238311.0,4.36,-1.71,-0.55,6.05
2017-09-05,300606,31.7,31.43,31.98,31.34,7307,23073252.0,2.03,-0.38,-0.12,3.28
2017-09-06,300606,31.3,31.85,31.85,30.81,9564,29926511.0,3.31,1.34,0.42,4.29
2017-09-07,300606,31.76,31.61,32.5,31.58,12414,39776989.0,2.89,-0.75,-0.24,5.57
2017-09-08,300606,31.88,31.67,31.91,30.92,7178,22585470.0,3.13,0.19,0.06,3.22
2017-09-11,300606,31.9,32.5,33.0,31.7,11945,38782950.0,4.1,2.62,0.83,5.36
2017-09-12,300606,32.49,30.81,32.49,30.8,12309,38864919.0,5.2,-5.2,-1.69,5.52
2017-09-13,300606,30.88,31.77,31.9,30.52,13595,42531002.0,4.48,3.12,0.96,6.1
2017-09-14,300606,31.81,31.21,31.98,30.71,9058,28377216.0,4.0,-1.76,-0.56,4.06
2017-09-15,300606,31.18,30.91,31.43,30.88,5808,18082319.0,1.76,-0.96,-0.3,2.6
2017-09-18,300606,31.11,30.88,31.11,30.6,4831,14883473.0,1.65,-0.1,-0.03,2.17
2017-09-19,300606,30.88,30.87,31.09,30.7,5367,16567398.0,1.26,-0.03,-0.01,2.41
2017-09-20,300606,30.81,31.54,31.64,30.67,7659,23818156.0,3.14,2.17,0.67,3.43
2017-09-21,300606,31.73,30.97,31.98,30.95,8755,27590517.0,3.27,-1.81,-0.57,3.93
2017-09-22,300606,30.68,31.21,31.47,30.32,8432,26098495.0,3.71,0.77,0.24,3.78
2017-09-25,300606,31.21,31.26,32.01,31.13,10646,33688323.0,2.82,0.16,0.05,4.77
2017-09-26,300606,31.58,29.82,31.95,29.53,12475,38054649.0,7.74,-4.61,-1.44,5.59
2017-09-27,300606,29.53,30.16,30.42,29.51,5485,16466476.0,3.05,1.14,0.34,2.46
2017-09-28,300606,30.15,29.98,30.65,29.9,5268,15957893.0,2.49,-0.6,-0.18,2.36
2017-09-29,300606,29.98,30.83,30.9,29.98,6464,19770647.0,3.07,2.84,0.85,2.9
2017-10-09,300606,31.46,31.24,31.89,30.85,8381,26170286.0,3.37,1.33,0.41,3.76
2017-10-10,300606,31.0,31.6,31.73,31.0,7762,24340780.0,2.34,1.15,0.36,3.48
2017-10-11,300606,31.58,31.17,31.86,31.04,7647,23949627.0,2.59,-1.36,-0.43,3.43
2017-10-12,300606,31.4,32.79,33.0,31.1,18946,60756800.0,6.1,5.2,1.62,8.5
2017-10-13,300606,32.64,32.66,32.87,32.02,15205,49367921.0,2.59,-0.4,-0.13,6.82
2017-10-16,300606,32.59,31.09,32.74,30.98,14904,47261472.0,5.39,-4.81,-1.57,6.68
2017-10-17,300606,31.2,32.6,34.08,30.6,22747,73833010.0,11.19,4.86,1.51,10.2
2017-10-18,300606,32.94,31.94,33.9,31.7,20740,68059043.0,6.75,-2.02,-0.66,9.3
2017-10-19,300606,31.88,31.31,32.0,31.18,11030,34695104.0,2.57,-1.97,-0.63,4.95
2017-10-20,300606,31.3,32.38,32.5,31.01,11377,36469159.0,4.76,3.42,1.07,5.1
2017-10-23,300606,32.01,32.83,32.9,31.7,12197,39495999.0,3.71,1.39,0.45,5.47
2017-10-24,300606,32.96,32.39,32.96,31.56,9178,29546754.0,4.26,-1.34,-0.44,4.12
2017-10-25,300606,32.74,34.25,34.76,32.07,30737,103898125.0,8.31,5.74,1.86,13.78
2017-10-26,300606,33.91,34.5,34.62,33.4,18838,64163180.0,3.56,0.73,0.25,8.45
2017-10-27,300606,34.3,34.03,34.3,33.62,14640,49691190.0,1.97,-1.36,-0.47,6.57
2017-10-30,300606,33.59,33.68,33.97,32.62,13808,46003611.0,3.97,-1.03,-0.35,6.19
2017-10-31,300606,33.67,33.78,34.29,33.05,13358,45065575.0,3.68,0.3,0.1,5.99
2017-11-01,300606,33.74,34.49,34.8,33.6,19096,65539425.0,3.55,2.1,0.71,8.56
2017-11-02,300606,34.47,33.56,34.47,33.52,12635,42808468.0,2.75,-2.7,-0.93,5.67
2017-11-03,300606,33.11,32.4,33.45,32.24,11915,39241843.0,3.61,-3.46,-1.16,5.34
2017-11-06,300606,32.88,33.01,33.28,32.31,7696,25320141.0,2.99,1.88,0.61,3.45
2017-11-07,300606,33.01,33.17,33.59,32.52,8268,27196210.0,3.24,0.48,0.16,3.71
2017-11-08,300606,33.07,33.3,33.59,33.07,10179,33984739.0,1.57,0.39,0.13,4.56
2017-11-09,300606,33.13,33.07,33.46,32.65,7162,23695569.0,2.43,-0.69,-0.23,3.21
2017-11-10,300606,33.0,34.51,34.6,32.96,22005,75093672.0,4.96,4.35,1.44,9.87
2017-11-13,300606,34.3,36.87,37.93,34.16,29377,106542037.0,10.92,6.84,2.36,13.17
2017-11-14,300606,36.76,36.96,37.1,36.0,16295,59393805.0,2.98,0.24,0.09,7.31
2017-11-15,300606,36.7,36.33,37.45,36.18,8957,32803727.0,3.44,-1.7,-0.63,4.02
2017-11-16,300606,35.85,35.51,36.8,35.48,8474,30394174.0,3.63,-2.26,-0.82,3.8
2017-11-17,300606,35.51,32.81,35.79,32.12,11861,40400484.0,10.34,-7.6,-2.7,5.32
2017-11-20,300606,32.6,33.47,33.95,30.02,8267,27139825.0,11.98,2.01,0.66,3.71
2017-11-21,300606,33.45,32.89,33.68,32.2,6254,20500964.0,4.42,-1.73,-0.58,2.8
2017-11-22,300606,32.89,33.69,33.88,32.53,6340,21209742.0,4.1,2.43,0.8,2.84
2017-11-23,300606,33.69,33.69,35.6,33.42,9796,33798555.0,6.47,0.0,0.0,4.39
2017-11-24,300606,33.58,35.0,35.0,32.6,8929,30476998.0,7.12,3.89,1.31,4.0
2017-11-27,300606,35.27,34.93,35.99,34.75,11230,39710600.0,3.54,-0.2,-0.07,5.04
2017-11-28,300606,34.81,35.65,35.86,34.05,7939,27827975.0,5.18,2.06,0.72,3.56
2017-11-29,300606,35.7,35.84,35.92,34.5,9368,33146045.0,3.98,0.53,0.19,4.2
2017-11-30,300606,35.7,36.0,36.14,35.29,7467,26786734.0,2.37,0.45,0.16,3.35
2017-12-01,300606,36.0,35.76,36.39,35.76,5673,20414920.0,1.75,-0.67,-0.24,2.54
2017-12-04,300606,35.83,32.89,35.83,32.88,7245,24358313.0,8.25,-8.03,-2.87,3.25
2017-12-05,300606,32.96,32.4,33.78,32.3,4256,14074643.0,4.5,-1.49,-0.49,1.91
2017-12-06,300606,32.3,32.96,32.96,32.25,2547,8325168.0,2.19,1.73,0.56,1.14
2017-12-07,300606,32.64,32.01,32.9,31.9,3235,10448361.0,3.03,-2.88,-0.95,1.45
2017-12-08,300606,31.54,33.18,33.5,31.54,7202,23600784.0,6.12,3.66,1.17,3.23
2017-12-11,300606,33.1,33.2,33.37,32.71,2421,8008692.0,1.99,0.06,0.02,1.09
2017-12-12,300606,33.25,32.39,33.66,32.32,2159,7077093.0,4.04,-2.44,-0.81,0.97
2017-12-13,300606,32.06,32.85,32.97,32.06,1399,4570951.0,2.81,1.42,0.46,0.63
2017-12-14,300606,32.42,33.04,33.3,32.4,2097,6891917.0,2.74,0.58,0.19,0.94
2017-12-15,300606,32.7,32.73,33.1,32.55,1246,4095166.0,1.66,-0.94,-0.31,0.56
2017-12-18,300606,32.49,32.34,32.78,32.0,1957,6329021.0,2.38,-1.19,-0.39,0.88
2017-12-19,300606,32.38,33.28,35.5,32.38,4103,13778617.0,9.65,2.91,0.94,1.84
2017-12-20,300606,33.83,33.16,34.0,32.94,2179,7246996.0,3.19,-0.36,-0.12,0.98
2017-12-21,300606,32.8,33.04,33.04,32.06,3214,10440658.0,2.96,-0.36,-0.12,1.44
2017-12-22,300606,32.8,33.76,36.25,32.8,4338,14745413.0,10.44,2.18,0.72,1.95
2017-12-25,300606,33.68,33.13,33.99,32.41,3832,12691926.0,4.68,-1.87,-0.63,1.72
2017-12-26,300606,33.27,33.87,33.95,32.71,3713,12483076.0,3.74,2.23,0.74,1.67
2017-12-27,300606,33.8,33.88,34.8,33.46,4937,16859914.0,3.96,0.03,0.01,2.21
2017-12-28,300606,33.58,34.16,34.45,33.53,4374,14963689.0,2.72,0.83,0.28,1.96
2017-12-29,300606,34.05,33.61,34.1,32.87,3362,11262097.0,3.6,-1.61,-0.55,1.51
2018-01-02,300606,33.44,34.29,34.4,33.02,4782,16118005.0,4.11,2.02,0.68,2.14
2018-01-03,300606,34.34,34.1,34.34,33.81,3229,11000404.0,1.55,-0.55,-0.19,1.45
2018-01-04,300606,33.96,33.41,34.46,33.4,3590,12093325.0,3.11,-2.02,-0.69,1.61
2018-01-05,300606,33.4,33.5,33.94,33.38,2519,8473859.0,1.68,0.27,0.09,1.13
2018-01-08,300606,33.8,32.21,33.8,32.15,4879,15866010.0,4.93,-3.85,-1.29,2.19
2018-01-09,300606,32.05,32.13,32.44,32.01,2015,6486212.0,1.33,-0.25,-0.08,0.9
2018-01-10,300606,32.13,30.53,32.17,30.06,4862,15090710.0,6.57,-4.98,-1.6,2.18
2018-01-11,300606,30.54,30.7,31.43,30.05,3737,11459046.0,4.52,0.56,0.17,1.68
2018-01-12,300606,30.64,29.88,31.0,29.88,3124,9469982.0,3.65,-2.67,-0.82,1.4
2018-01-15,300606,30.02,29.74,30.02,28.5,7983,23279245.0,5.09,-0.47,-0.14,3.58
2018-01-16,300606,29.6,29.99,29.99,29.06,2986,8873648.0,3.13,0.84,0.25,1.34
2018-01-17,300606,29.8,30.21,30.46,29.45,2999,9007522.0,3.37,0.73,0.22,1.34
2018-01-18,300606,29.57,30.3,30.73,29.2,2084,6287324.0,5.06,0.3,0.09,0.93
2018-01-19,300606,30.3,29.66,30.6,29.62,2993,9024435.0,3.23,-2.11,-0.64,1.34
2018-01-22,300606,29.48,29.35,29.81,29.02,1766,5188258.0,2.66,-1.05,-0.31,0.79
2018-01-23,300606,29.48,29.04,29.66,28.96,3017,8795887.0,2.39,-1.06,-0.31,1.35
2018-01-24,300606,29.13,30.38,30.5,28.91,6655,19929233.0,5.48,4.61,1.34,2.98
2018-01-25,300606,29.9,29.92,30.37,29.8,3639,10927379.0,1.88,-1.51,-0.46,1.63
2018-01-26,300606,29.61,29.43,30.2,29.4,2204,6559847.0,2.67,-1.64,-0.49,0.99
2018-01-29,300606,29.99,28.97,30.13,28.82,2114,6167727.0,4.45,-1.56,-0.46,0.95
2018-01-30,300606,28.6,28.68,29.09,28.54,1512,4335706.0,1.9,-1.0,-0.29,0.68
2018-01-31,300606,28.7,27.41,28.7,26.75,6189,17048170.0,6.8,-4.43,-1.27,2.78
2018-02-01,300606,27.5,24.67,27.6,24.67,5798,14850310.0,10.69,-10.0,-2.74,2.6
2018-02-02,300606,24.48,23.4,24.48,22.2,9407,21927668.0,9.24,-5.15,-1.27,4.22
2018-02-05,300606,22.9,22.58,23.42,22.53,2165,4991819.0,3.8,-3.5,-0.82,0.97
2018-02-06,300606,22.65,21.53,22.65,21.17,4022,8674051.0,6.55,-4.65,-1.05,1.8
2018-02-07,300606,21.75,21.77,22.49,20.59,3565,7742498.0,8.82,1.11,0.24,1.6
2018-02-08,300606,21.25,22.09,22.27,21.25,2283,5023923.0,4.69,1.47,0.32,0.69
2018-02-09,300606,22.05,21.35,22.05,21.02,2508,5361754.0,4.66,-3.35,-0.74,0.76
2018-02-12,300606,21.63,22.3,23.49,21.42,9250,21183738.0,9.7,4.45,0.95,2.81
2018-02-13,300606,22.04,22.34,22.78,22.04,4245,9496156.0,3.32,0.18,0.04,1.29
2018-02-14,300606,22.16,22.28,22.47,22.05,2805,6249069.0,1.88,-0.27,-0.06,0.85
2018-02-22,300606,22.7,22.54,22.8,22.3,2486,5630854.0,2.24,1.17,0.26,0.76
2018-02-23,300606,22.58,22.44,22.75,22.35,2366,5323737.0,1.77,-0.44,-0.1,0.72
2018-02-26,300606,22.59,24.68,24.68,22.52,13956,33364971.0,9.63,9.98,2.24,4.24
2018-02-27,300606,24.66,24.7,25.19,24.25,7296,18058578.0,3.81,0.08,0.02,2.22
2018-02-28,300606,24.31,24.49,24.9,24.07,3836,9388060.0,3.36,-0.85,-0.21,1.17
2018-03-01,300606,24.64,25.21,26.02,24.11,8281,20766347.0,7.8,2.94,0.72,2.52
2018-03-02,300606,25.2,25.11,25.84,24.59,5558,14030451.0,4.96,-0.4,-0.1,1.69
2018-03-05,300606,25.35,25.36,25.62,24.71,3198,8077555.0,3.62,1.0,0.25,0.97
2018-03-06,300606,26.11,25.06,26.11,24.88,4510,11475790.0,4.85,-1.18,-0.3,1.37
2018-03-07,300606,24.88,24.95,25.07,24.45,2866,7117394.0,2.47,-0.44,-0.11,0.87
2018-03-08,300606,24.72,25.74,25.97,24.72,4845,12352953.0,5.01,3.17,0.79,1.47
2018-03-09,300606,25.48,26.19,26.5,25.48,4912,12815290.0,3.96,1.75,0.45,1.49
2018-03-12,300606,26.49,26.28,26.9,25.99,4324,11383751.0,3.47,0.34,0.09,1.32
2018-03-13,300606,26.33,26.48,26.78,26.26,4135,10961127.0,1.98,0.76,0.2,1.26
2018-03-14,300606,25.95,25.52,26.47,25.51,3340,8621331.0,3.63,-3.63,-0.96,1.02
2018-03-15,300606,25.49,24.43,25.5,24.15,3712,9133483.0,5.29,-4.27,-1.09,1.13
2018-03-16,300606,24.79,24.59,24.99,24.32,2512,6213743.0,2.74,0.65,0.16,0.76
2018-03-19,300606,24.79,25.16,25.16,24.35,2426,6054398.0,3.29,2.32,0.57,0.74
2018-03-20,300606,24.87,25.19,25.5,24.53,3053,7666332.0,3.86,0.12,0.03,0.93
2018-03-21,300606,25.2,25.45,26.26,25.2,4160,10698860.0,4.21,1.03,0.26,1.27
2018-03-22,300606,25.3,26.23,26.49,25.3,5211,13562222.0,4.68,3.06,0.78,1.58
2018-03-23,300606,25.63,23.61,25.63,23.61,5912,14390946.0,7.7,-9.99,-2.62,1.8
2018-03-26,300606,23.59,24.45,24.77,22.1,3929,9249142.0,11.31,3.56,0.84,1.19
2018-03-27,300606,24.45,26.9,26.9,24.45,10161,27200729.0,10.02,10.02,2.45,3.09
2018-03-28,300606,26.95,26.1,28.5,26.1,16222,44600883.0,8.92,-2.97,-0.8,4.93
2018-03-29,300606,26.43,26.21,26.97,25.7,8289,21729586.0,4.87,0.42,0.11,2.52
2018-03-30,300606,26.27,26.7,26.82,26.08,6774,17926319.0,2.82,1.87,0.49,2.06
2018-04-02,300606,26.91,27.04,28.2,26.0,11009,29909071.0,8.24,1.27,0.34,3.35
2018-04-03,300606,26.15,26.58,26.8,25.88,8449,22242140.0,3.4,-1.7,-0.46,2.57
2018-04-04,300606,26.49,26.99,27.9,26.49,6788,18385559.0,5.3,1.54,0.41,2.06
2018-04-09,300606,26.1,28.77,29.69,26.09,13551,38035769.0,13.34,6.6,1.78,4.12
2018-04-10,300606,28.59,27.69,28.59,27.0,9080,25129765.0,5.53,-3.75,-1.08,2.76
2018-04-11,300606,27.66,27.7,29.66,27.05,7429,20770797.0,9.43,0.04,0.01,2.26
2018-04-12,300606,27.77,27.63,28.16,27.48,5005,13946644.0,2.45,-0.25,-0.07,1.52
2018-04-13,300606,27.54,27.58,27.99,27.54,3632,10082315.0,1.63,-0.18,-0.05,1.1
2018-04-16,300606,27.61,28.34,28.45,27.1,4972,13884933.0,4.89,2.76,0.76,1.51
2018-04-17,300606,28.0,26.5,28.59,26.36,4979,13678863.0,7.87,-6.49,-1.84,1.51
2018-04-18,300606,27.0,27.3,27.4,25.78,4161,11137411.0,6.11,3.02,0.8,1.27
2018-04-19,300606,27.88,28.65,28.9,26.77,9533,26978902.0,7.8,4.95,1.35,2.9
2018-04-20,300606,27.18,26.69,27.5,26.0,9919,26492377.0,5.24,-6.84,-1.96,3.02
2018-04-23,300606,26.84,25.83,26.84,25.61,2845,7402931.0,4.61,-3.22,-0.86,0.87
2018-04-24,300606,25.75,26.5,26.66,25.75,3671,9706929.0,3.52,2.59,0.67,1.12
2018-04-25,300606,26.62,26.19,26.95,25.8,4136,10910005.0,4.34,-1.17,-0.31,1.26
2018-04-26,300606,26.3,25.32,26.46,25.32,3988,10388764.0,4.35,-3.32,-0.87,1.21
2018-04-27,300606,25.88,25.25,25.88,25.02,2903,7378649.0,3.4,-0.28,-0.07,0.88
2018-05-02,300606,25.45,24.98,25.5,24.7,2291,5750432.0,3.17,-1.07,-0.27,0.7
2018-05-03,300606,24.4,25.61,25.87,24.4,2742,6925628.0,5.88,2.52,0.63,0.83
2018-05-04,300606,25.64,25.49,25.7,25.37,2145,5473400.0,1.29,-0.47,-0.12,0.65
2018-05-07,300606,25.88,26.03,26.15,25.51,4448,11563529.0,2.51,2.12,0.54,1.35
2018-05-08,300606,26.21,26.4,26.4,25.92,6183,16216812.0,1.84,1.42,0.37,1.88
2018-05-09,300606,26.55,26.3,26.55,26.06,4993,13107483.0,1.86,-0.38,-0.1,1.52
2018-05-10,300606,26.59,26.39,26.59,26.14,5077,13403796.0,1.71,0.34,0.09,1.54
2018-05-11,300606,26.58,27.54,28.4,25.85,11141,30213634.0,9.66,4.36,1.15,3.39
2018-05-14,300606,27.48,28.79,30.29,26.9,20303,57551556.0,12.31,4.54,1.25,6.17
2018-05-15,300606,29.0,28.13,29.66,27.58,15700,44605748.0,7.22,-2.29,-0.66,4.77
2018-05-16,300606,27.66,27.29,27.83,26.96,10514,28575974.0,3.09,-2.99,-0.84,3.2
2018-05-17,300606,27.1,27.13,27.3,26.8,4981,13437931.0,1.83,-0.59,-0.16,1.51
2018-05-18,300606,27.13,27.22,27.42,26.82,4890,13284583.0,2.21,0.33,0.09,1.49
2018-05-21,300606,27.38,27.54,27.67,27.19,6119,16794594.0,1.76,1.18,0.32,1.86
2018-05-22,300606,27.3,27.69,27.88,27.27,4495,12396937.0,2.21,0.54,0.15,1.37
2018-05-23,300606,27.75,27.14,27.75,27.12,4429,12092229.0,2.28,-1.99,-0.55,1.35
2018-05-24,300606,27.21,27.0,27.25,27.0,3919,10636320.0,0.92,-0.52,-0.14,1.19
2018-05-25,300606,26.82,27.3,27.6,26.82,4075,11115211.0,2.89,1.11,0.3,1.24
2018-05-28,300606,26.91,26.82,27.43,26.6,3906,10560240.0,3.04,-1.76,-0.48,1.19
2018-05-29,300606,26.61,26.53,27.12,26.37,2927,7828295.0,2.8,-1.08,-0.29,0.89
2018-05-30,300606,26.0,23.88,26.5,23.88,8460,20842215.0,9.88,-9.99,-2.65,2.57
2018-05-31,300606,24.12,24.32,24.4,23.89,4731,11464620.0,2.14,1.84,0.44,1.44
2018-06-01,300606,24.4,23.7,24.58,23.32,4400,10526472.0,5.18,-2.55,-0.62,1.34
2018-06-04,300606,23.9,23.85,24.16,23.74,2743,6564621.0,1.77,0.63,0.15,0.83
2018-06-05,300606,24.0,24.64,24.85,23.8,3521,8608286.0,4.4,3.31,0.79,1.07
2018-06-06,300606,24.9,24.69,24.9,24.35,4111,10078611.0,2.23,0.2,0.05,1.25
2018-06-07,300606,24.9,24.82,25.2,24.61,5481,13656035.0,2.39,0.53,0.13,1.67
2018-06-08,300606,24.97,24.58,24.97,24.2,2376,5823743.0,3.1,-0.97,-0.24,0.72
2018-06-11,300606,24.68,23.96,24.68,23.9,2747,6674003.0,3.17,-2.52,-0.62,0.84
2018-06-12,300606,24.29,24.22,24.3,23.8,2539,6119538.0,2.09,1.09,0.26,0.77
2018-06-13,300606,24.17,23.72,24.22,23.51,3221,7679811.0,2.93,-2.06,-0.5,0.98
2018-06-14,300606,23.6,23.44,23.91,23.26,2835,6693448.0,2.74,-1.18,-0.28,0.86
2018-06-15,300606,23.65,22.38,23.89,22.27,3012,6927620.0,6.91,-4.52,-1.06,0.92
2018-06-19,300606,21.34,20.59,22.37,20.14,5084,10670066.0,9.96,-8.0,-1.79,1.55
2018-06-20,300606,20.0,21.71,21.99,20.0,4952,10546936.0,9.66,5.44,1.12,1.51
2018-06-21,300606,21.88,20.4,21.88,20.4,3913,8290426.0,6.82,-6.03,-1.31,1.19
2018-06-22,300606,20.55,20.97,21.15,20.22,2274,4752625.0,4.56,2.79,0.57,0.69
2018-06-25,300606,21.4,20.79,21.5,20.34,2677,5657415.0,5.53,-0.86,-0.18,0.81
2018-06-26,300606,20.3,21.36,21.65,20.3,4161,8819076.0,6.49,2.74,0.57,1.27
2018-06-27,300606,21.29,21.75,21.96,21.29,5570,12058939.0,3.14,1.83,0.39,1.69
2018-06-28,300606,21.5,21.77,22.28,21.5,3885,8510124.0,3.59,0.09,0.02,1.18
2018-06-29,300606,21.77,22.74,23.5,21.53,5446,12147150.0,9.05,4.46,0.97,1.66
2018-07-02,300606,24.4,23.1,24.5,22.5,9982,23735933.0,8.8,1.58,0.36,3.04
2018-07-03,300606,23.09,23.85,24.1,23.09,5861,13881633.0,4.37,3.25,0.75,1.78
2018-07-04,300606,23.85,23.03,23.85,23.03,3422,7981976.0,3.44,-3.44,-0.82,1.04
2018-07-05,300606,24.38,23.35,24.38,22.89,3784,8820600.0,6.47,1.39,0.32,1.15
2018-07-06,300606,23.2,23.6,23.84,23.01,3078,7233482.0,3.55,1.07,0.25,0.94
2018-07-09,300606,23.8,24.27,24.28,23.3,4015,9549357.0,4.15,2.84,0.67,1.22
2018-07-10,300606,24.29,24.0,24.29,23.72,2611,6256797.0,2.35,-1.11,-0.27,0.79
2018-07-11,300606,23.2,23.32,23.74,22.91,2537,5913221.0,3.46,-2.83,-0.68,0.77
2018-07-12,300606,23.32,24.0,24.0,23.11,2845,6771130.0,3.82,2.92,0.68,0.87
2018-07-13,300606,23.71,23.87,23.87,23.55,1985,4708429.0,1.33,-0.54,-0.13,0.6
2018-07-16,300606,23.27,23.96,24.1,23.27,4469,10520908.0,3.48,0.38,0.09,1.36
2018-07-17,300606,24.67,24.5,25.1,23.79,7508,18344291.0,5.47,2.25,0.54,2.28
2018-07-18,300606,24.98,23.8,24.98,23.8,5782,13922638.0,4.82,-2.86,-0.7,1.76
2018-07-19,300606,23.6,23.01,23.86,23.0,4438,10333437.0,3.61,-3.32,-0.79,1.35
2018-07-20,300606,23.4,23.24,23.4,22.9,1453,3375252.0,2.17,1.0,0.23,0.44
2018-07-23,300606,23.23,23.43,23.48,23.06,1592,3711489.0,1.81,0.82,0.19,0.48
2018-07-24,300606,23.58,23.73,23.79,23.25,1680,3961987.0,2.3,1.28,0.3,0.51
2018-07-25,300606,23.55,23.75,23.85,23.5,2647,6268070.0,1.47,0.08,0.02,0.81
2018-07-26,300606,23.65,23.48,23.77,23.38,1398,3285938.0,1.64,-1.14,-0.27,0.43
2018-07-27,300606,23.5,23.6,23.85,23.38,2683,6354581.0,2.0,0.51,0.12,0.82
2018-07-30,300606,23.41,23.58,23.85,23.41,2063,4867297.0,1.86,-0.08,-0.02,0.63
2018-07-31,300606,23.6,24.34,24.36,23.5,6780,16364017.0,3.65,3.22,0.76,2.06
2018-08-01,300606,24.35,24.05,24.65,24.01,5474,13314773.0,2.63,-1.19,-0.29,1.66
2018-08-02,300606,23.75,23.79,24.38,23.0,4326,10226163.0,5.74,-1.08,-0.26,1.32
2018-08-03,300606,23.48,23.44,23.75,23.35,1884,4418847.0,1.68,-1.47,-0.35,0.57
2018-08-06,300606,23.66,22.36,23.68,22.35,3088,7130661.0,5.67,-4.61,-1.08,0.94
2018-08-07,300606,22.36,23.25,23.5,22.23,6050,13963447.0,5.68,3.98,0.89,1.84
2018-08-08,300606,21.8,20.93,22.0,20.93,11404,24191128.0,4.6,-9.98,-2.32,3.47
2018-08-09,300606,19.98,20.97,22.23,19.1,9166,18853628.0,14.95,0.19,0.04,2.79
2018-08-10,300606,20.84,20.76,21.0,20.51,3493,7242551.0,2.34,-1.0,-0.21,1.06
2018-08-13,300606,20.38,20.9,21.09,20.05,2170,4491249.0,5.01,0.67,0.14,0.66
2018-08-14,300606,21.27,20.97,21.29,20.71,2434,5080105.0,2.78,0.33,0.07,0.74
2018-08-15,300606,20.97,20.2,21.17,19.97,5352,10928629.0,5.72,-3.67,-0.77,1.63
2018-08-16,300606,20.14,20.85,21.16,19.6,7729,15949457.0,7.72,3.22,0.65,2.35
2018-08-17,300606,20.96,20.75,21.18,20.2,5737,11987721.0,4.7,-0.48,-0.1,1.74
2018-08-20,300606,20.74,20.75,20.86,20.19,2593,5342473.0,3.23,0.0,0.0,0.79
2018-08-21,300606,20.5,20.66,21.0,20.24,2122,4403446.0,3.66,-0.43,-0.09,0.65
2018-08-22,300606,20.6,20.5,20.93,20.35,1962,4031816.0,2.81,-0.77,-0.16,0.6
2018-08-23,300606,20.49,20.83,20.86,20.39,2671,5501142.0,2.29,1.61,0.33,0.81
2018-08-24,300606,21.13,20.45,21.13,20.18,3679,7518936.0,4.56,-1.82,-0.38,1.12
2018-08-27,300606,20.49,20.93,20.98,20.11,2479,5112712.0,4.25,2.35,0.48,0.75
2018-08-28,300606,20.7,20.86,20.97,20.53,1031,2139469.0,2.1,-0.33,-0.07,0.31
2018-08-29,300606,21.46,20.86,21.99,20.84,10293,21970383.0,5.51,0.0,0.0,3.13
2018-08-30,300606,20.68,19.76,20.86,19.71,7364,14828837.0,5.51,-5.27,-1.1,2.24
2018-08-31,300606,19.5,19.24,19.8,19.1,4211,8178881.0,3.54,-2.63,-0.52,1.28
2018-09-03,300606,19.3,18.1,19.3,17.44,7454,13456667.0,9.67,-5.93,-1.14,2.27
2018-09-04,300606,18.08,18.12,18.23,17.61,7033,12665209.0,3.43,0.11,0.02,2.14
2018-09-05,300606,18.07,18.03,18.3,17.85,5065,9175871.0,2.48,-0.5,-0.09,1.54
2018-09-06,300606,18.09,17.9,18.18,17.7,2209,3964025.0,2.66,-0.72,-0.13,0.67
2018-09-07,300606,17.98,17.91,18.38,17.53,8113,14626609.0,4.75,0.06,0.01,2.47
2018-09-10,300606,17.97,17.18,17.97,17.15,5306,9205272.0,4.58,-4.08,-0.73,1.61
2018-09-11,300606,17.24,17.42,17.49,17.1,10953,18850353.0,2.27,1.4,0.24,3.33
2018-09-12,300606,17.66,17.34,17.66,17.11,3632,6284881.0,3.16,-0.46,-0.08,1.1
2018-09-13,300606,17.37,17.67,17.73,17.16,5862,10206018.0,3.29,1.9,0.33,1.78
2018-09-14,300606,17.85,17.77,18.35,17.48,7103,12667953.0,4.92,0.57,0.1,2.16
2018-09-17,300606,17.8,17.43,17.8,17.15,2799,4869671.0,3.66,-1.91,-0.34,0.85
2018-09-18,300606,17.35,17.66,17.85,16.85,5555,9739622.0,5.74,1.32,0.23,1.69
2018-09-19,300606,17.73,17.75,18.15,17.6,9465,16790057.0,3.11,0.51,0.09,2.88
2018-09-20,300606,17.8,17.48,17.8,17.36,3684,6449575.0,2.48,-1.52,-0.27,1.12
2018-09-21,300606,17.57,17.48,17.57,17.1,6332,11018027.0,2.69,0.0,0.0,1.93
2018-09-25,300606,17.21,17.45,17.49,17.21,2060,3581545.0,1.6,-0.17,-0.03,0.63
2018-09-26,300606,17.5,17.42,17.53,17.31,3612,6298200.0,1.26,-0.17,-0.03,1.1
2018-09-27,300606,17.39,17.18,17.53,17.08,4514,7763747.0,2.58,-1.38,-0.24,1.37
2018-09-28,300606,16.01,17.06,17.2,16.01,6208,10396584.0,6.93,-0.7,-0.12,1.89
2018-10-08,300606,16.74,16.75,16.86,15.6,12651,20664660.0,7.39,-1.82,-0.31,3.85
2018-10-09,300606,16.27,16.35,16.49,16.13,3470,5663987.0,2.15,-2.39,-0.4,1.06
2018-10-10,300606,16.12,16.34,16.5,16.12,5772,9449211.0,2.32,-0.06,-0.01,1.76
2018-10-11,300606,15.9,15.0,16.34,14.81,7736,12083376.0,9.36,-8.2,-1.34,2.35
2018-10-12,300606,14.93,15.0,15.0,13.68,19388,27665476.0,8.8,0.0,0.0,5.9
2018-10-15,300606,14.5,14.44,14.8,14.35,9607,13945495.0,3.0,-3.73,-0.56,2.92
2018-10-16,300606,14.51,13.5,14.55,13.4,18876,26082744.0,7.96,-6.51,-0.94,5.74
2018-10-17,300606,13.66,13.85,13.85,13.22,25635,34670093.0,4.67,2.59,0.35,7.8
2018-10-18,300606,13.77,15.24,15.24,13.6,65159,97113051.0,11.84,10.04,1.39,19.82
2018-10-19,300606,14.7,15.26,15.4,14.24,57210,85278330.0,7.61,0.13,0.02,17.4
2018-10-22,300606,15.2,16.06,16.37,14.88,54049,84167582.0,9.76,5.24,0.8,16.44
2018-10-23,300606,15.72,15.54,15.92,15.4,29158,45519378.0,3.24,-3.24,-0.52,8.87
2018-10-24,300606,15.38,15.31,15.86,15.06,24697,38304125.0,5.15,-1.48,-0.23,7.51
2018-10-25,300606,14.7,14.98,15.22,14.5,20240,30026684.0,4.7,-2.16,-0.33,6.16
2018-10-26,300606,15.3,14.99,15.45,14.93,15316,23211135.0,3.47,0.07,0.01,4.66
2018-10-29,300606,15.04,15.05,15.35,14.94,13476,20375198.0,2.74,0.4,0.06,4.1
2018-10-30,300606,15.25,15.49,15.97,15.08,33969,53038433.0,5.91,2.92,0.44,10.33
2018-10-31,300606,15.25,15.7,15.9,15.25,31343,49052136.0,4.2,1.36,0.21,9.53
2018-11-01,300606,15.78,15.63,15.88,15.57,22841,35922258.0,1.97,-0.45,-0.07,6.95
2018-11-02,300606,15.82,16.2,16.35,15.62,30281,48423700.0,4.67,3.65,0.57,9.21
2018-11-05,300606,16.28,16.15,16.66,15.68,39431,63497559.0,6.05,-0.31,-0.05,11.99
2018-11-06,300606,15.91,15.84,15.91,15.52,17687,27763738.0,2.41,-1.92,-0.31,5.38
2018-11-07,300606,15.66,15.68,15.96,15.59,13220,20855231.0,2.34,-1.01,-0.16,4.02
2018-11-08,300606,15.79,15.93,16.17,15.7,22231,35427081.0,3.0,1.59,0.25,6.76
2018-11-09,300606,15.71,16.12,16.19,15.71,16195,25862514.0,3.01,1.19,0.19,4.93
2018-11-12,300606,16.1,16.77,16.77,15.97,28631,47162960.0,4.96,4.03,0.65,8.71
2018-11-13,300606,16.41,16.79,17.11,16.41,29954,50172087.0,4.17,0.12,0.02,9.22
2018-11-14,300606,16.7,16.62,17.07,16.57,19748,33234504.0,2.98,-1.01,-0.17,6.08
2018-11-15,300606,16.77,18.28,18.28,16.77,44042,77610040.0,9.09,9.99,1.66,13.56
2018-11-16,300606,20.0,20.11,20.11,19.23,101074,201442551.0,4.81,10.01,1.83,31.02
2018-11-19,300606,19.45,19.75,20.12,19.31,62487,123070256.0,4.03,-1.79,-0.36,19.18
2018-11-20,300606,19.29,19.3,20.38,19.27,59740,118280038.0,5.62,-2.28,-0.45,18.33
2018-11-21,300606,18.95,18.75,18.99,18.17,43268,80457817.0,4.25,-2.85,-0.55,13.28
2018-11-22,300606,19.05,18.73,19.18,18.32,29182,54533925.0,4.59,-0.11,-0.02,8.96
2018-11-23,300606,18.86,18.24,18.86,16.88,39997,71777515.0,10.57,-2.62,-0.49,12.27
2018-11-26,300606,17.9,20.06,20.06,17.72,70357,134706929.0,12.83,9.98,1.82,21.59
2018-11-27,300606,20.72,22.07,22.07,20.46,32394,69592500.0,8.03,10.02,2.01,9.94
2018-11-28,300606,23.13,24.28,24.28,20.58,87001,200105196.0,16.76,10.01,2.21,26.7
2018-11-29,300606,25.13,21.89,25.95,21.89,95154,223579001.0,16.72,-9.84,-2.39,29.2
2018-11-30,300606,21.11,20.28,21.59,19.87,79761,165324883.0,7.86,-7.35,-1.61,24.48
2018-12-03,300606,20.75,20.4,20.75,20.28,55852,114070342.0,2.32,0.59,0.12,17.14
2018-12-04,300606,20.28,19.72,20.4,19.6,45158,89571269.0,3.92,-3.33,-0.68,13.86
2018-12-05,300606,19.46,20.03,20.23,19.25,41974,83146055.0,4.97,1.57,0.31,12.88
2018-12-06,300606,19.75,18.86,19.89,18.66,35318,68128205.0,6.14,-5.84,-1.17,10.84
2018-12-07,300606,19.2,18.86,19.2,18.75,20406,38714259.0,2.39,0.0,0.0,6.26
2018-12-10,300606,18.83,18.29,18.85,18.05,17735,32634864.0,4.24,-3.02,-0.57,5.44
2018-12-11,300606,18.53,18.49,18.53,18.1,16261,29820012.0,2.35,1.09,0.2,4.99
2018-12-12,300606,18.49,19.09,19.54,18.35,36775,70259148.0,6.44,3.24,0.6,11.29
2018-12-13,300606,18.94,18.97,19.2,18.7,17540,33236788.0,2.62,-0.63,-0.12,5.38
2018-12-14,300606,18.75,17.96,18.95,17.83,18771,34520467.0,5.9,-5.32,-1.01,5.76
2018-12-17,300606,18.2,18.39,18.43,17.77,12379,22458109.0,3.67,2.39,0.43,3.8
2018-12-18,300606,18.44,18.26,18.54,18.08,8945,16352848.0,2.5,-0.71,-0.13,2.75
2018-12-19,300606,18.24,18.02,18.37,17.88,9069,16409232.0,2.68,-1.31,-0.24,2.78
2018-12-20,300606,17.86,18.33,18.39,17.86,10276,18713511.0,2.94,1.72,0.31,3.15
2018-12-21,300606,18.21,18.69,18.75,18.21,19346,36012874.0,2.95,1.96,0.36,5.94
2018-12-24,300606,18.68,18.89,19.07,18.37,15992,29963527.0,3.75,1.07,0.2,4.91
2018-12-25,300606,18.51,18.79,18.8,17.69,15629,28482873.0,5.88,-0.53,-0.1,4.8
2018-12-26,300606,18.72,18.39,18.74,18.28,11253,20789058.0,2.45,-2.13,-0.4,3.45
2018-12-27,300606,18.56,17.86,18.6,17.78,10095,18488319.0,4.46,-2.88,-0.53,3.1
2018-12-28,300606,17.6,18.07,18.38,17.6,8672,15727917.0,4.37,1.18,0.21,2.66
2019-01-02,300606,18.37,18.39,18.48,18.1,9382,17210912.0,2.1,1.77,0.32,2.82
2019-01-03,300606,18.49,18.5,19.2,18.39,17017,31938663.0,4.4,0.6,0.11,5.12
2019-01-04,300606,18.55,19.04,19.15,18.11,19344,36414608.0,5.62,2.92,0.54,5.82
2019-01-07,300606,19.15,19.29,19.45,18.91,18949,36272238.0,2.84,1.31,0.25,5.7
2019-01-08,300606,19.18,18.88,19.19,18.83,12704,24063664.0,1.87,-2.13,-0.41,3.82
2019-01-09,300606,19.07,18.64,19.14,18.62,15661,29569955.0,2.75,-1.27,-0.24,4.71
2019-01-10,300606,18.46,18.26,18.62,18.2,10138,18631058.0,2.25,-2.04,-0.38,3.05
2019-01-11,300606,18.23,18.9,18.94,18.21,14034,26140424.0,4.0,3.5,0.64,4.22
2019-01-14,300606,19.06,18.29,19.09,18.22,16327,30306895.0,4.6,-3.23,-0.61,4.91
2019-01-15,300606,18.35,18.75,18.8,17.95,13603,24931263.0,4.65,2.52,0.46,4.09
2019-01-16,300606,18.83,18.39,19.08,18.34,14943,27854383.0,3.95,-1.92,-0.36,4.5
2019-01-17,300606,18.49,18.17,18.51,17.72,15172,27463948.0,4.3,-1.2,-0.22,4.57
2019-01-18,300606,18.0,18.01,18.1,17.61,12417,22140280.0,2.7,-0.88,-0.16,3.74
2019-01-21,300606,18.51,17.3,18.78,17.0,36375,64664932.0,9.88,-3.94,-0.71,10.95
2019-01-22,300606,17.53,16.72,17.55,16.64,34862,58882277.0,5.26,-3.35,-0.58,10.49
2019-01-23,300606,16.47,16.84,16.91,16.47,20309,33960858.0,2.63,0.72,0.12,6.11
2019-01-24,300606,16.82,16.79,17.04,16.68,12611,21245817.0,2.14,-0.3,-0.05,3.8
2019-01-25,300606,16.84,16.6,16.85,16.6,9502,15890477.0,1.49,-1.13,-0.19,2.86
2019-01-28,300606,16.78,16.33,16.84,16.28,9393,15530447.0,3.37,-1.63,-0.27,2.83
2019-01-29,300606,16.45,15.84,16.47,15.12,11475,18145290.0,8.27,-3.0,-0.49,3.45
2019-01-30,300606,15.88,15.66,16.12,15.6,8282,13124854.0,3.28,-1.14,-0.18,2.49
2019-01-31,300606,15.87,15.4,15.89,15.24,7862,12255932.0,4.15,-1.66,-0.26,2.37
2019-02-01,300606,15.63,15.92,16.05,15.46,8881,14048626.0,3.83,3.38,0.52,2.67
2019-02-11,300606,15.97,16.35,16.42,15.92,11838,19213530.0,3.14,2.7,0.43,3.56
2019-02-12,300606,16.35,16.51,16.64,16.17,14996,24647207.0,2.87,0.98,0.16,4.51
2019-02-13,300606,16.52,16.67,16.72,16.37,18225,30225594.0,2.12,0.97,0.16,5.49
2019-02-14,300606,16.7,16.61,16.71,16.48,15345,25444918.0,1.38,-0.36,-0.06,4.62
2019-02-15,300606,16.63,18.27,18.27,16.61,56086,98577306.0,9.99,9.99,1.66,16.88
2019-02-18,300606,18.28,18.75,19.3,17.87,78363,145096107.0,7.83,2.63,0.48,23.59
2019-02-19,300606,18.48,18.45,18.6,17.9,49518,90751428.0,3.73,-1.6,-0.3,14.91
2019-02-20,300606,18.26,19.05,19.41,18.26,61552,116511468.0,6.23,3.25,0.6,18.53
2019-02-21,300606,18.89,18.89,19.09,18.67,38556,72559493.0,2.2,-0.84,-0.16,11.61
2019-02-22,300606,18.93,18.86,18.93,18.41,29824,55613526.0,2.75,-0.16,-0.03,8.98
2019-02-25,300606,18.97,19.58,19.7,18.78,53483,102778503.0,4.88,3.82,0.72,16.1
2019-02-26,300606,19.56,18.91,19.56,18.88,43522,83130478.0,3.47,-3.42,-0.67,13.1
2019-02-27,300606,18.88,18.68,19.16,18.42,25704,48341627.0,3.91,-1.22,-0.23,7.74
2019-02-28,300606,18.65,19.17,19.29,18.55,35200,67190274.0,3.96,2.62,0.49,10.6
2019-03-01,300606,19.36,19.4,20.19,19.2,42263,83045856.0,5.16,1.2,0.23,12.72
2019-03-04,300606,19.37,19.3,19.78,19.24,39385,76718806.0,2.78,-0.52,-0.1,11.86
2019-03-05,300606,19.21,19.68,19.77,19.16,29128,56616312.0,3.16,1.97,0.38,8.77
2019-03-06,300606,19.69,20.38,20.5,19.31,47971,95309659.0,6.05,3.56,0.7,14.44
2019-03-07,300606,20.2,20.26,20.48,19.74,40136,80871755.0,3.63,-0.59,-0.12,12.08
2019-03-08,300606,19.97,19.05,20.23,18.89,38020,74997966.0,6.61,-5.97,-1.21,11.45
2019-03-11,300606,19.1,20.1,20.2,19.1,30672,60373819.0,5.77,5.51,1.05,9.23
2019-03-12,300606,20.32,20.57,20.65,19.7,48764,98607322.0,4.73,2.34,0.47,14.68
2019-03-13,300606,20.51,19.85,20.51,19.71,27255,54577373.0,3.89,-3.5,-0.72,8.2
2019-03-14,300606,19.68,19.12,19.92,18.8,18289,35356216.0,5.64,-3.68,-0.73,5.51
2019-03-15,300606,19.27,19.3,19.63,19.1,15722,30476344.0,2.77,0.94,0.18,4.73
2019-03-18,300606,19.58,20.2,20.2,19.26,22765,45056237.0,4.87,4.66,0.9,6.85
2019-03-19,300606,20.09,20.05,20.29,19.93,16303,32713602.0,1.78,-0.74,-0.15,4.91
2019-03-20,300606,20.0,20.63,20.92,19.95,33635,68981532.0,4.84,2.89,0.58,10.13
2019-03-21,300606,20.63,20.44,20.69,20.22,22530,46099564.0,2.28,-0.92,-0.19,6.78
2019-03-22,300606,20.5,20.99,21.2,20.23,32601,67703252.0,4.75,2.69,0.55,9.81
2019-03-25,300606,20.48,21.56,21.8,20.38,34214,72564585.0,6.77,2.72,0.57,10.3
2019-03-26,300606,21.6,21.48,22.06,21.1,37790,81126100.0,4.45,-0.37,-0.08,11.38
2019-03-27,300606,21.49,21.64,21.64,20.31,30139,63800519.0,6.19,0.74,0.16,9.07
2019-03-28,300606,21.48,21.0,22.37,20.95,26378,57287643.0,6.56,-2.96,-0.64,7.94
2019-03-29,300606,20.92,21.45,21.59,20.5,21432,45469093.0,5.19,2.14,0.45,6.45
2019-04-01,300606,22.0,21.92,22.0,21.26,23462,50947120.0,3.45,2.19,0.47,7.06
2019-04-02,300606,21.9,21.87,22.2,21.57,19262,42017798.0,2.87,-0.23,-0.05,5.8
2019-04-03,300606,22.0,21.73,22.0,21.47,14768,32097881.0,2.42,-0.64,-0.14,4.45
2019-04-04,300606,21.75,21.21,22.0,21.14,22309,48060361.0,3.96,-2.39,-0.52,6.72
2019-04-08,300606,21.5,20.98,21.5,20.84,18207,38524163.0,3.11,-1.08,-0.23,5.48
2019-04-09,300606,21.0,20.99,21.32,20.76,13718,28864003.0,2.67,0.05,0.01,4.13
2019-04-10,300606,20.8,20.87,21.07,20.3,14985,31026837.0,3.67,-0.57,-0.12,4.51
2019-04-11,300606,21.0,20.57,21.13,20.5,11862,24754560.0,3.02,-1.44,-0.3,3.57
2019-04-12,300606,20.57,19.9,20.63,19.75,16415,32900418.0,4.28,-3.26,-0.67,4.94
2019-04-15,300606,20.02,19.68,20.41,19.6,13918,27973659.0,4.07,-1.11,-0.22,4.19
2019-04-16,300606,19.68,20.07,20.09,19.25,13572,26701890.0,4.27,1.98,0.39,4.09
2019-04-17,300606,20.1,20.03,20.38,19.98,15090,30426229.0,1.99,-0.2,-0.04,4.54
2019-04-18,300606,20.15,20.04,20.35,19.93,9376,18867492.0,2.1,0.05,0.01,2.82
2019-04-19,300606,20.04,20.14,20.27,19.81,10935,21880971.0,2.3,0.5,0.1,3.29
2019-04-22,300606,20.06,19.73,20.14,19.62,8252,16385615.0,2.58,-2.04,-0.41,2.48
2019-04-23,300606,19.81,19.15,19.81,18.85,12343,23755881.0,4.87,-2.94,-0.58,3.72
2019-04-24,300606,19.25,19.68,19.72,19.0,12219,23737405.0,3.76,2.77,0.53,3.68
2019-04-25,300606,19.28,18.57,19.48,18.55,24722,47176215.0,4.73,-5.64,-1.11,7.44
2019-04-26,300606,18.5,18.5,18.86,18.41,9778,18222085.0,2.42,-0.38,-0.07,2.94
2019-04-29,300606,18.67,17.27,18.67,17.2,11887,21303551.0,7.95,-6.65,-1.23,3.58
2019-04-30,300606,17.55,17.93,18.15,17.54,9334,16702339.0,3.53,3.82,0.66,2.81
2019-05-06,300606,17.45,16.21,17.78,16.14,13945,23396335.0,9.15,-9.59,-1.72,4.2
2019-05-07,300606,16.25,16.65,16.7,16.25,11985,19878381.0,2.78,2.71,0.44,3.61
2019-05-08,300606,16.53,16.82,17.13,16.3,8508,14328661.0,4.98,1.02,0.17,2.56
2019-05-09,300606,17.0,16.98,17.2,16.74,7843,13294799.0,2.73,0.95,0.16,2.36
2019-05-10,300606,17.01,17.3,17.35,16.52,12698,21725663.0,4.89,1.88,0.32,3.82
2019-05-13,300606,16.98,17.31,18.5,16.85,12721,22062761.0,9.54,0.06,0.01,3.83
2019-05-14,300606,17.05,17.12,17.44,16.95,7494,12914687.0,2.83,-1.1,-0.19,2.26
2019-05-15,300606,17.2,17.41,17.48,17.15,6992,12144943.0,1.93,1.69,0.29,2.1
2019-05-16,300606,17.57,17.75,17.92,17.4,9198,16232885.0,2.99,1.95,0.34,2.77
2019-05-17,300606,17.7,16.81,17.82,16.62,13260,22734483.0,6.76,-5.3,-0.94,3.99
2019-05-20,300606,16.44,17.0,17.03,16.37,7473,12484284.0,3.93,1.13,0.19,2.25
2019-05-21,300606,16.89,17.22,17.39,16.81,6868,11821637.0,3.41,1.29,0.22,2.07
2019-05-22,300606,17.36,17.0,17.42,16.9,5140,8822509.0,3.02,-1.28,-0.22,1.55
2019-05-23,300606,17.07,16.47,17.12,16.32,7213,11966310.0,4.71,-3.12,-0.53,2.17
2019-05-24,300606,16.47,16.49,16.66,16.33,5179,8538123.0,2.0,0.12,0.02,1.56
2019-05-27,300606,16.55,17.1,17.15,16.38,6466,10913322.0,4.67,3.7,0.61,1.95
2019-05-28,300606,17.17,17.26,17.4,17.05,8372,14469170.0,2.05,0.94,0.16,2.52
2019-05-29,300606,17.06,17.92,18.47,17.06,18680,33497702.0,8.17,3.82,0.66,5.62
2019-05-30,300606,17.82,17.95,18.18,17.39,14346,25445869.0,4.41,0.17,0.03,4.32
2019-05-31,300606,17.96,18.06,18.08,17.74,7483,13427269.0,1.89,0.61,0.11,2.25
2019-06-03,300606,18.19,17.67,18.19,17.4,7719,13673719.0,4.37,-2.16,-0.39,2.32
2019-06-04,300606,17.89,17.44,17.89,17.25,5243,9189368.0,3.62,-1.3,-0.23,1.58
2019-06-05,300606,17.62,17.81,17.99,17.6,6863,12213986.0,2.24,2.12,0.37,2.07
2019-06-06,300606,17.71,17.27,17.85,17.1,5506,9625819.0,4.21,-3.03,-0.54,1.66
2019-06-10,300606,17.37,17.7,17.79,16.7,5245,9241737.0,6.31,2.49,0.43,1.58
2019-06-11,300606,17.68,18.12,18.2,17.61,8402,15151122.0,3.33,2.37,0.42,2.53
2019-06-12,300606,18.03,18.11,18.39,17.98,8315,15092709.0,2.26,-0.06,-0.01,2.5
2019-06-13,300606,18.0,18.29,18.45,17.9,9188,16674560.0,3.04,0.99,0.18,2.77
2019-06-14,300606,18.2,17.07,18.35,16.91,17258,30108639.0,7.87,-6.67,-1.22,5.2
2019-06-17,300606,17.05,18.07,18.21,16.95,16081,28381666.0,7.38,5.86,1.0,4.84
2019-06-18,300606,18.07,17.9,18.2,17.53,11247,19930830.0,3.71,-0.94,-0.17,3.39
2019-06-19,300606,18.15,17.98,18.21,17.91,10460,18853095.0,1.68,0.45,0.08,3.15
2019-06-20,300606,18.08,17.92,18.08,17.67,10447,18623720.0,2.28,-0.33,-0.06,3.14
2019-06-21,300606,18.99,18.47,19.55,18.44,27982,52447352.0,6.19,3.07,0.55,8.42
2019-06-24,300606,18.48,18.3,18.65,18.07,18198,33084369.0,3.14,-0.92,-0.17,5.48
2019-06-25,300606,18.27,18.78,18.85,17.95,23701,43693002.0,4.92,2.62,0.48,7.13
2019-06-26,300606,18.65,19.05,19.55,18.59,22791,43312550.0,5.11,1.44,0.27,6.86
2019-06-27,300606,19.25,19.76,20.02,19.08,29705,57897216.0,4.93,3.73,0.71,8.94
2019-06-28,300606,19.84,20.24,20.55,19.6,36632,73388198.0,4.81,2.43,0.48,11.03
2019-07-01,300606,20.27,20.2,20.37,19.73,29428,58805908.0,3.16,-0.2,-0.04,7.58
2019-07-02,300606,19.78,19.56,20.09,19.46,22056,43240211.0,3.12,-3.17,-0.64,5.68
2019-07-03,300606,19.48,19.44,19.8,19.34,12633,24625971.0,2.35,-0.61,-0.12,3.25
2019-07-04,300606,19.47,19.8,20.03,19.34,17351,34021517.0,3.55,1.85,0.36,4.47
2019-07-05,300606,19.82,19.56,19.85,19.24,13477,26242547.0,3.08,-1.21,-0.24,3.47
2019-07-08,300606,19.12,18.04,19.12,17.75,26535,48197978.0,7.0,-7.77,-1.52,6.83
2019-07-09,300606,17.88,18.06,18.43,17.85,10653,19219046.0,3.22,0.11,0.02,2.74
2019-07-10,300606,18.05,18.02,18.39,17.89,9656,17459432.0,2.77,-0.22,-0.04,2.49
2019-07-11,300606,18.09,18.35,18.79,18.09,15358,28298622.0,3.88,1.83,0.33,3.95
2019-07-12,300606,18.6,18.44,18.6,18.13,10944,20027719.0,2.56,0.49,0.09,2.82
2019-07-15,300606,18.06,18.45,18.66,17.79,12069,21925459.0,4.72,0.05,0.01,3.11
2019-07-16,300606,18.27,18.3,18.43,18.13,8097,14742598.0,1.63,-0.81,-0.15,2.08
2019-07-17,300606,18.05,18.22,18.47,18.05,7635,13924235.0,2.3,-0.44,-0.08,1.97
2019-07-18,300606,18.15,17.74,18.17,17.65,9525,16938807.0,2.85,-2.63,-0.48,2.45
2019-07-19,300606,17.91,17.92,18.19,17.75,7859,14090763.0,2.48,1.01,0.18,2.02
2019-07-22,300606,17.94,17.12,18.03,16.2,8978,15532815.0,10.21,-4.46,-0.8,2.31
2019-07-23,300606,17.09,17.64,17.84,17.09,8625,15088213.0,4.38,3.04,0.52,2.22
2019-07-24,300606,17.92,18.04,18.18,17.57,8713,15652074.0,3.46,2.27,0.4,2.24
2019-07-25,300606,18.34,17.96,18.34,17.85,7016,12623080.0,2.72,-0.44,-0.08,1.81
2019-07-26,300606,17.85,17.98,18.05,17.67,5458,9743978.0,2.12,0.11,0.02,1.41
2019-07-29,300606,18.15,18.22,18.31,17.76,8874,16073666.0,3.06,1.33,0.24,2.28
2019-07-30,300606,18.5,18.23,18.5,17.95,7308,13338107.0,3.02,0.05,0.01,1.88
2019-07-31,300606,18.23,18.0,18.26,17.94,5377,9665761.0,1.76,-1.26,-0.23,1.38
2019-08-01,300606,17.97,18.03,18.15,17.75,5805,10395587.0,2.22,0.17,0.03,1.49
2019-08-02,300606,17.9,17.88,18.1,17.52,7140,12647708.0,3.22,-0.83,-0.15,1.84
2019-08-05,300606,17.86,17.76,18.07,17.61,5759,10215394.0,2.57,-0.67,-0.12,1.48
2019-08-06,300606,17.43,17.22,17.45,16.8,7890,13494234.0,3.66,-3.04,-0.54,2.03
2019-08-07,300606,17.6,17.07,17.65,17.06,4838,8345152.0,3.43,-0.87,-0.15,1.25
2019-08-08,300606,17.24,17.08,17.24,16.88,6819,11556295.0,2.11,0.06,0.01,1.76
2019-08-09,300606,17.14,16.79,17.2,16.6,6582,11062354.0,3.51,-1.7,-0.29,1.69
2019-08-12,300606,16.89,16.97,17.02,16.51,5857,9757613.0,3.04,1.07,0.18,1.51
2019-08-13,300606,16.77,16.81,17.19,16.65,6502,10912053.0,3.18,-0.94,-0.16,1.67
2019-08-14,300606,17.03,16.88,17.22,16.8,6498,11024048.0,2.5,0.42,0.07,1.67
2019-08-15,300606,16.57,17.0,17.03,16.53,5715,9531957.0,2.96,0.71,0.12,1.47
2019-08-16,300606,16.81,17.12,17.42,16.81,6570,11238699.0,3.59,0.71,0.12,1.69
2019-08-19,300606,17.15,17.58,17.66,17.05,9724,16837649.0,3.56,2.69,0.46,2.5
2019-08-20,300606,17.47,17.6,17.86,17.47,8021,14136873.0,2.22,0.11,0.02,2.07
2019-08-21,300606,17.62,17.64,17.7,17.43,4623,8098106.0,1.53,0.23,0.04,1.19
2019-08-22,300606,17.66,17.56,18.0,17.37,5779,10139362.0,3.57,-0.45,-0.08,1.49
2019-08-23,300606,17.65,17.27,17.65,17.19,5025,8690802.0,2.62,-1.65,-0.29,1.29
2019-08-26,300606,17.02,17.0,17.18,16.91,3880,6582992.0,1.56,-1.56,-0.27,1.0
2019-08-27,300606,17.07,17.47,17.52,17.07,7262,12594780.0,2.65,2.76,0.47,1.87
2019-08-28,300606,17.4,17.47,17.52,17.23,6305,10941994.0,1.66,0.0,0.0,1.62
2019-08-29,300606,17.38,17.34,17.55,17.24,5720,9912153.0,1.77,-0.74,-0.13,1.47
2019-08-30,300606,17.37,16.89,17.5,16.76,7245,12351500.0,4.27,-2.6,-0.45,1.87
2019-09-02,300606,16.87,17.35,17.45,16.85,8399,14422131.0,3.55,2.72,0.46,2.16
2019-09-03,300606,17.33,17.55,17.6,17.27,7979,13910418.0,1.9,1.15,0.2,2.05
2019-09-04,300606,17.81,17.61,17.81,17.45,7113,12485397.0,2.05,0.34,0.06,1.83
2019-09-05,300606,17.76,17.66,17.94,17.62,11265,20011679.0,1.82,0.28,0.05,2.9
2019-09-06,300606,17.7,17.7,17.93,17.53,8077,14272697.0,2.27,0.23,0.04,2.08
2019-09-09,300606,18.0,17.96,18.0,17.73,9668,17243079.0,1.53,1.47,0.26,2.49
2019-09-10,300606,17.96,17.91,17.99,17.76,8634,15370866.0,1.28,-0.28,-0.05,2.22
2019-09-11,300606,17.99,17.93,18.09,17.78,6863,12296782.0,1.73,0.11,0.02,1.77
2019-09-12,300606,17.86,18.02,18.04,17.83,9732,17415695.0,1.17,0.5,0.09,2.51
2019-09-16,300606,18.04,18.17,18.25,17.95,12376,22350958.0,1.66,0.83,0.15,3.19
2019-09-17,300606,18.16,17.63,18.22,17.47,10066,17825319.0,4.13,-2.97,-0.54,2.59
2019-09-18,300606,17.74,17.99,18.21,17.53,17595,31482574.0,3.86,2.04,0.36,4.53
2019-09-19,300606,18.04,18.75,19.57,17.83,28771,53265615.0,9.67,4.22,0.76,7.41
2019-09-20,300606,18.61,18.49,18.91,18.37,15540,28742572.0,2.88,-1.39,-0.26,4.0
2019-09-23,300606,18.78,18.89,19.2,18.27,42949,80659284.0,5.03,2.16,0.4,11.06
2019-09-24,300606,18.9,19.18,19.25,18.67,33207,63005907.0,3.07,1.54,0.29,8.55
2019-09-25,300606,19.17,18.66,19.31,18.66,23045,43628299.0,3.39,-2.71,-0.52,5.93
2019-09-26,300606,18.54,17.9,18.71,17.9,20020,36365263.0,4.34,-4.07,-0.76,5.15
2019-09-27,300606,17.91,18.68,18.73,17.7,17561,32061500.0,5.75,4.36,0.78,4.52
2019-09-30,300606,18.68,18.69,18.92,18.48,13144,24506403.0,2.36,0.05,0.01,3.38
2019-10-08,300606,18.59,18.85,19.2,18.27,17109,32304061.0,4.98,0.86,0.16,4.41
2019-10-09,300606,19.25,19.71,20.73,19.05,71571,143394133.0,8.91,4.56,0.86,18.43
2019-10-10,300606,19.38,19.47,19.67,18.85,54845,104910098.0,4.16,-1.22,-0.24,14.12
2019-10-11,300606,19.26,18.81,19.33,18.6,30673,58355687.0,3.75,-3.39,-0.66,7.9
2019-10-14,300606,18.91,19.3,19.32,18.87,28554,54344236.0,2.39,2.6,0.49,7.35
2019-10-15,300606,18.97,19.82,19.94,18.95,34660,67373044.0,5.13,2.69,0.52,8.92
2019-10-16,300606,19.65,19.82,19.99,19.4,20482,40208151.0,2.98,0.0,0.0,5.27
2019-10-17,300606,19.84,19.81,20.14,19.58,18474,36472914.0,2.83,-0.05,-0.01,4.76
2019-10-18,300606,19.82,19.33,19.96,19.13,16367,32013426.0,4.19,-2.42,-0.48,4.21
2019-10-21,300606,19.36,19.48,19.95,18.97,15628,30363202.0,5.07,0.78,0.15,4.02
2019-10-22,300606,19.35,19.7,19.73,19.1,14151,27566775.0,3.23,1.13,0.22,3.64
2019-10-23,300606,19.71,19.71,19.84,19.4,13855,27157141.0,2.23,0.05,0.01,3.57
2019-10-24,300606,19.58,20.05,20.14,19.51,24547,48721982.0,3.2,1.73,0.34,6.32
2019-10-25,300606,20.06,20.21,20.27,19.85,17588,35148898.0,2.09,0.8,0.16,4.53
2019-10-28,300606,20.2,20.34,20.73,19.95,23877,48374046.0,3.86,0.64,0.13,6.15
2019-10-29,300606,20.55,20.13,20.55,20.05,13392,27021266.0,2.46,-1.03,-0.21,3.45
2019-10-30,300606,19.9,18.72,20.13,18.55,28490,54570897.0,7.85,-7.0,-1.41,7.34
2019-10-31,300606,18.84,19.22,19.75,18.73,28947,56052811.0,5.45,2.67,0.5,7.45
2019-11-01,300606,19.08,19.89,20.07,18.74,21664,42429114.0,6.92,3.49,0.67,5.58
2019-11-04,300606,19.79,20.68,20.73,19.78,32802,66791163.0,4.78,3.97,0.79,8.45
2019-11-05,300606,20.73,20.64,20.89,20.2,26729,54740090.0,3.34,-0.19,-0.04,6.88
2019-11-06,300606,20.68,20.26,20.74,20.05,13744,27859926.0,3.34,-1.84,-0.38,3.54
2019-11-07,300606,20.56,20.71,21.6,20.17,28469,58941151.0,7.06,2.22,0.45,7.33
2019-11-08,300606,20.65,20.98,21.41,20.49,27206,56999675.0,4.44,1.3,0.27,7.0
2019-11-11,300606,20.71,20.59,21.23,20.13,25012,51448845.0,5.24,-1.86,-0.39,6.44
2019-11-12,300606,20.57,20.61,21.23,20.41,30145,62718363.0,3.98,0.1,0.02,7.76
2019-11-13,300606,20.8,21.35,21.5,20.46,41493,87618829.0,5.05,3.59,0.74,10.68
2019-11-14,300606,21.06,21.18,21.37,20.76,25319,53150820.0,2.86,-0.8,-0.17,6.52
2019-11-15,300606,20.76,20.45,21.34,20.45,17728,36816918.0,4.2,-3.45,-0.73,4.56
2019-11-18,300606,20.05,21.05,21.23,20.05,19380,40274391.0,5.77,2.93,0.6,4.99
2019-11-19,300606,21.17,21.2,21.55,20.88,21910,46308983.0,3.18,0.71,0.15,5.64
2019-11-20,300606,21.28,20.67,21.28,20.55,19636,40957584.0,3.44,-2.5,-0.53,5.06
2019-11-21,300606,20.49,20.81,21.0,20.49,10481,21754475.0,2.47,0.68,0.14,2.7
2019-11-22,300606,20.65,20.28,20.95,19.76,28364,57376730.0,5.72,-2.55,-0.53,7.3
2019-11-25,300606,20.72,19.51,20.72,19.41,14224,27974617.0,6.46,-3.8,-0.77,3.66
2019-11-26,300606,19.25,19.31,20.05,19.25,11578,22512322.0,4.1,-1.03,-0.2,2.98
2019-11-27,300606,19.46,18.81,19.53,18.75,14076,26575996.0,4.04,-2.59,-0.5,3.62
2019-11-28,300606,18.81,18.82,19.01,18.65,7456,13973904.0,1.91,0.05,0.01,1.92
2019-11-29,300606,18.82,18.92,18.92,18.61,8318,15583571.0,1.65,0.53,0.1,2.14
2019-12-02,300606,19.02,19.19,19.24,18.78,10565,20067675.0,2.43,1.43,0.27,2.72
2019-12-03,300606,19.21,19.45,19.46,19.16,12460,24035086.0,1.56,1.35,0.26,3.21
2019-12-04,300606,18.85,20.13,20.38,18.85,39910,79705880.0,7.87,3.5,0.68,10.28
2019-12-05,300606,20.22,20.93,21.0,20.1,28950,59231620.0,4.47,3.97,0.8,7.45
2019-12-06,300606,21.08,21.22,21.6,20.62,27013,56712422.0,4.68,1.39,0.29,6.95
2019-12-09,300606,21.25,21.81,22.04,21.05,31050,67196825.0,4.67,2.78,0.59,7.99
2019-12-10,300606,22.23,22.87,23.74,21.58,57881,130815431.0,9.9,4.86,1.06,14.9
2019-12-11,300606,22.93,22.75,23.14,21.74,69180,156331778.0,6.12,-0.52,-0.12,17.81
2019-12-12,300606,22.24,22.28,22.51,21.93,23908,53119347.0,2.55,-2.07,-0.47,6.16
2019-12-13,300606,22.33,21.43,22.33,21.43,29698,64519611.0,4.04,-3.82,-0.85,7.65
2019-12-16,300606,22.03,21.87,22.15,21.1,35871,77172588.0,4.9,2.05,0.44,9.24
2019-12-17,300606,21.6,22.14,22.38,21.17,31504,69448671.0,5.53,1.23,0.27,8.11
2019-12-18,300606,22.13,21.7,22.74,21.57,24343,53540699.0,5.28,-1.99,-0.44,6.27
2019-12-19,300606,22.27,21.95,22.3,21.56,18947,41344048.0,3.41,1.15,0.25,4.88
2019-12-20,300606,21.84,21.93,22.22,21.35,18473,40178763.0,3.96,-0.09,-0.02,4.76
2019-12-23,300606,21.9,21.11,21.99,20.97,19780,42044068.0,4.65,-3.74,-0.82,5.09
2019-12-24,300606,21.43,21.24,21.73,20.97,10036,21216658.0,3.6,0.62,0.13,2.58
2019-12-25,300606,21.24,21.49,21.49,21.06,12159,25801713.0,2.02,1.18,0.25,3.13
2019-12-26,300606,21.48,21.54,21.92,21.31,11816,25397887.0,2.84,0.23,0.05,3.04
2019-12-27,300606,21.75,21.06,21.75,20.88,17757,37586855.0,4.04,-2.23,-0.48,4.57
2019-12-30,300606,20.93,21.02,21.5,20.36,13219,27372410.0,5.41,-0.19,-0.04,3.4
2019-12-31,300606,21.02,21.09,21.31,20.78,8484,17871201.0,2.52,0.33,0.07,2.18
2020-01-02,300606,21.09,21.34,21.59,21.0,12766,27085579.0,2.8,1.19,0.25,3.29
2020-01-03,300606,21.4,22.75,23.04,21.19,39366,86389038.0,8.67,6.61,1.41,10.14
2020-01-06,300606,22.7,23.95,24.15,22.62,63721,148717883.0,6.73,5.27,1.2,16.41
2020-01-07,300606,23.66,23.78,24.05,23.58,28653,67942384.0,1.96,-0.71,-0.17,7.38
2020-01-08,300606,24.04,23.73,24.04,23.41,19614,46309917.0,2.65,-0.21,-0.05,5.05
2020-01-09,300606,23.73,24.27,24.5,23.61,36727,88431629.0,3.75,2.28,0.54,9.46
2020-01-10,300606,24.48,23.9,24.84,23.13,21878,51983707.0,7.05,-1.52,-0.37,5.63
2020-01-13,300606,24.13,24.75,24.85,23.72,26435,64483982.0,4.73,3.56,0.85,6.81
2020-01-14,300606,24.83,24.44,24.99,24.0,27491,67087816.0,4.0,-1.25,-0.31,7.08
2020-01-15,300606,24.23,23.78,24.45,23.53,21823,51818313.0,3.76,-2.7,-0.66,5.62
2020-01-16,300606,23.78,23.48,24.44,23.48,14410,34116815.0,4.04,-1.26,-0.3,3.71
2020-01-17,300606,23.7,23.75,24.14,23.17,22304,52600698.0,4.13,1.15,0.27,5.74
2020-01-20,300606,24.55,23.74,24.55,23.31,34193,81142115.0,5.22,-0.04,-0.01,8.8
2020-01-21,300606,23.41,23.08,23.83,22.94,18624,43240579.0,3.75,-2.78,-0.66,4.8
2020-01-22,300606,23.03,23.08,23.54,22.56,15525,35639286.0,4.25,0.0,0.0,4.0
2020-01-23,300606,22.83,23.28,23.47,22.33,19558,44289272.0,4.94,0.87,0.2,5.04
2020-02-03,300606,20.96,20.96,20.97,20.96,2317,4845044.0,0.04,-9.97,-2.32,0.6
2020-02-04,300606,18.87,21.39,23.05,18.87,43187,85536950.0,19.94,2.05,0.43,11.12
2020-02-05,300606,21.04,21.3,21.69,20.8,18026,38346370.0,4.16,-0.42,-0.09,4.64
2020-02-06,300606,21.37,21.3,21.6,20.91,20431,43356127.0,3.24,0.0,0.0,5.26
2020-02-07,300606,21.5,21.45,21.52,20.79,18595,39447417.0,3.43,0.7,0.15,4.67
2020-02-10,300606,21.4,22.48,22.83,21.15,25496,56046163.0,7.83,4.8,1.03,6.28
2020-02-11,300606,22.14,23.41,23.49,22.13,27111,61651920.0,6.05,4.14,0.93,6.68
2020-02-12,300606,23.13,23.54,24.0,23.13,22011,51751719.0,3.72,0.56,0.13,5.42
2020-02-13,300606,22.15,23.93,24.23,22.15,43929,103931309.0,8.84,1.66,0.39,10.83
2020-02-14,300606,23.71,23.46,23.85,22.93,22022,51253353.0,3.84,-1.96,-0.47,5.43
2020-02-17,300606,23.66,23.65,24.25,23.43,23891,56518759.0,3.5,0.81,0.19,5.89
2020-02-18,300606,23.54,24.3,24.41,23.54,22064,52914050.0,3.68,2.75,0.65,5.44
2020-02-19,300606,24.05,24.78,25.39,24.05,36268,89688490.0,5.51,1.98,0.48,8.94
2020-02-20,300606,24.06,27.12,27.25,24.06,40643,105872688.0,12.87,9.44,2.34,10.02
2020-02-21,300606,27.24,29.08,29.82,26.55,46959,133267782.0,12.06,7.23,1.96,11.57
2020-02-24,300606,28.73,29.25,29.93,28.1,30999,90123316.0,6.29,0.58,0.17,7.64
2020-02-25,300606,29.22,29.83,29.93,28.21,29362,85270080.0,5.88,1.98,0.58,7.24
2020-02-26,300606,29.33,30.85,32.38,29.33,37000,114328514.0,10.22,3.42,1.02,9.12
2020-02-27,300606,30.85,31.85,33.05,30.85,51181,162846113.0,7.13,3.24,1.0,12.61
2020-02-28,300606,31.85,30.6,32.33,30.35,39575,123180686.0,6.22,-3.92,-1.25,9.75
2020-03-02,300606,32.93,33.66,33.66,32.34,44886,149465511.0,4.31,10.0,3.06,11.06
2020-03-03,300606,37.02,37.02,37.02,35.85,38527,141854259.0,3.48,9.98,3.36,9.49
2020-03-04,300606,39.98,40.72,40.72,39.05,46940,189562396.0,4.51,9.99,3.7,11.57
2020-03-05,300606,42.02,43.15,44.35,38.93,95023,397938160.0,13.31,5.97,2.43,23.42
2020-03-06,300606,41.28,41.35,44.73,41.25,94948,406159952.0,8.06,-4.17,-1.8,23.4
2020-03-09,300606,42.23,37.22,42.55,37.22,128043,488814736.0,12.89,-9.99,-4.13,31.56
2020-03-10,300606,33.5,33.5,37.14,33.5,104031,354238304.0,9.78,-9.99,-3.72,25.64
2020-03-11,300606,33.75,31.54,33.75,31.05,91283,291196256.0,8.06,-5.85,-1.96,22.5
2020-03-12,300606,30.87,29.68,31.04,29.2,69625,207923557.0,5.83,-5.9,-1.86,17.16
2020-03-13,300606,29.05,31.65,32.64,27.71,111905,337998880.0,16.61,6.64,1.97,27.58
2020-03-16,300606,30.85,29.35,32.88,29.06,79799,249033445.0,12.07,-7.27,-2.3,19.67
2020-03-17,300606,29.4,28.33,30.03,26.42,87161,238168316.0,12.3,-3.48,-1.02,21.48
2020-03-18,300606,28.0,27.41,28.62,26.55,50633,139344166.0,7.31,-3.25,-0.92,12.48
2020-03-19,300606,27.2,28.41,29.04,25.8,69946,188704831.0,11.82,3.65,1.0,17.24
2020-03-20,300606,28.05,27.89,28.42,27.41,35413,98351626.0,3.56,-1.83,-0.52,8.73
2020-03-23,300606,27.42,25.65,27.42,25.43,27279,71969060.0,7.14,-8.03,-2.24,6.72
2020-03-24,300606,26.05,25.43,26.21,24.55,29469,74875649.0,6.47,-0.86,-0.22,7.26
2020-03-25,300606,25.93,26.41,26.73,25.57,45134,118099046.0,4.56,3.85,0.98,11.12
2020-03-26,300606,26.26,26.49,26.93,25.83,28871,75939786.0,4.17,0.3,0.08,7.12
2020-03-27,300606,26.65,26.28,26.85,26.23,25550,67661763.0,2.34,-0.79,-0.21,6.3
2020-03-30,300606,26.04,26.29,26.52,25.24,24138,62220780.0,4.87,0.04,0.01,5.95
2020-03-31,300606,26.72,28.6,28.88,26.37,80799,225645725.0,9.55,8.79,2.31,19.91
2020-04-01,300606,28.09,27.34,28.94,27.21,49952,139602662.0,6.05,-4.41,-1.26,12.31
2020-04-02,300606,27.55,27.32,27.65,25.72,43172,114583829.0,7.06,-0.07,-0.02,10.64
2020-04-03,300606,27.02,26.53,27.52,26.24,33048,88739530.0,4.69,-2.89,-0.79,8.14
2020-04-07,300606,27.01,27.38,27.73,26.67,34642,94520021.0,4.0,3.2,0.85,8.54
2020-04-08,300606,27.35,28.59,29.25,27.32,68968,196488226.0,7.05,4.42,1.21,17.0
2020-04-09,300606,28.05,26.63,28.05,26.05,79499,214053256.0,7.0,-6.86,-1.96,19.59
2020-04-10,300606,26.5,24.87,26.65,24.65,54943,138856679.0,7.51,-6.61,-1.76,13.54
2020-04-13,300606,24.55,25.15,25.55,23.63,52400,130409619.0,7.72,1.13,0.28,12.91
2020-04-14,300606,25.25,25.55,25.83,24.9,32897,83670788.0,3.7,1.59,0.4,8.11
2020-04-15,300606,25.5,25.45,26.16,25.25,40087,102952038.0,3.56,-0.39,-0.1,9.88
2020-04-16,300606,25.05,25.53,25.62,24.56,30398,76780890.0,4.17,0.31,0.08,7.49
2020-04-17,300606,25.57,24.93,25.83,24.93,26918,68073058.0,3.53,-2.35,-0.6,6.63
2020-04-20,300606,25.13,25.65,25.65,24.94,28476,72075303.0,2.85,2.89,0.72,7.02
2020-04-21,300606,25.33,25.3,25.7,24.94,22681,57293149.0,2.96,-1.36,-0.35,5.59
2020-04-22,300606,25.05,25.4,25.45,24.8,24804,62495008.0,2.57,0.4,0.1,4.62
2020-04-23,300606,25.3,25.12,25.6,24.85,24301,61225788.0,2.95,-1.1,-0.28,4.53
2020-04-24,300606,25.01,24.37,25.2,23.95,31861,77655263.0,4.98,-2.99,-0.75,5.94
2020-04-27,300606,23.22,24.11,25.32,23.22,46688,114977604.0,8.62,-1.07,-0.26,8.7
2020-04-28,300606,23.64,23.05,24.35,22.07,39953,92666204.0,9.46,-4.4,-1.06,7.45
2020-04-29,300606,23.1,22.58,23.34,22.55,20108,46019316.0,3.43,-2.04,-0.47,3.75
2020-04-30,300606,22.59,23.28,23.45,22.59,32756,75629149.0,3.81,3.1,0.7,6.11
2020-05-06,300606,23.35,24.49,24.65,22.85,48164,116027578.0,7.73,5.2,1.21,8.98
2020-05-07,300606,24.49,24.89,25.1,24.39,43412,107963732.0,2.9,1.63,0.4,8.09
2020-05-08,300606,24.76,25.94,26.03,24.67,46356,118369281.0,5.46,4.22,1.05,8.64
2020-05-11,300606,25.86,27.04,27.15,25.86,61620,163640014.0,4.97,4.24,1.1,11.49
2020-05-12,300606,26.97,27.24,27.45,26.61,48691,131901864.0,3.11,0.74,0.2,9.08
2020-05-13,300606,26.79,28.42,28.74,26.79,55958,156207806.0,7.16,4.33,1.18,10.43
2020-05-14,300606,28.36,28.06,29.0,27.84,64793,184188348.0,4.08,-1.27,-0.36,12.08
2020-05-15,300606,28.07,26.11,28.75,25.95,93947,257509472.0,9.98,-6.95,-1.95,17.52
2020-05-18,300606,26.56,25.23,28.02,25.05,95579,253571230.0,11.37,-3.37,-0.88,17.82
2020-05-19,300606,24.95,24.03,25.42,23.97,49738,121144256.0,5.75,-4.76,-1.2,9.27
2020-05-20,300606,23.97,24.09,24.25,23.43,37559,89375773.0,3.41,0.25,0.06,7.0
2020-05-21,300606,24.16,23.52,24.19,23.38,26866,63637333.0,3.36,-2.37,-0.57,5.01
2020-05-22,300606,23.41,23.45,23.65,22.53,39796,91916681.0,4.76,-0.3,-0.07,7.42
2020-05-25,300606,23.95,22.9,23.95,22.76,28083,64399496.0,5.07,-2.35,-0.55,5.24
2020-05-26,300606,22.9,23.05,23.37,22.89,25126,58047121.0,2.1,0.66,0.15,4.68
2020-05-27,300606,22.95,22.93,23.58,22.76,22213,51271362.0,3.56,-0.52,-0.12,4.14
2020-05-28,300606,22.72,22.73,22.94,22.33,19619,44369051.0,2.66,-0.87,-0.2,3.66
2020-05-29,300606,22.6,22.54,22.79,22.35,16665,37600486.0,1.94,-0.84,-0.19,3.11
2020-06-01,300606,22.61,23.0,23.15,22.55,23670,54267458.0,2.66,2.04,0.46,4.41
2020-06-02,300606,23.07,23.0,23.34,22.82,32405,74543814.0,2.26,0.0,0.0,6.04
2020-06-03,300606,23.02,23.09,23.37,22.96,51083,118051054.0,1.78,0.39,0.09,9.52
2020-06-04,300606,23.1,23.53,23.68,23.01,67538,158109220.0,2.9,1.91,0.44,12.59
2020-06-05,300606,23.56,23.64,24.2,23.21,68328,161524814.0,4.21,0.47,0.11,12.74
2020-06-08,300606,23.6,23.27,23.75,23.18,39521,92202816.0,2.41,-1.57,-0.37,7.37
2020-06-09,300606,23.41,22.88,23.46,22.71,39699,91078696.0,3.22,-1.68,-0.39,7.4
2020-06-10,300606,22.95,22.59,22.99,22.57,23076,52294709.0,1.84,-1.27,-0.29,4.3
2020-06-11,300606,22.72,22.23,22.72,22.07,28813,64200096.0,2.88,-1.59,-0.36,5.37
2020-06-12,300606,21.75,22.19,22.32,21.55,22864,50069117.0,3.46,-0.18,-0.04,4.26
2020-06-15,300606,21.86,22.34,22.52,21.86,25001,55540851.0,2.97,0.68,0.15,4.66
2020-06-16,300606,22.37,22.3,22.45,22.17,17713,39401380.0,1.25,-0.18,-0.04,3.3
2020-06-17,300606,22.44,22.4,22.85,22.25,28471,63859432.0,2.69,0.45,0.1,5.31
2020-06-18,300606,22.35,22.15,22.42,21.95,22027,48660040.0,2.1,-1.12,-0.25,4.11
2020-06-19,300606,22.08,21.98,22.29,21.85,24034,52890042.0,1.99,-0.77,-0.17,4.48
2020-06-22,300606,21.88,21.6,22.06,21.55,29094,63201031.0,2.32,-1.73,-0.38,5.42
2020-06-23,300606,21.54,21.09,21.67,21.07,26837,57069584.0,2.78,-2.36,-0.51,5.0
2020-06-24,300606,21.11,20.66,21.34,20.18,37583,77282338.0,5.5,-2.04,-0.43,7.01
2020-06-29,300606,20.55,20.39,20.66,20.24,15796,32149643.0,2.03,-1.31,-0.27,2.94
2020-06-30,300606,20.62,20.71,20.78,20.4,16052,33103749.0,1.86,1.57,0.32,2.99
2020-07-01,300606,20.91,21.11,21.46,20.82,25394,53584263.0,3.09,1.93,0.4,4.73
2020-07-02,300606,21.15,21.11,21.21,20.58,17318,36279174.0,2.98,0.0,0.0,3.23
2020-07-03,300606,21.19,21.29,21.38,20.95,20801,43926089.0,2.04,0.85,0.18,3.88
2020-07-06,300606,21.5,21.92,21.98,21.3,31215,67562005.0,3.19,2.96,0.63,5.82
2020-07-07,300606,22.07,22.26,22.82,21.96,57168,127850496.0,3.92,1.55,0.34,10.66
2020-07-08,300606,22.26,22.68,22.7,21.92,43829,97815618.0,3.5,1.89,0.42,8.17
2020-07-09,300606,22.85,23.38,23.63,22.56,57160,132422173.0,4.72,3.09,0.7,10.66
2020-07-10,300606,23.16,22.72,23.36,22.65,44323,101644099.0,3.04,-2.82,-0.66,8.26
2020-07-13,300606,22.87,23.61,23.68,22.73,42225,98352559.0,4.18,3.92,0.89,7.87
2020-07-14,300606,23.7,23.27,23.76,22.88,40543,93710155.0,3.73,-1.44,-0.34,7.56
2020-07-15,300606,23.5,22.66,23.68,22.59,33672,76889810.0,4.68,-2.62,-0.61,6.28
2020-07-16,300606,22.65,21.28,22.8,21.13,37946,83076194.0,7.37,-6.09,-1.38,7.07
2020-07-17,300606,21.39,21.06,21.58,20.81,22681,47632818.0,3.62,-1.03,-0.22,4.23
2020-07-20,300606,21.09,22.09,22.12,21.06,23912,51326975.0,5.03,4.89,1.03,4.46
2020-07-21,300606,22.23,22.12,22.31,21.93,16371,35954230.0,1.72,0.14,0.03,3.05
2020-07-22,300606,22.14,22.4,22.43,22.01,17474,38692049.0,1.9,1.27,0.28,3.26
2020-07-23,300606,22.28,22.04,22.28,21.31,22918,49800272.0,4.33,-1.61,-0.36,4.27
2020-07-24,300606,22.12,21.13,22.28,21.1,18826,40565256.0,5.35,-4.13,-0.91,3.51
2020-07-27,300606,21.13,20.66,21.33,20.44,15343,31589160.0,4.21,-2.22,-0.47,2.86
2020-07-28,300606,20.64,21.79,22.47,20.64,32392,70163970.0,8.86,5.47,1.13,6.04
2020-07-29,300606,21.34,21.85,21.91,20.95,23272,49650483.0,4.41,0.28,0.06,4.34
2020-07-30,300606,21.63,22.16,22.77,21.63,33917,75531430.0,5.22,1.42,0.31,6.32
2020-07-31,300606,22.13,22.26,22.54,22.03,26960,59723278.0,2.3,0.45,0.1,5.03
2020-08-03,300606,22.29,22.82,23.0,22.29,30174,68182173.0,3.19,2.52,0.56,5.63
2020-08-04,300606,22.82,22.37,22.9,22.2,29577,65972219.0,3.07,-1.97,-0.45,5.51
2020-08-05,300606,22.32,22.46,22.68,22.24,17542,39114677.0,1.97,0.4,0.09,3.27
2020-08-06,300606,22.49,22.22,22.61,21.93,18690,41254600.0,3.03,-1.07,-0.24,3.48
2020-08-07,300606,22.51,21.8,22.94,21.63,31599,70189519.0,5.9,-1.89,-0.42,5.89
2020-08-10,300606,21.32,21.81,22.08,21.24,21592,46659417.0,3.85,0.05,0.01,4.03
2020-08-11,300606,21.81,21.2,21.89,21.15,19278,41157132.0,3.39,-2.8,-0.61,3.59
2020-08-12,300606,21.23,20.93,21.24,20.47,19441,40022711.0,3.63,-1.27,-0.27,3.62
2020-08-13,300606,20.99,20.95,21.38,20.71,14192,29784986.0,3.2,0.1,0.02,2.65
2020-08-14,300606,20.96,21.22,21.26,20.78,12449,25987803.0,2.29,1.29,0.27,2.32
2020-08-17,300606,21.56,21.63,21.67,21.23,17644,37638473.0,2.07,1.93,0.41,3.29
2020-08-18,300606,21.56,21.5,21.86,21.42,16997,36532352.0,2.03,-0.6,-0.13,3.17
2020-08-19,300606,21.75,20.96,21.75,20.81,20071,42145970.0,4.37,-2.51,-0.54,3.74
2020-08-20,300606,20.68,20.83,21.05,20.58,13719,28364756.0,2.24,-0.62,-0.13,2.56
2020-08-21,300606,21.02,21.16,21.29,20.88,13784,28864790.0,1.97,1.58,0.33,2.57
2020-08-24,300606,20.95,20.82,21.23,19.85,31879,64717088.0,6.52,-1.61,-0.34,5.94
2020-08-25,300606,20.82,21.78,22.19,20.82,44265,95041826.0,6.58,4.61,0.96,8.25
2020-08-26,300606,21.77,21.5,22.32,21.37,35465,76974213.0,4.36,-1.29,-0.28,6.61
2020-08-27,300606,21.5,22.97,23.49,21.34,57192,128010027.0,10.0,6.84,1.47,10.66
2020-08-28,300606,24.25,23.52,25.01,23.25,105651,252594961.0,7.66,2.39,0.55,19.7
2020-08-31,300606,23.34,25.99,27.15,23.34,120028,305216894.0,16.2,10.5,2.47,22.38
2020-09-01,300606,25.43,27.06,27.78,25.13,113703,301516412.0,10.2,4.12,1.07,21.2
2020-09-02,300606,26.83,26.68,26.98,25.94,78371,206851061.0,3.84,-1.4,-0.38,14.61
2020-09-03,300606,26.63,25.47,26.63,25.21,66465,170367565.0,5.32,-4.54,-1.21,12.39
2020-09-04,300606,24.98,25.73,25.83,24.66,51749,130831874.0,4.59,1.02,0.26,9.65
2020-09-07,300606,25.46,26.72,27.73,25.46,77707,207461803.0,8.82,3.85,0.99,14.49
2020-09-08,300606,26.9,27.28,27.31,25.98,67704,180073594.0,4.98,2.1,0.56,12.62
2020-09-09,300606,26.98,25.73,27.21,25.63,62902,165697574.0,5.79,-5.68,-1.55,11.73
2020-09-10,300606,26.05,24.33,26.41,24.11,64034,160004783.0,8.94,-5.44,-1.4,11.94
2020-09-11,300606,24.33,29.17,29.17,24.15,146724,403081720.0,20.63,19.89,4.84,27.35
2020-09-14,300606,30.63,31.23,32.4,29.31,170397,525321542.0,10.59,7.06,2.06,31.77
2020-09-15,300606,31.25,29.24,31.62,28.64,118704,352533737.0,9.54,-6.37,-1.99,22.13
2020-09-16,300606,28.69,30.04,32.0,28.69,113483,343714257.0,11.32,2.74,0.8,21.16
2020-09-17,300606,29.13,29.63,31.33,28.33,89460,265646972.0,9.99,-1.36,-0.41,16.68
2020-09-18,300606,29.83,31.09,32.03,28.78,121109,368970816.0,10.97,4.93,1.46,22.58
2020-09-21,300606,30.54,30.04,31.08,29.19,78888,235982606.0,6.08,-3.38,-1.05,14.71
2020-09-22,300606,29.21,28.58,29.63,28.17,64249,185054839.0,4.86,-4.86,-1.46,11.98
2020-09-23,300606,28.79,30.55,31.81,28.03,109332,330393786.0,13.23,6.89,1.97,20.38
2020-09-24,300606,29.74,28.13,30.68,28.06,85779,246313298.0,8.58,-7.92,-2.42,15.99
2020-09-25,300606,28.2,27.2,28.78,27.12,62667,174135770.0,5.9,-3.31,-0.93,11.68
2020-09-28,300606,27.49,27.03,27.63,26.66,43864,118420491.0,3.57,-0.63,-0.17,8.18
2020-09-29,300606,27.16,27.04,27.5,26.91,32523,88106551.0,2.18,0.04,0.01,6.06
2020-09-30,300606,27.03,26.52,27.33,26.52,30566,81705343.0,3.0,-1.92,-0.52,5.7
2020-10-09,300606,26.97,27.46,27.63,26.97,38112,103590406.0,2.49,3.54,0.94,7.11
2020-10-12,300606,27.64,28.53,28.78,27.6,61098,171683732.0,4.3,3.9,1.07,11.39
2020-10-13,300606,28.29,28.23,28.41,27.73,47774,133374873.0,2.38,-1.05,-0.3,8.91
2020-10-14,300606,28.11,30.13,30.14,27.73,94746,274347192.0,8.54,6.73,1.9,17.66
2020-10-15,300606,29.63,29.97,30.9,28.86,71745,212505341.0,6.77,-0.53,-0.16,13.38
2020-10-16,300606,29.62,28.77,30.03,28.53,50776,147609680.0,5.01,-4.0,-1.2,9.47
2020-10-19,300606,28.72,28.64,29.4,28.15,35080,100719523.0,4.34,-0.45,-0.13,6.54
2020-10-20,300606,28.29,29.13,29.43,27.63,41967,120133890.0,6.28,1.71,0.49,7.82
2020-10-21,300606,29.14,31.96,34.21,28.92,136841,431443104.0,18.16,9.72,2.83,25.51
2020-10-22,300606,32.33,32.45,33.01,30.85,102403,325405312.0,6.76,1.53,0.49,19.09
2020-10-23,300606,32.12,30.76,32.12,30.71,71765,223780294.0,4.35,-5.21,-1.69,13.38
2020-10-26,300606,30.93,30.18,31.22,29.65,46524,140595564.0,5.1,-1.89,-0.58,8.67
2020-10-27,300606,29.75,29.85,30.71,29.21,36533,108847265.0,4.97,-1.09,-0.33,6.81
2020-10-28,300606,30.03,31.1,31.62,29.27,56617,173259500.0,7.87,4.19,1.25,10.56
2020-10-29,300606,30.33,31.25,31.5,29.81,49603,152033520.0,5.43,0.48,0.15,9.25
2020-10-30,300606,29.23,25.3,29.23,25.15,95972,255470569.0,13.06,-19.04,-5.95,17.89
2020-11-02,300606,24.96,24.86,25.44,24.2,52491,129432046.0,4.9,-1.74,-0.44,9.79
2020-11-03,300606,24.58,25.41,25.58,24.58,39966,100010494.0,4.02,2.21,0.55,7.45
2020-11-04,300606,25.59,25.12,25.91,24.91,31231,78413548.0,3.94,-1.14,-0.29,5.82
2020-11-05,300606,25.42,25.32,25.58,24.88,27333,68682488.0,2.79,0.8,0.2,5.1
2020-11-06,300606,25.38,24.53,25.47,24.23,33090,81031584.0,4.9,-3.12,-0.79,6.17
2020-11-09,300606,24.57,24.93,25.28,24.57,28003,69783972.0,2.89,1.63,0.4,5.22
2020-11-10,300606,25.17,24.45,25.18,24.27,24399,59786589.0,3.65,-1.93,-0.48,4.55
2020-11-11,300606,24.64,24.16,24.95,23.98,23457,56933180.0,3.97,-1.19,-0.29,4.37
2020-11-12,300606,24.18,23.64,24.3,23.51,21255,50430554.0,3.27,-2.15,-0.52,3.96
2020-11-13,300606,23.64,23.42,24.11,23.24,14220,33247159.0,3.68,-0.93,-0.22,2.65
2020-11-16,300606,23.52,23.14,23.71,23.03,18220,42111109.0,2.9,-1.2,-0.28,3.4
2020-11-17,300606,23.24,22.56,23.25,22.47,21292,47991468.0,3.37,-2.51,-0.58,3.97
2020-11-18,300606,22.63,23.03,23.23,22.53,24138,55029188.0,3.1,2.08,0.47,4.5
2020-11-19,300606,22.93,23.19,23.31,22.61,18918,43390798.0,3.04,0.69,0.16,3.53
2020-11-20,300606,23.26,23.31,23.31,22.95,16066,36967660.0,1.55,0.52,0.12,3.0
2020-11-23,300606,23.3,22.93,23.35,22.79,14448,32985998.0,2.4,-1.63,-0.38,2.69
2020-11-24,300606,23.23,23.89,24.5,23.1,45752,108992565.0,6.11,4.19,0.96,8.53
2020-11-25,300606,23.98,24.66,25.74,23.98,56145,139339343.0,7.37,3.22,0.77,10.47
2020-11-26,300606,24.43,23.92,24.82,23.63,31616,75605404.0,4.83,-3.0,-0.74,5.89
2020-11-27,300606,23.92,23.41,23.93,23.13,20795,48396914.0,3.34,-2.13,-0.51,3.88
2020-11-30,300606,23.4,23.0,23.62,22.97,18357,42394206.0,2.78,-1.75,-0.41,3.42
2020-12-01,300606,23.02,23.31,23.53,22.65,16175,37417529.0,3.83,1.35,0.31,3.02
2020-12-02,300606,23.32,23.11,23.48,22.95,16046,36934039.0,2.27,-0.86,-0.2,2.99
2020-12-03,300606,23.29,24.42,24.63,23.29,47458,113459270.0,5.8,5.67,1.31,8.85
2020-12-04,300606,24.14,23.92,24.2,23.65,23015,54684354.0,2.25,-2.05,-0.5,4.29
2020-12-07,300606,23.87,23.28,23.9,23.21,20201,47319672.0,2.88,-2.68,-0.64,3.77
2020-12-08,300606,23.29,23.38,23.44,23.03,13297,30728592.0,1.76,0.43,0.1,2.48
2020-12-09,300606,23.38,22.27,23.38,22.16,26613,59976584.0,5.22,-4.75,-1.11,4.96
2020-12-10,300606,22.28,22.24,22.45,21.95,11472,25398874.0,2.25,-0.13,-0.03,2.14
2020-12-11,300606,22.33,21.56,22.33,21.34,15571,33604263.0,4.45,-3.06,-0.68,2.9
2020-12-14,300606,21.71,21.84,22.31,21.71,11509,25119166.0,2.78,1.3,0.28,2.15
2020-12-15,300606,22.03,21.91,22.21,21.64,9914,21621469.0,2.61,0.32,0.07,1.85
2020-12-16,300606,22.33,21.03,22.33,21.01,14387,30704550.0,6.02,-4.02,-0.88,2.68
2020-12-17,300606,20.93,21.63,21.8,20.38,18705,39258518.0,6.75,2.85,0.6,3.49
2020-12-18,300606,21.6,21.14,21.88,21.04,12985,27567947.0,3.88,-2.27,-0.49,2.42
2020-12-21,300606,21.1,21.06,21.39,20.91,9850,20693415.0,2.27,-0.38,-0.08,1.84
2020-12-22,300606,21.03,21.19,21.82,20.93,20497,43524819.0,4.23,0.62,0.13,3.82
2020-12-23,300606,21.02,21.44,21.75,20.98,17170,36522618.0,3.63,1.18,0.25,3.2
2020-12-24,300606,21.43,20.31,21.44,20.19,22069,45163604.0,5.83,-5.27,-1.13,4.11
2020-12-25,300606,20.31,20.46,20.74,20.15,10253,20881601.0,2.9,0.74,0.15,1.91
2020-12-28,300606,20.76,19.48,20.76,19.29,23675,46362243.0,7.18,-4.79,-0.98,4.41
2020-12-29,300606,19.33,19.41,19.81,19.33,12884,25043556.0,2.46,-0.36,-0.07,2.4
2020-12-30,300606,19.63,19.61,20.24,19.41,11656,22879188.0,4.28,1.03,0.2,2.17
2020-12-31,300606,19.31,19.99,20.09,19.31,13301,26261724.0,3.98,1.94,0.38,2.48
2021-01-04,300606,19.99,20.53,20.64,19.82,20876,42241723.0,4.1,2.7,0.54,3.89
2021-01-05,300606,21.24,20.43,21.33,20.14,18673,38262772.0,5.8,-0.49,-0.1,3.48
2021-01-06,300606,20.24,19.8,20.43,19.66,17639,34898162.0,3.77,-3.08,-0.63,3.29
2021-01-07,300606,19.73,18.35,19.73,18.35,26147,49134914.0,6.97,-7.32,-1.45,4.87
2021-01-08,300606,18.64,18.29,18.85,17.93,18210,33234027.0,5.01,-0.33,-0.06,3.4
2021-01-11,300606,18.23,17.16,18.23,17.15,23542,40879768.0,5.9,-6.18,-1.13,4.39
2021-01-12,300606,17.18,17.61,18.46,17.18,29189,51753823.0,7.46,2.62,0.45,5.44
2021-01-13,300606,17.61,17.14,17.73,16.93,18131,30955736.0,4.54,-2.67,-0.47,3.38
2021-01-14,300606,17.15,17.31,17.47,16.76,14492,24733284.0,4.14,0.99,0.17,2.7
2021-01-15,300606,17.48,18.02,18.32,17.42,20396,36387193.0,5.2,4.1,0.71,3.8
2021-01-18,300606,17.81,18.38,18.48,17.79,16504,29955924.0,3.83,2.0,0.36,3.08
2021-01-19,300606,18.2,18.92,19.08,18.2,19559,36502648.0,4.79,2.94,0.54,3.65
2021-01-20,300606,18.74,18.97,19.37,18.69,20192,38214570.0,3.59,0.26,0.05,3.76
2021-01-21,300606,18.98,19.74,19.88,18.91,22056,42586488.0,5.11,4.06,0.77,4.11
2021-01-22,300606,19.54,19.3,19.97,19.22,18222,35305653.0,3.8,-2.23,-0.44,3.4
2021-01-25,300606,19.3,18.52,19.3,18.42,16767,31309810.0,4.56,-4.04,-0.78,3.13
2021-01-26,300606,18.53,18.64,19.38,18.53,12683,23713093.0,4.59,0.65,0.12,2.36
2021-01-27,300606,18.41,18.33,18.82,17.96,9344,17156968.0,4.61,-1.66,-0.31,1.74
2021-01-28,300606,18.33,18.33,18.8,17.95,10534,19225130.0,4.64,0.0,0.0,1.96
2021-01-29,300606,18.61,18.93,19.8,18.23,30121,56693791.0,8.57,3.27,0.6,5.62
2021-02-01,300606,18.56,18.02,18.7,17.8,20210,36238880.0,4.75,-4.81,-0.91,3.77
2021-02-02,300606,18.03,17.65,18.09,17.27,17044,29733552.0,4.55,-2.05,-0.37,3.18
2021-02-03,300606,17.65,17.49,17.9,17.39,11129,19427825.0,2.89,-0.91,-0.16,2.07
2021-02-04,300606,17.63,17.08,17.63,16.94,13338,22853978.0,3.95,-2.34,-0.41,2.49
2021-02-05,300606,17.12,16.86,17.58,16.83,9503,16169757.0,4.39,-1.29,-0.22,1.77
2021-02-08,300606,16.89,16.49,16.98,16.35,10597,17434430.0,3.74,-2.19,-0.37,1.98
2021-02-09,300606,16.63,17.14,17.17,16.13,11999,19851766.0,6.31,3.94,0.65,2.24
2021-02-10,300606,17.22,17.39,17.57,17.04,10558,18137428.0,3.09,1.46,0.25,1.97
2021-02-18,300606,17.87,18.18,18.21,17.47,13402,23905651.0,4.26,4.54,0.79,2.5
2021-02-19,300606,18.13,18.65,18.73,17.99,10347,18905399.0,4.07,2.59,0.47,1.93
2021-02-22,300606,18.91,19.29,19.86,18.74,22033,42500969.0,6.01,3.43,0.64,4.11
2021-02-23,300606,19.27,18.66,19.6,18.64,12396,23242297.0,4.98,-3.27,-0.63,2.31
2021-02-24,300606,18.63,18.82,19.28,18.63,10036,18884676.0,3.48,0.86,0.16,1.87
2021-02-25,300606,18.86,18.55,18.97,18.41,8289,15280421.0,2.98,-1.43,-0.27,1.55
2021-02-26,300606,18.46,18.68,18.95,18.16,8357,15491802.0,4.26,0.7,0.13,1.56
2021-03-01,300606,18.88,19.47,19.54,18.73,14784,28301770.0,4.34,4.23,0.79,2.76
2021-03-02,300606,19.57,19.38,19.82,19.23,9490,18346200.0,3.03,-0.46,-0.09,1.77
2021-03-03,300606,19.21,19.38,19.68,19.19,7728,14948012.0,2.53,0.0,0.0,1.44
2021-03-04,300606,19.73,19.69,20.43,19.48,30264,60310173.0,4.9,1.6,0.31,5.64
2021-03-05,300606,19.2,20.42,20.43,19.18,26179,52447720.0,6.35,3.71,0.73,4.88
2021-03-08,300606,20.44,19.86,20.53,19.85,18957,37998305.0,3.33,-2.74,-0.56,3.53
2021-03-09,300606,19.78,19.32,20.13,18.82,17097,33294509.0,6.6,-2.72,-0.54,3.19
2021-03-10,300606,19.49,19.26,19.82,19.13,9597,18368264.0,3.57,-0.31,-0.06,1.79
2021-03-11,300606,19.23,19.28,19.45,18.98,9512,18134081.0,2.44,0.1,0.02,1.77
2021-03-12,300606,19.26,19.48,19.74,18.88,10653,20465626.0,4.46,1.04,0.2,1.99
2021-03-15,300606,19.28,19.07,19.54,18.94,7261,13807229.0,3.08,-2.1,-0.41,1.35
2021-03-16,300606,19.1,19.71,19.73,19.09,9743,18907988.0,3.36,3.36,0.64,1.82
2021-03-17,300606,19.71,19.82,19.88,19.38,9000,17610480.0,2.54,0.56,0.11,1.68
2021-03-18,300606,19.73,19.82,20.24,19.73,9690,19189879.0,2.57,0.0,0.0,1.81
2021-03-19,300606,19.82,19.81,20.29,19.66,10083,20084633.0,3.18,-0.05,-0.01,1.88
2021-03-22,300606,20.01,19.96,20.08,19.61,6919,13610392.0,2.37,0.76,0.15,1.29
2021-03-23,300606,19.68,19.62,19.93,19.5,7700,15018385.0,2.15,-1.7,-0.34,1.44
2021-03-24,300606,19.51,19.16,19.73,19.15,5418,10432979.0,2.96,-2.34,-0.46,1.01
2021-03-25,300606,19.14,19.16,19.36,18.91,4310,8183029.0,2.35,0.0,0.0,0.8
2021-03-26,300606,19.15,19.58,19.58,18.95,6713,12849499.0,3.29,2.19,0.42,1.25
2021-03-29,300606,19.57,19.31,19.79,19.29,4935,9558933.0,2.55,-1.38,-0.27,0.92
2021-03-30,300606,19.31,18.58,19.31,18.56,8584,16076573.0,3.88,-3.78,-0.73,1.6
2021-03-31,300606,18.53,18.81,18.91,18.28,4997,9247173.0,3.39,1.24,0.23,0.93
2021-04-01,300606,18.83,18.77,18.88,18.51,4338,8076060.0,1.97,-0.21,-0.04,0.81
2021-04-02,300606,18.64,18.91,19.01,18.56,3904,7283129.0,2.4,0.75,0.14,0.73
2021-04-06,300606,18.83,19.76,19.81,18.64,10446,20240031.0,6.19,4.49,0.85,1.95
2021-04-07,300606,19.78,19.89,20.12,19.63,7421,14673455.0,2.48,0.66,0.13,1.38
2021-04-08,300606,19.93,19.83,20.17,19.73,7023,13912476.0,2.21,-0.3,-0.06,1.31
2021-04-09,300606,19.98,20.08,20.19,19.83,7314,14569710.0,1.82,1.26,0.25,1.36
2021-04-12,300606,20.09,19.89,20.39,19.77,9353,18697609.0,3.09,-0.95,-0.19,1.74
2021-04-13,300606,19.79,19.38,19.99,19.32,7672,14948251.0,3.37,-2.56,-0.51,1.43
2021-04-14,300606,19.28,19.52,19.55,19.27,5314,10257899.0,1.44,0.72,0.14,0.99
2021-04-15,300606,19.52,19.88,19.93,19.23,7607,14818417.0,3.59,1.84,0.36,1.42
2021-04-16,300606,19.88,20.27,20.53,19.79,13612,27460100.0,3.72,1.96,0.39,2.54
2021-04-19,300606,20.19,20.3,20.42,20.05,8314,16681280.0,1.83,0.15,0.03,1.55
2021-04-20,300606,20.08,20.37,20.79,20.08,9388,19160534.0,3.5,0.34,0.07,1.75
2021-04-21,300606,20.38,19.96,20.47,19.91,9108,18182196.0,2.75,-2.01,-0.41,1.7
2021-04-22,300606,20.08,19.92,20.28,19.75,5378,10669789.0,2.66,-0.2,-0.04,1.0
2021-04-23,300606,19.23,18.77,19.23,18.13,26843,49454935.0,5.52,-5.77,-1.15,5.0
2021-04-26,300606,18.77,18.36,18.77,18.35,7589,13928869.0,2.24,-2.18,-0.41,1.41
2021-04-27,300606,18.44,17.84,18.44,17.49,9761,17229159.0,5.17,-2.83,-0.52,1.82
2021-04-28,300606,17.84,18.27,18.43,17.84,8503,15354115.0,3.31,2.41,0.43,1.59
2021-04-29,300606,18.27,18.3,18.43,18.06,5340,9678250.0,2.03,0.16,0.03,1.0
2021-04-30,300606,18.29,17.79,18.29,17.5,8130,14371578.0,4.32,-2.79,-0.51,1.5
2021-05-06,300606,17.79,17.91,18.17,17.61,4302,7679101.0,3.15,0.67,0.12,0.79
2021-05-07,300606,17.91,17.63,18.01,17.63,3713,6542802.0,2.12,-1.56,-0.28,0.67
2021-05-10,300606,17.62,17.72,17.77,17.39,4972,8651856.0,2.16,0.51,0.09,0.9
2021-05-11,300606,17.69,17.59,17.69,17.28,4539,7861789.0,2.31,-0.73,-0.13,0.82
2021-05-12,300606,17.46,17.51,17.67,17.25,3730,6453868.0,2.39,-0.45,-0.08,0.67
2021-05-13,300606,17.49,17.52,17.79,17.38,3582,6256876.0,2.34,0.06,0.01,0.65
2021-05-14,300606,17.68,17.64,17.76,17.36,5689,9952331.0,2.28,0.68,0.12,1.02
2021-05-17,300606,17.64,17.49,17.78,17.43,4509,7843230.0,1.98,-0.85,-0.15,0.81
2021-05-18,300606,17.38,17.14,17.38,17.0,8869,15108417.0,2.17,-2.0,-0.35,1.6
2021-05-19,300606,17.41,17.01,17.41,16.89,8381,14201157.0,3.03,-0.76,-0.13,1.51
2021-05-20,300606,17.05,16.97,17.12,16.75,5048,8479887.0,2.18,-0.24,-0.04,0.91
2021-05-21,300606,17.48,18.41,20.13,17.48,42765,79724828.0,15.62,8.49,1.44,7.7
2021-05-24,300606,18.13,18.24,18.35,17.58,23540,42202261.0,4.18,-0.92,-0.17,4.24
2021-05-25,300606,18.13,17.84,18.13,17.63,16215,28662045.0,2.74,-2.19,-0.4,2.92
2021-05-26,300606,17.81,17.88,17.97,17.68,13381,23678459.0,1.63,0.22,0.04,2.41
2021-05-27,300606,17.83,17.82,18.08,17.8,9443,16807382.0,1.57,-0.34,-0.06,1.7
2021-05-28,300606,18.03,17.53,18.03,17.52,10006,17607868.0,2.86,-1.63,-0.29,1.8
2021-05-31,300606,17.53,17.66,17.72,17.26,7638,13298629.0,2.62,0.74,0.13,1.38
2021-06-01,300606,17.66,17.87,18.0,17.59,9044,16043437.0,2.32,1.19,0.21,1.63
2021-06-02,300606,17.84,17.61,17.84,17.56,7861,13807193.0,1.57,-1.45,-0.26,1.42
2021-06-03,300606,17.61,17.72,17.93,17.61,8090,14307459.0,1.82,0.62,0.11,1.46
2021-06-04,300606,17.76,17.77,17.94,17.64,6992,12325113.0,1.69,0.28,0.05,1.26
2021-06-07,300606,17.77,17.79,17.87,17.61,5914,10392187.0,1.46,0.11,0.02,1.07
2021-06-08,300606,18.35,17.98,18.71,17.92,17389,31538224.0,4.44,1.07,0.19,3.14
2021-06-09,300606,17.96,18.11,18.16,17.77,10632,19019170.0,2.17,0.72,0.13,1.92
2021-06-10,300606,18.11,18.14,18.19,17.89,7950,14262411.0,1.66,0.17,0.03,1.43
2021-06-11,300606,18.42,18.16,18.53,18.08,11084,19853077.0,2.48,0.11,0.02,2.0
2021-06-15,300606,18.07,18.44,18.53,17.88,12383,22157990.0,3.58,1.54,0.28,2.23
2021-06-16,300606,18.49,18.65,18.78,18.28,10270,18634487.0,2.71,1.14,0.21,1.85
2021-06-17,300606,18.71,18.51,18.71,18.26,8322,15020247.0,2.41,-0.75,-0.14,1.5
2021-06-18,300606,18.49,18.7,18.72,18.21,9460,17200960.0,2.76,1.03,0.19,1.71
2021-06-21,300606,18.81,19.14,19.19,18.71,11492,21360493.0,2.57,2.35,0.44,2.07
2021-06-22,300606,19.01,19.1,19.59,18.93,11461,21592511.0,3.45,-0.21,-0.04,2.07
2021-06-23,300606,19.11,19.57,19.59,18.94,13634,25899034.0,3.4,2.46,0.47,2.46
2021-06-24,300606,19.57,20.11,20.29,19.27,21910,42658765.0,5.21,2.76,0.54,3.95
2021-06-25,300606,20.11,19.11,20.5,19.09,28147,54389704.0,7.01,-4.97,-1.0,5.08
2021-06-28,300606,19.21,19.21,19.34,18.83,9304,17356895.0,2.67,0.52,0.1,1.68
2021-06-29,300606,19.03,18.62,19.16,18.54,8824,16170874.0,3.23,-3.07,-0.59,1.59
2021-06-30,300606,18.63,18.7,18.79,18.48,6684,12174945.0,1.66,0.43,0.08,1.21
2021-07-01,300606,18.7,18.37,18.81,18.31,5407,9776481.0,2.67,-1.76,-0.33,0.98
2021-07-02,300606,18.19,18.38,18.57,18.19,4133,7435724.0,2.07,0.05,0.01,0.75
2021-07-05,300606,18.38,18.93,18.95,18.38,8201,15059873.0,3.1,2.99,0.55,1.48
2021-07-06,300606,18.9,18.98,19.09,18.68,5012,9275359.0,2.17,0.26,0.05,0.9
2021-07-07,300606,18.95,18.88,19.21,18.73,6514,12066312.0,2.53,-0.53,-0.1,1.17
2021-07-08,300606,18.89,18.99,19.16,18.51,7377,13585705.0,3.44,0.58,0.11,1.33
2021-07-09,300606,18.62,19.19,19.27,18.61,7627,14205643.0,3.48,1.05,0.2,1.38
2021-07-12,300606,19.31,19.59,19.69,19.12,10266,19503445.0,2.97,2.08,0.4,1.85
2021-07-13,300606,19.71,19.37,19.71,19.24,9139,17364287.0,2.4,-1.12,-0.22,1.65
2021-07-14,300606,19.41,19.06,19.41,19.0,6808,12737082.0,2.12,-1.6,-0.31,1.23
2021-07-15,300606,19.05,18.7,19.06,18.43,7952,14494290.0,3.31,-1.89,-0.36,1.43
2021-07-16,300606,18.61,18.54,18.97,18.53,3724,6796215.0,2.35,-0.86,-0.16,0.67
2021-07-19,300606,18.55,18.38,18.6,17.98,4927,8775208.0,3.34,-0.86,-0.16,0.89
2021-07-20,300606,18.01,18.35,18.38,18.01,4615,8196836.0,2.01,-0.16,-0.03,0.83
2021-07-21,300606,18.21,18.57,18.63,18.06,6647,12021245.0,3.11,1.2,0.22,1.2
2021-07-22,300606,18.5,18.56,18.7,18.41,5072,9201071.0,1.56,-0.05,-0.01,0.91
2021-07-23,300606,18.54,17.86,18.55,17.77,11995,21151496.0,4.2,-3.77,-0.7,2.16
2021-07-26,300606,18.01,17.43,18.01,17.29,10030,17164608.0,4.03,-2.41,-0.43,1.81
2021-07-27,300606,17.43,17.32,17.63,17.23,6399,10904473.0,2.29,-0.63,-0.11,1.15
2021-07-28,300606,17.22,16.81,17.43,16.65,7089,11694596.0,4.5,-2.94,-0.51,1.28
2021-07-29,300606,16.81,17.23,17.33,16.81,3975,6669566.0,3.09,2.5,0.42,0.72
2021-07-30,300606,17.15,17.4,17.62,16.96,6283,10679103.0,3.83,0.99,0.17,1.13
2021-08-02,300606,17.45,17.81,17.89,17.33,5943,10242391.0,3.22,2.36,0.41,1.07
2021-08-03,300606,17.8,17.88,18.11,17.79,6060,10633882.0,1.8,0.39,0.07,1.09
2021-08-04,300606,17.98,18.04,18.22,17.92,6320,11151211.0,1.68,0.89,0.16,1.14
2021-08-05,300606,18.04,17.81,18.23,17.61,5626,9854424.0,3.44,-1.27,-0.23,1.01
2021-08-06,300606,17.81,17.7,18.13,17.48,5663,9814045.0,3.65,-0.62,-0.11,1.02
2021-08-09,300606,17.68,18.04,18.09,17.68,6010,10548359.0,2.32,1.92,0.34,1.08
2021-08-10,300606,18.05,18.45,18.67,18.0,10058,18116383.0,3.71,2.27,0.41,1.81
2021-08-11,300606,18.45,18.81,18.84,18.4,9570,17488953.0,2.38,1.95,0.36,1.73
2021-08-12,300606,18.81,18.71,18.85,18.45,7200,13133880.0,2.13,-0.53,-0.1,1.3
2021-08-13,300606,18.65,18.62,18.92,18.46,6002,10944112.0,2.46,-0.48,-0.09,1.08
2021-08-16,300606,18.62,18.68,19.09,18.49,9398,17289675.0,3.22,0.32,0.06,1.69
2021-08-17,300606,18.52,18.01,18.89,17.94,7382,13231272.0,5.09,-3.59,-0.67,1.33
2021-08-18,300606,18.01,18.59,18.87,18.01,11548,20931195.0,4.78,3.22,0.58,2.08
2021-08-19,300606,18.49,18.89,19.4,18.19,16337,30052681.0,6.51,1.61,0.3,2.95
2021-08-20,300606,18.87,19.21,19.91,18.36,30551,57213325.0,8.21,1.69,0.32,5.51
2021-08-23,300606,19.9,20.39,20.7,19.56,64926,128607981.0,5.93,6.14,1.18,11.71
2021-08-24,300606,20.21,21.32,21.91,19.83,99151,203054177.0,10.2,4.56,0.93,17.88
2021-08-25,300606,20.71,20.85,22.29,20.11,93635,195240420.0,10.23,-2.2,-0.47,16.88
2021-08-26,300606,20.5,23.45,23.96,20.13,139333,301004320.0,18.37,12.47,2.6,25.12
2021-08-27,300606,22.36,24.61,26.63,21.76,155737,371856656.0,20.77,4.95,1.16,28.08
2021-08-30,300606,23.41,24.98,26.39,23.34,137620,331585920.0,12.39,1.5,0.37,24.81
2021-08-31,300606,24.01,23.21,25.8,23.01,97361,232930887.0,11.17,-7.09,-1.77,17.55
2021-09-01,300606,23.96,22.26,24.37,21.98,91181,206288113.0,10.3,-4.09,-0.95,16.44
2021-09-02,300606,21.59,22.31,23.52,21.51,72797,161049815.0,9.03,0.22,0.05,13.13
2021-09-03,300606,22.15,21.78,23.24,21.21,75420,164988924.0,9.1,-2.38,-0.53,13.6
2021-09-06,300606,21.74,22.85,23.51,21.17,77516,169822430.0,10.74,4.91,1.07,13.98
2021-09-07,300606,22.82,22.47,23.36,22.12,49811,110156345.0,5.43,-1.66,-0.38,8.98
2021-09-08,300606,22.41,21.66,22.75,21.61,48894,105463898.0,5.07,-3.6,-0.81,8.82
2021-09-09,300606,21.54,22.0,22.01,21.42,38968,83210596.0,2.72,1.57,0.34,7.03
2021-09-10,300606,21.85,20.63,22.05,20.52,57135,117994735.0,6.95,-6.23,-1.37,10.3
2021-09-13,300606,20.63,20.92,21.2,20.47,32377,66165397.0,3.54,1.41,0.29,5.84
2021-09-14,300606,20.86,21.53,22.16,20.48,67446,140738790.0,8.03,2.92,0.61,12.16
2021-09-15,300606,21.16,20.94,21.75,20.62,45211,93120089.0,5.25,-2.74,-0.59,8.15
2021-09-16,300606,20.72,20.88,21.67,20.61,44812,92682465.0,5.06,-0.29,-0.06,8.08
2021-09-17,300606,20.7,19.54,20.77,19.49,47518,92714523.0,6.13,-6.42,-1.34,8.57
2021-09-22,300606,18.98,19.15,19.46,18.71,24881,46665647.0,3.84,-2.0,-0.39,4.49
2021-09-23,300606,19.17,19.77,20.0,19.17,28155,54506053.0,4.33,3.24,0.62,5.08
2021-09-24,300606,19.71,19.31,19.88,19.12,16779,31954369.0,3.84,-2.33,-0.46,3.03
2021-09-27,300606,19.31,18.5,19.36,18.28,21174,38600746.0,5.59,-4.19,-0.81,3.82
2021-09-28,300606,18.5,18.81,19.26,18.34,17899,33012908.0,4.97,1.68,0.31,3.23
2021-09-29,300606,18.4,18.03,18.81,18.03,16184,29086867.0,4.15,-4.15,-0.78,2.92
2021-09-30,300606,18.41,18.81,18.96,18.05,12324,22461545.0,5.05,4.33,0.78,2.22
2021-10-08,300606,19.14,19.37,19.42,18.82,17686,33340683.0,3.19,2.98,0.56,3.19
2021-10-11,300606,19.24,19.18,19.36,18.81,10068,18791459.0,2.84,-0.98,-0.19,1.82
2021-10-12,300606,19.19,18.75,19.31,18.56,10200,18782679.0,3.91,-2.24,-0.43,1.84
2021-10-13,300606,18.67,18.87,19.01,18.49,9205,16913219.0,2.77,0.64,0.12,1.66
2021-10-14,300606,18.92,20.41,20.41,18.65,49245,96002875.0,9.33,8.16,1.54,8.88
2021-10-15,300606,20.06,19.95,21.29,19.9,42260,84426812.0,6.81,-2.25,-0.46,7.62
2021-10-18,300606,20.11,20.76,21.6,20.11,49501,101368896.0,7.47,4.06,0.81,8.93
2021-10-19,300606,20.47,20.21,20.61,20.03,32910,65337722.0,2.79,-2.65,-0.55,5.93
2021-10-20,300606,20.05,20.23,20.42,19.75,25491,50388185.0,3.32,0.1,0.02,4.6
2021-10-21,300606,20.03,19.45,20.17,19.21,27389,52500148.0,4.75,-3.86,-0.78,4.94
2021-10-22,300606,19.76,19.34,19.91,19.09,18281,34636654.0,4.22,-0.57,-0.11,3.3
2021-10-25,300606,19.08,19.34,19.49,18.81,14883,27804547.0,3.52,0.0,0.0,2.68
2021-10-26,300606,19.15,19.54,20.11,19.15,20529,39590203.0,4.96,1.03,0.2,3.7
2021-10-27,300606,19.28,19.01,19.77,18.84,21664,40526976.0,4.76,-2.71,-0.53,3.91
2021-10-28,300606,18.64,18.55,19.02,18.54,14107,25876833.0,2.52,-2.42,-0.46,2.54
2021-10-29,300606,18.58,19.35,19.55,18.57,17767,33370969.0,5.28,4.31,0.8,3.2
2021-11-01,300606,19.6,19.31,19.6,18.99,15478,29105256.0,3.15,-0.21,-0.04,2.79
2021-11-02,300606,19.28,19.9,20.16,19.06,35463,68161365.0,5.7,3.06,0.59,6.39
2021-11-03,300606,19.67,20.11,20.35,19.55,30899,60225972.0,4.02,1.06,0.21,5.57
2021-11-04,300606,20.09,19.92,20.25,19.81,24243,47484440.0,2.19,-0.94,-0.19,4.37
2021-11-05,300606,19.86,19.78,20.21,19.56,23024,44736836.0,3.26,-0.7,-0.14,4.15
2021-11-08,300606,19.76,20.67,20.69,19.5,45204,89555491.0,6.02,4.5,0.89,8.15
2021-11-09,300606,20.41,20.46,20.49,20.2,29701,59243684.0,1.4,-1.02,-0.21,5.36
2021-11-10,300606,20.37,20.62,20.78,20.27,29664,59807370.0,2.49,0.78,0.16,5.35
2021-11-11,300606,20.51,20.56,21.11,20.49,30481,61936050.0,3.01,-0.29,-0.06,5.5
2021-11-12,300606,20.64,20.95,21.15,20.51,29546,60446336.0,3.11,1.9,0.39,5.33
2021-11-15,300606,20.92,20.73,20.92,20.52,21881,44428938.0,1.91,-1.05,-0.22,3.95
2021-11-16,300606,20.73,20.38,21.15,20.32,17289,35032461.0,4.0,-1.69,-0.35,3.12
2021-11-17,300606,20.38,21.7,21.82,20.36,54779,114329450.0,7.16,6.48,1.32,9.88
2021-11-18,300606,21.88,21.35,22.06,21.28,38485,81361444.0,3.59,-1.61,-0.35,6.94
2021-11-19,300606,21.32,21.44,21.72,20.9,36288,76050642.0,3.84,0.42,0.09,6.54
2021-11-22,300606,21.42,21.14,21.61,20.71,28339,58521848.0,4.2,-1.4,-0.3,5.11
2021-11-23,300606,21.06,21.08,21.33,20.72,21613,44455163.0,2.89,-0.28,-0.06,3.9
2021-11-24,300606,21.01,21.16,21.26,20.64,19904,40927452.0,2.94,0.38,0.08,3.59
2021-11-25,300606,21.04,20.96,21.46,20.86,22228,46084658.0,2.84,-0.95,-0.2,4.01
2021-11-26,300606,20.89,20.74,21.22,20.72,17098,35053166.0,2.39,-1.05,-0.22,3.08
2021-11-29,300606,20.41,20.35,20.49,19.92,22469,44565887.0,2.75,-1.88,-0.39,4.05
2021-11-30,300606,20.35,20.46,20.96,20.31,18246,36988558.0,3.19,0.54,0.11,3.29
2021-12-01,300606,20.47,21.41,21.44,20.47,41314,85991310.0,4.74,4.64,0.95,7.45
2021-12-02,300606,21.2,21.11,21.5,20.93,20688,42870244.0,2.66,-1.4,-0.3,3.73
2021-12-03,300606,21.11,20.87,21.31,20.52,16624,34033038.0,3.74,-1.14,-0.24,3.0
2021-12-06,300606,20.9,19.86,20.97,19.84,26222,51811801.0,5.41,-4.84,-1.01,4.73
2021-12-07,300606,19.86,19.49,20.06,19.38,13969,26772437.0,3.42,-1.86,-0.37,2.52
2021-12-08,300606,19.51,19.91,19.91,19.44,11919,23007065.0,2.41,2.15,0.42,2.15
2021-12-09,300606,19.88,19.96,20.05,19.72,9696,18860909.0,1.66,0.25,0.05,1.75
2021-12-10,300606,19.96,20.07,20.16,19.72,8278,16221135.0,2.2,0.55,0.11,1.49
2021-12-13,300606,19.97,19.92,20.13,19.83,10036,19594550.0,1.49,-0.75,-0.15,1.81
2021-12-14,300606,19.92,20.11,20.14,19.72,10150,19829189.0,2.11,0.95,0.19,1.83
2021-12-15,300606,20.08,20.18,20.28,19.93,10154,20022753.0,1.74,0.35,0.07,1.83
2021-12-16,300606,20.2,20.86,21.03,20.13,29533,60099437.0,4.46,3.37,0.68,5.32
2021-12-17,300606,20.82,20.54,21.05,20.42,14406,29159265.0,3.02,-1.53,-0.32,2.6
2021-12-20,300606,20.44,19.91,20.61,19.81,16631,32775038.0,3.89,-3.07,-0.63,3.0
2021-12-21,300606,19.95,20.03,20.19,19.71,10583,20725985.0,2.41,0.6,0.12,1.91
2021-12-22,300606,19.87,20.01,20.21,19.87,9309,18271955.0,1.7,-0.1,-0.02,1.68
2021-12-23,300606,19.96,19.48,20.1,19.39,18192,34831884.0,3.55,-2.65,-0.53,3.28
2021-12-24,300606,19.46,19.02,19.64,18.83,18644,34760021.0,4.16,-2.36,-0.46,3.36
2021-12-27,300606,18.99,19.07,19.18,18.72,8705,16177078.0,2.42,0.26,0.05,1.57
2021-12-28,300606,19.08,19.46,19.82,19.01,16992,32320289.0,4.25,2.05,0.39,3.06
2021-12-29,300606,19.4,19.41,19.66,19.18,10787,20516047.0,2.47,-0.26,-0.05,1.94
2021-12-30,300606,19.24,19.4,19.67,19.24,10017,19136425.0,2.22,-0.05,-0.01,1.81
2021-12-31,300606,19.42,19.33,19.67,19.3,7739,14704690.0,1.91,-0.36,-0.07,1.61
2022-01-04,300606,19.43,19.7,19.81,19.24,15173,29166521.0,2.95,1.91,0.37,3.16
2022-01-05,300606,19.76,19.48,19.76,19.37,10940,20888896.0,1.98,-1.12,-0.22,2.28
2022-01-06,300606,19.43,19.62,19.8,19.31,7441,14325345.0,2.52,0.72,0.14,1.55
2022-01-07,300606,19.62,19.22,19.84,19.22,10917,20806996.0,3.16,-2.04,-0.4,2.28
2022-01-10,300606,19.16,19.47,19.56,18.99,7213,13693860.0,2.97,1.3,0.25,1.5
2022-01-11,300606,19.56,19.64,20.08,19.49,10503,20352707.0,3.03,0.87,0.17,2.19
2022-01-12,300606,19.51,20.09,20.37,19.42,15156,29764058.0,4.84,2.29,0.45,3.16
2022-01-13,300606,20.08,19.89,20.22,19.85,12338,24119742.0,1.84,-1.0,-0.2,2.57
2022-01-14,300606,19.81,19.61,20.19,19.57,12938,25241033.0,3.12,-1.41,-0.28,2.7
2022-01-17,300606,19.93,19.96,20.08,19.63,12202,23842990.0,2.29,1.78,0.35,2.54
2022-01-18,300606,20.06,19.11,20.07,19.01,21152,40285666.0,5.31,-4.26,-0.85,4.41
2022-01-19,300606,19.08,19.56,19.6,19.06,15861,30210170.0,2.83,2.35,0.45,3.31
2022-01-20,300606,19.55,18.46,19.55,18.46,25308,46463063.0,5.57,-5.62,-1.1,5.27
2022-01-21,300606,18.46,18.51,18.71,18.26,17227,31038368.0,2.44,0.27,0.05,3.59
2022-01-24,300606,18.52,18.16,18.52,18.11,7972,14229827.0,2.22,-1.89,-0.35,1.66
2022-01-25,300606,18.15,17.34,18.27,17.32,11853,20382052.0,5.23,-4.52,-0.82,2.47
2022-01-26,300606,17.39,17.77,17.91,17.34,11256,19394093.0,3.29,2.48,0.43,2.35
2022-01-27,300606,17.96,17.12,17.96,17.07,10627,17897929.0,5.01,-3.66,-0.65,2.21
2022-01-28,300606,17.13,17.56,17.71,17.08,8684,14829180.0,3.68,2.57,0.44,1.81
2022-02-07,300606,17.81,17.94,18.13,17.62,13085,22871542.0,2.9,2.16,0.38,2.73
2022-02-08,300606,17.76,18.15,18.19,17.76,8941,15767542.0,2.4,1.17,0.21,1.86
2022-02-09,300606,18.11,18.3,18.36,18.03,7652,13608244.0,1.82,0.83,0.15,1.59
2022-02-10,300606,18.16,18.19,18.37,17.97,8782,15517142.0,2.19,-0.6,-0.11,1.83
2022-02-11,300606,18.05,17.8,18.19,17.7,8971,15653835.0,2.69,-2.14,-0.39,1.87
2022-02-14,300606,17.7,17.91,18.06,17.56,8254,14428876.0,2.81,0.62,0.11,1.72
2022-02-15,300606,17.84,17.68,18.06,17.57,7414,12837310.0,2.74,-1.28,-0.23,1.55
2022-02-16,300606,18.02,18.23,18.39,17.71,14438,25634584.0,3.85,3.11,0.55,3.01
2022-02-17,300606,18.15,18.09,18.45,17.95,10969,19497258.0,2.74,-0.77,-0.14,2.29
2022-02-18,300606,18.09,18.25,18.25,17.8,7192,12700621.0,2.49,0.88,0.16,1.5
2022-02-21,300606,18.18,18.45,18.58,18.13,9373,16843605.0,2.47,1.1,0.2,1.95
2022-02-22,300606,18.38,18.13,18.46,18.08,10536,18768926.0,2.06,-1.73,-0.32,2.2
2022-02-23,300606,18.13,18.45,18.48,18.13,8621,15484356.0,1.93,1.77,0.32,1.8
2022-02-24,300606,18.38,18.11,18.79,17.84,16192,29100233.0,5.15,-1.84,-0.34,3.37
2022-02-25,300606,18.17,18.28,18.68,18.16,10438,18762040.0,2.87,0.94,0.17,2.18
2022-02-28,300606,18.17,18.05,18.37,17.73,9767,17118688.0,3.5,-1.26,-0.23,2.04
2022-03-01,300606,18.21,18.36,18.48,18.16,10383,18585148.0,1.77,1.72,0.31,2.16
2022-03-02,300606,18.36,18.36,18.49,18.2,6976,12536371.0,1.58,0.0,0.0,1.45
2022-03-03,300606,18.38,18.45,18.53,18.24,8299,14915787.0,1.58,0.49,0.09,1.73
2022-03-04,300606,18.36,18.28,18.56,18.12,7120,12735581.0,2.38,-0.92,-0.17,1.48
2022-03-07,300606,18.31,18.06,18.39,17.41,9176,16256892.0,5.36,-1.2,-0.22,1.91
2022-03-08,300606,18.1,17.61,18.23,17.6,10072,17599716.0,3.49,-2.49,-0.45,2.1
2022-03-09,300606,17.84,17.18,17.89,16.49,12111,20393317.0,7.95,-2.44,-0.43,2.52
2022-03-10,300606,17.41,17.56,17.79,17.33,9425,16194697.0,2.68,2.21,0.38,1.96
2022-03-11,300606,17.36,17.69,17.76,16.91,7424,12559779.0,4.84,0.74,0.13,1.55
2022-03-14,300606,17.7,17.11,17.7,17.07,6754,11417120.0,3.56,-3.28,-0.58,1.41
2022-03-15,300606,16.99,16.31,17.19,16.31,10303,16860607.0,5.14,-4.68,-0.8,2.15
2022-03-16,300606,16.55,16.77,16.87,16.15,8571,13874591.0,4.41,2.82,0.46,1.79
2022-03-17,300606,17.1,16.95,17.21,16.86,8862,14769843.0,2.09,1.07,0.18,1.85
2022-03-18,300606,16.95,17.25,17.33,16.88,6085,10197702.0,2.65,1.77,0.3,1.27
2022-03-21,300606,17.23,17.31,17.44,17.14,6488,10955754.0,1.74,0.35,0.06,1.35
2022-03-22,300606,17.25,17.36,17.45,17.14,5150,8695194.0,1.79,0.29,0.05,1.07
2022-03-23,300606,17.36,17.51,17.59,17.27,6754,11530901.0,1.84,0.86,0.15,1.41
2022-03-24,300606,17.5,17.22,17.62,17.07,9835,16580621.0,3.14,-1.66,-0.29,2.05
2022-03-25,300606,17.23,17.21,17.5,17.15,5954,10083592.0,2.03,-0.06,-0.01,1.24
2022-03-28,300606,17.21,17.11,17.34,16.88,5497,9168865.0,2.67,-0.58,-0.1,1.15
2022-03-29,300606,17.13,16.7,17.19,16.61,9509,15569592.0,3.39,-2.4,-0.41,1.98
2022-03-30,300606,16.78,16.85,16.91,16.64,6953,11418001.0,1.62,0.9,0.15,1.45
2022-03-31,300606,16.82,16.93,17.09,16.73,7399,12224730.0,2.14,0.47,0.08,1.54
2022-04-01,300606,16.94,16.64,16.95,16.61,8930,14579202.0,2.01,-1.71,-0.29,1.86
2022-04-06,300606,16.64,16.89,17.03,16.6,7681,12677060.0,2.58,1.5,0.25,1.6
2022-04-07,300606,16.88,16.5,16.95,16.43,7089,11508393.0,3.08,-2.31,-0.39,1.48
2022-04-08,300606,16.53,16.32,16.7,16.24,6997,11171252.0,2.79,-1.09,-0.18,1.46
2022-04-11,300606,16.41,15.76,16.41,15.61,7298,11365398.0,4.9,-3.43,-0.56,1.52
2022-04-12,300606,15.88,16.34,16.37,15.65,7142,11189753.0,4.57,3.68,0.58,1.49
2022-04-13,300606,16.34,16.25,16.9,16.01,9245,14838106.0,5.45,-0.55,-0.09,1.93
2022-04-14,300606,16.17,16.17,16.47,16.11,5159,8180204.0,2.22,-0.49,-0.08,1.08
2022-04-15,300606,16.1,15.71,16.11,15.62,5769,8892796.0,3.03,-2.84,-0.46,1.2
2022-04-18,300606,15.62,15.94,15.98,15.27,3889,5944453.0,4.52,1.46,0.23,0.81
2022-04-19,300606,15.95,16.13,16.16,15.72,3799,5946176.0,2.76,1.19,0.19,0.79
2022-04-20,300606,16.2,16.15,16.41,15.92,4879,7717903.0,3.04,0.12,0.02,1.02
2022-04-21,300606,17.72,16.66,17.89,16.46,31604,52336903.0,8.85,3.16,0.51,6.59
2022-04-22,300606,16.35,16.96,17.33,16.35,30881,51157742.0,5.88,1.8,0.3,6.44
2022-04-25,300606,16.84,16.19,17.1,16.19,20812,33772189.0,5.37,-4.54,-0.77,4.34
2022-04-26,300606,16.33,15.94,16.91,15.94,20935,33757382.0,5.99,-1.54,-0.25,4.36
2022-04-27,300606,15.84,16.01,16.31,15.14,23962,36681016.0,7.34,0.44,0.07,4.99
2022-04-28,300606,16.01,15.51,16.29,15.43,15476,23840073.0,5.37,-3.12,-0.5,3.23
2022-04-29,300606,15.51,16.46,16.54,15.41,16246,25396352.0,7.29,6.13,0.95,3.31
2022-05-05,300606,16.39,16.69,16.84,16.26,11407,18455596.0,3.52,1.4,0.23,2.32
2022-05-06,300606,16.46,16.57,16.76,16.34,8083,13064491.0,2.52,-0.72,-0.12,1.65
2022-05-09,300606,16.46,16.81,16.95,16.46,9217,15085257.0,2.96,1.45,0.24,1.88
2022-05-10,300606,16.68,17.01,17.06,16.6,11600,19173598.0,2.74,1.19,0.2,2.36
2022-05-11,300606,17.02,16.69,17.12,16.68,16134,26707028.0,2.59,-1.88,-0.32,3.29
2022-05-12,300606,16.71,16.79,16.91,16.59,10296,16812930.0,1.92,0.6,0.1,2.1
2022-05-13,300606,16.87,17.17,17.28,16.79,13764,22905833.0,2.92,2.26,0.38,2.75
2022-05-16,300606,17.29,17.18,17.39,17.04,8574,14374289.0,2.04,0.06,0.01,1.71
2022-05-17,300606,17.18,17.11,17.19,16.82,6703,11118516.0,2.15,-0.41,-0.07,1.34
2022-05-18,300606,17.01,17.25,17.37,16.96,10090,16981197.0,2.4,0.82,0.14,1.3
2022-05-19,300606,17.21,17.41,17.54,17.12,13463,22855546.0,2.43,0.93,0.16,1.74
2022-05-20,300606,17.41,17.69,17.71,17.38,12471,21431918.0,1.9,1.61,0.28,1.61
2022-05-23,300606,17.74,17.75,17.86,17.61,12518,21684203.0,1.41,0.34,0.06,1.62
2022-05-24,300606,17.66,17.04,17.8,17.02,17636,30000670.0,4.39,-4.0,-0.71,2.28
2022-05-25,300606,16.86,17.14,17.35,16.83,19654,21471054.0,3.05,0.59,0.1,1.69
2022-05-26,300606,17.17,16.99,17.22,16.69,17277,18661371.0,3.09,-0.88,-0.15,1.49
2022-05-27,300606,17.14,17.19,17.52,17.01,18949,20838202.0,3.0,1.18,0.2,1.63
2022-05-30,300606,17.2,17.56,17.59,17.13,21995,24453856.0,2.68,2.15,0.37,1.89
2022-05-31,300606,17.56,17.56,17.65,17.11,19840,22066960.0,3.08,0.0,0.0,1.71
2022-06-01,300606,17.59,17.58,17.7,17.35,15571,17440691.0,1.99,0.11,0.02,1.34
2022-06-02,300606,17.56,17.71,17.82,17.29,15712,17641966.0,3.01,0.74,0.13,1.35
2022-06-06,300606,17.73,17.95,18.09,17.67,23525,26939487.0,2.37,1.36,0.24,2.02
2022-06-07,300606,17.91,17.77,18.16,17.61,15521,17638718.0,3.06,-1.0,-0.18,1.34
2022-06-08,300606,17.71,17.74,18.03,17.35,18246,20553202.0,3.83,-0.17,-0.03,1.57
2022-06-09,300606,17.64,17.43,17.65,17.29,13669,15191310.0,2.03,-1.75,-0.31,1.18
2022-06-10,300606,17.34,17.53,17.68,16.98,12164,13623064.0,4.02,0.57,0.1,1.05
2022-06-13,300606,17.44,17.41,17.71,17.26,14837,16487328.0,2.57,-0.68,-0.12,1.28
2022-06-14,300606,17.41,17.59,17.59,16.96,16175,17753077.0,3.62,1.03,0.18,1.39
2022-06-15,300606,17.49,17.44,17.77,17.41,10578,11821906.0,2.05,-0.85,-0.15,0.91
2022-06-16,300606,17.29,17.53,17.64,17.29,10360,11562704.0,2.01,0.52,0.09,0.89
2022-06-17,300606,17.41,17.49,17.65,17.26,12191,13591218.0,2.22,-0.23,-0.04,1.05
2022-06-20,300606,17.49,17.8,17.86,17.34,15070,17023113.0,2.97,1.77,0.31,1.3
2022-06-21,300606,17.82,18.1,18.21,17.68,18985,21855184.0,2.98,1.69,0.3,1.63
2022-06-22,300606,18.09,17.64,18.12,17.56,13496,15332922.0,3.09,-2.54,-0.46,1.16
2022-06-23,300606,17.56,18.09,18.1,17.53,15046,17197388.0,3.23,2.55,0.45,1.3
2022-06-24,300606,18.16,18.13,18.24,18.03,12511,14496377.0,1.16,0.22,0.04,1.08
2022-06-27,300606,18.03,18.36,18.52,18.03,19432,22726431.0,2.7,1.27,0.23,1.67
2022-06-28,300606,18.34,19.47,19.62,18.21,60135,74092157.0,7.68,6.05,1.11,5.18
2022-06-29,300606,19.36,18.87,19.51,18.76,36821,44809940.0,3.85,-3.08,-0.6,3.17
2022-06-30,300606,18.79,18.99,19.56,18.78,29930,36738831.0,4.13,0.64,0.12,2.58
2022-07-01,300606,18.9,19.05,19.24,18.66,26350,31951053.0,3.05,0.32,0.06,2.27
2022-07-04,300606,18.94,19.14,19.41,18.84,18536,22686203.0,2.99,0.47,0.09,1.6
2022-07-05,300606,19.21,18.78,19.33,18.57,24130,29019785.0,3.97,-1.88,-0.36,2.08
2022-07-06,300606,18.73,18.75,19.02,18.3,18272,21813190.0,3.83,-0.16,-0.03,1.57
2022-07-07,300606,18.72,18.85,19.11,18.64,15261,18472094.0,2.51,0.53,0.1,1.31
2022-07-08,300606,18.96,18.9,19.35,18.78,19391,23664417.0,3.02,0.27,0.05,1.67
2022-07-11,300606,18.84,18.99,19.21,18.61,15934,19199827.0,3.17,0.48,0.09,1.37
2022-07-12,300606,18.78,18.45,19.03,18.39,17863,21312033.0,3.37,-2.84,-0.54,1.54
2022-07-13,300606,18.51,18.81,18.99,18.28,19334,23217387.0,3.85,1.95,0.36,1.66
2022-07-14,300606,18.87,19.0,19.02,18.6,12040,14584896.0,2.23,1.01,0.19,1.04
2022-07-15,300606,18.97,18.39,19.15,18.39,17939,21387693.0,4.0,-3.21,-0.61,1.54
2022-07-18,300606,18.61,18.99,19.24,18.49,22026,26797059.0,4.08,3.26,0.6,1.9
2022-07-19,300606,19.17,19.18,19.36,18.84,23637,28977864.0,2.74,1.0,0.19,2.03
2022-07-20,300606,19.18,19.66,19.75,19.15,29793,37238262.0,3.13,2.5,0.48,2.56
2022-07-21,300606,19.71,19.36,19.87,19.18,26451,32990280.0,3.51,-1.53,-0.3,2.28
2022-07-22,300606,19.18,19.68,19.96,19.18,26744,33722627.0,4.03,1.65,0.32,2.3
2022-07-25,300606,19.72,19.63,19.86,19.45,18217,22907299.0,2.08,-0.25,-0.05,1.57
2022-07-26,300606,19.54,19.69,19.89,19.2,17849,22407383.0,3.52,0.31,0.06,1.54
2022-07-27,300606,19.78,20.11,20.17,19.6,24664,31674943.0,2.89,2.13,0.42,2.12
2022-07-28,300606,20.13,19.96,20.29,19.89,19286,24837132.0,1.99,-0.75,-0.15,1.66
2022-07-29,300606,19.93,19.99,20.2,19.8,18469,23689989.0,2.0,0.15,0.03,1.59
2022-08-01,300606,19.98,20.02,20.13,19.68,20289,25959463.0,2.25,0.15,0.03,1.75
2022-08-02,300606,19.87,19.35,19.87,19.0,31596,39113170.0,4.35,-3.35,-0.67,2.72
2022-08-03,300606,19.38,19.2,20.02,19.14,22628,28513681.0,4.55,-0.78,-0.15,1.95
2022-08-04,300606,19.35,19.86,19.89,19.17,21481,26998409.0,3.75,3.44,0.66,1.85
2022-08-05,300606,19.86,20.14,20.14,19.62,25314,32318940.0,2.62,1.41,0.28,2.18
2022-08-08,300606,20.28,21.85,22.78,20.01,103594,143705483.0,13.75,8.49,1.71,8.92
2022-08-09,300606,21.46,21.15,21.58,20.98,66229,90338010.0,2.75,-3.2,-0.7,5.7
2022-08-10,300606,21.16,21.51,21.88,21.07,48748,67525625.0,3.83,1.7,0.36,4.2
2022-08-11,300606,21.67,21.43,21.87,21.3,30347,41918921.0,2.65,-0.37,-0.08,2.61
2022-08-12,300606,21.43,25.36,25.57,21.43,221395,346363438.0,19.32,18.34,3.93,19.05
2022-08-15,300606,24.43,23.47,24.6,23.13,155096,235763400.0,5.8,-7.45,-1.89,13.35
2022-08-16,300606,23.4,26.11,27.01,23.02,203320,326818036.0,17.0,11.25,2.64,17.5
2022-08-17,300606,26.28,26.55,28.33,25.23,183526,317544731.0,11.87,1.69,0.44,15.79
2022-08-18,300606,26.28,26.98,27.4,26.02,121812,210960324.0,5.2,1.62,0.43,10.48
2022-08-19,300606,26.28,24.64,26.46,24.3,114179,184845306.0,8.01,-8.67,-2.34,9.83
2022-08-22,300606,24.34,23.82,24.85,23.23,90273,138966567.0,6.57,-3.33,-0.82,7.77
2022-08-23,300606,23.73,23.61,24.07,23.04,68113,103255796.0,4.32,-0.88,-0.21,5.86
2022-08-24,300606,23.73,25.32,25.96,23.47,159217,253521793.0,10.55,7.24,1.71,13.7
2022-08-25,300606,25.21,24.12,26.86,23.37,129360,207046974.0,13.78,-4.74,-1.2,11.13
2022-08-26,300606,23.62,22.36,24.46,22.23,119072,177981945.0,9.25,-7.3,-1.76,10.25
2022-08-29,300606,21.87,23.11,23.58,21.87,85879,127435684.0,7.65,3.35,0.75,7.39
2022-08-30,300606,23.55,22.29,23.55,22.11,53276,77248178.0,6.23,-3.55,-0.82,4.59
2022-08-31,300606,21.78,20.59,22.48,20.49,82031,111174783.0,8.93,-7.63,-1.7,7.06
2022-09-01,300606,20.64,20.16,21.04,20.08,41572,54514009.0,4.66,-2.09,-0.43,3.58
2022-09-02,300606,20.11,20.95,20.98,20.02,36863,48836761.0,4.76,3.92,0.79,3.17
2022-09-05,300606,20.97,20.2,21.31,20.11,45212,59461797.0,5.73,-3.58,-0.75,3.89
2022-09-06,300606,20.22,20.89,20.92,19.9,42588,56045541.0,5.05,3.42,0.69,3.67
2022-09-07,300606,20.79,21.39,21.72,20.64,59132,80979445.0,5.17,2.39,0.5,5.09
2022-09-08,300606,21.43,20.49,21.72,20.29,42639,57172442.0,6.69,-4.21,-0.9,3.67
2022-09-09,300606,20.64,20.13,20.71,19.96,32322,41815796.0,3.66,-1.76,-0.36,2.78
2022-09-13,300606,20.13,20.29,20.49,19.9,24771,32001328.0,2.93,0.79,0.16,2.13
2022-09-14,300606,20.01,20.01,20.23,19.68,20450,26094326.0,2.71,-1.38,-0.28,1.76
2022-09-15,300606,20.08,19.18,20.14,18.82,39889,49102359.0,6.6,-4.15,-0.83,3.43
2022-09-16,300606,19.15,18.66,19.21,18.63,17533,21223132.0,3.02,-2.71,-0.52,1.51
2022-09-19,300606,18.84,18.48,19.2,18.27,26837,32067468.0,4.98,-0.96,-0.18,2.31
2022-09-20,300606,18.16,18.79,18.9,18.16,24902,29791580.0,4.0,1.68,0.31,2.14
2022-09-21,300606,18.66,19.02,19.06,18.46,20062,24117869.0,3.19,1.22,0.23,1.73
2022-09-22,300606,18.73,18.79,19.09,18.55,23833,28777267.0,2.84,-1.21,-0.23,2.05
2022-09-23,300606,18.94,18.25,18.99,18.09,26120,30758913.0,4.79,-2.87,-0.54,2.25
2022-09-26,300606,18.25,17.94,18.33,17.76,17704,20373818.0,3.12,-1.7,-0.31,1.52
2022-09-27,300606,17.92,18.34,18.43,17.86,18538,21520956.0,3.18,2.23,0.4,1.6
2022-09-28,300606,18.34,17.61,18.39,17.53,22781,25925166.0,4.69,-3.98,-0.73,1.96
2022-09-29,300606,17.85,17.52,17.85,17.29,17075,19152754.0,3.18,-0.51,-0.09,1.47
2022-09-30,300606,17.58,17.1,17.61,17.05,17971,19750179.0,3.2,-2.4,-0.42,1.55
2022-10-10,300606,17.11,16.75,17.5,16.66,16174,17553184.0,4.91,-2.05,-0.35,1.39
2022-10-11,300606,16.95,16.63,16.95,16.54,17884,19029163.0,2.45,-0.72,-0.12,1.54
2022-10-12,300606,16.75,17.19,17.22,16.32,22407,23909827.0,5.41,3.37,0.56,1.93
2022-10-13,300606,17.2,17.34,17.64,17.02,24212,26848042.0,3.61,0.87,0.15,2.08
2022-10-14,300606,17.5,17.86,17.91,17.41,26589,30057375.0,2.88,3.0,0.52,2.29
2022-10-17,300606,17.88,19.72,20.38,17.83,97082,119006539.0,14.28,10.41,1.86,8.36
2022-10-18,300606,19.66,19.05,19.66,18.93,61791,75854077.0,3.7,-3.4,-0.67,5.32
2022-10-19,300606,19.15,19.2,19.47,18.61,53391,65314823.0,4.51,0.79,0.15,4.59
2022-10-20,300606,19.18,19.24,19.48,18.78,44681,54716712.0,3.65,0.21,0.04,3.85
2022-10-21,300606,19.63,19.12,19.66,19.03,27336,33688210.0,3.27,-0.62,-0.12,2.35
2022-10-24,300606,19.12,18.85,19.56,18.72,42640,52447695.0,4.39,-1.41,-0.27,3.67
2022-10-25,300606,18.76,19.11,19.36,18.46,36312,44030444.0,4.77,1.38,0.26,3.13
2022-10-26,300606,19.11,20.11,20.22,18.76,68840,86448827.0,7.64,5.23,1.0,5.92
2022-10-27,300606,19.89,19.74,20.34,19.66,44904,57689073.0,3.38,-1.84,-0.37,3.86
2022-10-28,300606,19.41,18.57,19.66,18.54,43517,52803548.0,5.67,-5.93,-1.17,3.75
2022-10-31,300606,18.45,18.96,19.14,18.37,39720,47924648.0,4.15,2.1,0.39,3.42
2022-11-01,300606,19.08,19.54,19.81,18.85,37451,46411946.0,5.06,3.06,0.58,3.22
2022-11-02,300606,19.54,19.59,19.83,19.29,41992,52528455.0,2.76,0.26,0.05,3.61
2022-11-03,300606,19.47,19.5,19.72,19.33,26950,33684828.0,1.99,-0.46,-0.09,2.32
2022-11-04,300606,19.62,19.71,19.92,19.48,31956,40346214.0,2.26,1.08,0.21,2.75
2022-11-07,300606,19.89,19.69,19.89,19.42,29830,37506775.0,2.38,-0.1,-0.02,2.57
2022-11-08,300606,19.81,19.77,19.96,19.35,33590,42355006.0,3.1,0.41,0.08,2.89
2022-11-09,300606,19.68,19.84,19.87,19.53,23622,29888442.0,1.72,0.35,0.07,2.03
2022-11-10,300606,19.66,20.43,20.82,19.6,66739,86812876.0,6.15,2.97,0.59,5.74
2022-11-11,300606,20.74,21.01,21.54,20.29,89629,120648916.0,6.12,2.84,0.58,7.71
2022-11-14,300606,20.8,21.46,21.76,20.38,85882,117617646.0,6.57,2.14,0.45,7.39
2022-11-15,300606,21.24,21.52,21.84,20.86,62994,86706246.0,4.57,0.28,0.06,5.42
2022-11-16,300606,21.4,20.97,21.57,20.95,45398,61696780.0,2.88,-2.56,-0.55,3.91
2022-11-17,300606,20.97,20.95,21.15,20.61,30856,41313635.0,2.58,-0.1,-0.02,2.66
2022-11-18,300606,20.98,20.59,21.06,20.5,32364,43054437.0,2.67,-1.72,-0.36,2.79
2022-11-21,300606,20.4,20.74,21.0,20.23,32565,43197410.0,3.74,0.73,0.15,2.8
2022-11-22,300606,20.74,20.28,21.09,20.25,26561,35232211.0,4.05,-2.22,-0.46,2.29
2022-11-23,300606,20.4,19.95,20.53,19.32,37869,47917193.0,5.97,-1.63,-0.33,3.26
2022-11-24,300606,20.05,20.05,20.46,19.96,20539,26540200.0,2.51,0.5,0.1,1.77
2022-11-25,300606,20.08,19.69,20.19,19.6,15639,19787668.0,2.94,-1.8,-0.36,1.35
2022-11-28,300606,19.69,19.36,19.74,19.21,17213,21406536.0,2.69,-1.68,-0.33,1.48
2022-11-29,300606,19.54,19.72,19.9,19.38,17935,22563850.0,2.69,1.86,0.36,1.54
2022-11-30,300606,19.72,19.98,19.98,19.39,16324,20635335.0,2.99,1.32,0.26,1.4
2022-12-01,300606,19.95,19.86,20.31,19.84,16490,21189920.0,2.35,-0.6,-0.12,1.42
2022-12-02,300606,19.81,20.13,20.17,19.75,11167,14350607.0,2.11,1.36,0.27,0.96
2022-12-05,300606,20.16,20.13,20.34,19.84,15488,19909121.0,2.48,0.0,0.0,1.33
2022-12-06,300606,20.11,19.77,20.11,19.77,17250,22032417.0,1.69,-1.79,-0.36,1.48
2022-12-07,300606,19.69,19.81,19.93,19.53,14429,18245793.0,2.02,0.2,0.04,1.24
2022-12-08,300606,19.9,19.51,19.9,19.39,13950,17505249.0,2.57,-1.51,-0.3,1.2
2022-12-09,300606,19.51,19.27,19.69,19.23,10771,13365384.0,2.36,-1.23,-0.24,0.93
2022-12-12,300606,19.35,19.29,19.45,19.09,9819,12095023.0,1.87,0.1,0.02,0.85
2022-12-13,300606,19.21,19.09,19.26,19.06,11252,13781473.0,1.04,-1.04,-0.2,0.97
2022-12-14,300606,18.99,18.99,19.29,18.96,9551,11690744.0,1.73,-0.52,-0.1,0.82
2022-12-15,300606,18.94,19.17,19.24,18.91,9260,11349317.0,1.74,0.95,0.18,0.8
2022-12-16,300606,19.14,18.75,19.18,18.72,13961,16843801.0,2.4,-2.19,-0.42,1.2
2022-12-19,300606,18.78,18.12,18.87,18.01,15871,18600489.0,4.59,-3.36,-0.63,1.37
2022-12-20,300606,17.92,18.39,18.51,17.92,14183,16565999.0,3.26,1.49,0.27,1.22
2022-12-21,300606,18.39,18.18,18.52,18.09,10716,12525505.0,2.34,-1.14,-0.21,0.92
2022-12-22,300606,18.31,17.68,18.31,17.61,10897,12455533.0,3.85,-2.75,-0.5,0.94
2022-12-23,300606,17.74,17.74,17.98,17.56,8313,9431350.0,2.38,0.34,0.06,0.72
2022-12-26,300606,17.74,18.21,18.27,17.74,8556,9918811.0,2.99,2.65,0.47,0.74
2022-12-27,300606,18.22,18.31,18.43,18.01,8293,9641857.0,2.31,0.55,0.1,0.71
2022-12-28,300606,18.3,18.01,18.31,17.83,8667,9948301.0,2.62,-1.64,-0.3,0.75
2022-12-29,300606,18.01,17.74,18.06,17.71,6065,6896985.0,1.94,-1.5,-0.27,0.52
2022-12-30,300606,17.98,18.37,18.49,17.74,14788,17213503.0,4.23,3.55,0.63,1.27
2023-01-03,300606,18.43,18.7,18.75,18.33,9813,11657323.0,2.29,1.8,0.33,0.84
2023-01-04,300606,18.64,19.02,19.17,18.64,12425,15055915.0,2.83,1.71,0.32,1.07
2023-01-05,300606,19.18,19.14,19.21,18.85,9490,11561507.0,1.89,0.63,0.12,0.82
2023-01-06,300606,19.18,19.27,19.44,19.11,11845,14607327.0,1.72,0.68,0.13,1.02
2023-01-09,300606,19.33,19.15,19.65,19.14,6729,8312705.0,2.65,-0.62,-0.12,0.58
2023-01-10,300606,19.2,19.11,19.26,18.91,8493,10380967.0,1.83,-0.21,-0.04,0.73
2023-01-11,300606,19.2,18.85,19.2,18.76,8712,10587677.0,2.3,-1.36,-0.26,0.75
2023-01-12,300606,18.99,18.99,19.14,18.93,7695,9379837.0,1.11,0.74,0.14,0.66
2023-01-13,300606,18.99,18.85,19.11,18.69,6197,7480945.0,2.21,-0.74,-0.14,0.53
2023-01-16,300606,18.84,18.99,19.21,18.7,13843,16841766.0,2.71,0.74,0.14,1.19
2023-01-17,300606,19.03,18.91,19.11,18.87,8190,9923807.0,1.26,-0.42,-0.08,0.7
2023-01-18,300606,18.96,19.14,19.21,18.88,12771,15561490.0,1.75,1.22,0.23,1.1
2023-01-19,300606,19.14,19.3,19.32,18.99,12227,14996795.0,1.72,0.84,0.16,1.05
2023-01-20,300606,19.3,19.33,19.5,19.21,8717,10787530.0,1.5,0.16,0.03,0.75
2023-01-30,300606,19.47,19.71,19.77,19.38,17797,22403982.0,2.02,1.97,0.38,1.53
2023-01-31,300606,19.5,19.83,19.89,19.5,15851,20074025.0,1.98,0.61,0.12,1.36
2023-02-01,300606,19.86,19.95,19.95,19.71,18174,23107850.0,1.21,0.61,0.12,1.56
2023-02-02,300606,19.93,20.01,20.31,19.89,23960,30885229.0,2.11,0.3,0.06,2.06
2023-02-03,300606,20.02,19.87,20.11,19.63,25050,31796515.0,2.4,-0.7,-0.14,2.16
2023-02-06,300606,19.66,19.86,20.11,19.63,14907,19028962.0,2.42,-0.05,-0.01,1.28
2023-02-07,300606,19.93,20.28,20.32,19.86,20598,26654308.0,2.32,2.11,0.42,1.77
2023-02-08,300606,20.2,20.1,20.32,20.04,18399,23811280.0,1.38,-0.89,-0.18,1.58
2023-02-09,300606,20.1,20.89,21.45,20.01,59372,79375916.0,7.16,3.93,0.79,5.11
2023-02-10,300606,20.79,21.33,21.91,20.64,72994,99720145.0,6.08,2.11,0.44,6.28
2023-02-13,300606,21.46,21.09,21.46,21.03,44776,60930405.0,2.02,-1.13,-0.24,3.85
2023-02-14,300606,21.1,21.34,21.42,21.0,34216,46750476.0,1.99,1.19,0.25,2.94
2023-02-15,300606,21.34,23.44,25.03,21.12,133324,199626343.0,18.32,9.84,2.1,11.47
2023-02-16,300606,24.03,22.95,24.76,22.59,133027,204451991.0,9.26,-2.09,-0.49,11.45
2023-02-17,300606,22.69,21.6,22.92,21.42,86363,122435022.0,6.54,-5.88,-1.35,7.43
2023-02-20,300606,21.94,21.54,22.05,21.21,50542,70060976.0,3.89,-0.28,-0.06,4.35
2023-02-21,300606,21.58,21.52,21.75,21.18,41926,57843691.0,2.65,-0.09,-0.02,3.61
2023-02-22,300606,21.25,21.55,21.6,21.25,24566,33868765.0,1.63,0.14,0.03,2.11
2023-02-23,300606,21.67,21.54,21.72,21.31,23855,32996762.0,1.9,-0.05,-0.01,2.05
2023-02-24,300606,21.54,21.42,21.67,21.21,16963,23365573.0,2.14,-0.56,-0.12,1.46
2023-02-27,300606,21.43,21.16,21.52,21.07,20428,27843849.0,2.1,-1.21,-0.26,1.76
2023-02-28,300606,21.34,21.42,21.43,21.18,14487,19828125.0,1.18,1.23,0.26,1.25
2023-03-01,300606,21.42,21.52,21.52,21.3,19380,26678905.0,1.03,0.47,0.1,1.67
2023-03-02,300606,21.52,21.34,21.76,21.28,22740,31484621.0,2.23,-0.84,-0.18,1.96
2023-03-03,300606,21.43,21.19,21.46,21.03,18355,25036793.0,2.01,-0.7,-0.15,1.58
2023-03-06,300606,21.3,20.97,21.34,20.86,21054,28428020.0,2.27,-1.04,-0.22,1.81
2023-03-07,300606,21.15,20.35,21.15,20.35,22319,29545687.0,3.81,-2.96,-0.62,1.92
2023-03-08,300606,20.4,21.07,21.1,20.38,30429,40728023.0,3.54,3.54,0.72,2.62
2023-03-09,300606,21.16,21.81,22.29,21.07,55291,77338374.0,5.79,3.51,0.74,4.76
2023-03-10,300606,21.76,21.78,21.99,21.64,26730,37530249.0,1.6,-0.14,-0.03,2.3
2023-03-13,300606,21.7,21.46,21.78,20.98,25870,35462505.0,3.67,-1.47,-0.32,2.23
2023-03-14,300606,21.49,21.06,21.54,20.79,14214,19270743.0,3.49,-1.86,-0.4,1.22
2023-03-15,300606,21.13,21.04,21.49,21.01,28028,38130701.0,2.28,-0.09,-0.02,2.41
2023-03-16,300606,21.09,20.49,21.18,20.26,23745,31408206.0,4.37,-2.61,-0.55,2.04
2023-03-17,300606,20.55,20.64,20.85,20.46,15749,20905362.0,1.9,0.73,0.15,1.36
2023-03-20,300606,20.71,20.65,20.79,20.26,15934,21048860.0,2.57,0.05,0.01,1.37
2023-03-21,300606,20.65,21.21,21.22,20.58,19110,25702693.0,3.1,2.71,0.56,1.64
2023-03-22,300606,21.25,22.27,22.36,21.25,56652,80149676.0,5.23,5.0,1.06,4.88
2023-03-23,300606,22.05,22.54,22.75,21.91,47702,68870426.0,3.77,1.21,0.27,4.11
2023-03-24,300606,22.42,22.48,22.69,22.36,25171,36531903.0,1.46,-0.27,-0.06,2.17
2023-03-27,300606,22.5,22.56,22.81,22.14,23892,34549363.0,2.98,0.36,0.08,2.06
2023-03-28,300606,22.51,21.91,22.68,21.76,22189,31537053.0,4.08,-2.88,-0.65,1.91
2023-03-29,300606,21.84,21.73,21.94,21.46,17451,24379923.0,2.19,-0.82,-0.18,1.5
2023-03-30,300606,21.82,21.3,21.82,21.18,14684,20188108.0,2.95,-1.98,-0.43,1.26
2023-03-31,300606,21.43,21.55,21.6,21.22,12969,17864756.0,1.78,1.17,0.25,1.12
2023-04-03,300606,21.73,22.0,22.33,21.22,23403,32848865.0,5.15,2.09,0.45,2.01
2023-04-04,300606,22.2,21.67,22.21,21.43,19297,26978275.0,3.55,-1.5,-0.33,1.66
2023-04-06,300606,21.67,23.04,23.04,21.16,74147,107085962.0,8.68,6.32,1.37,6.38
2023-04-07,300606,22.96,23.56,24.13,22.23,97315,145788307.0,8.25,2.26,0.52,8.38
2023-04-10,300606,23.13,23.14,23.83,22.92,49867,74709523.0,3.86,-1.78,-0.42,4.29
2023-04-11,300606,23.02,22.6,23.1,22.41,35964,52398122.0,2.98,-2.33,-0.54,3.1
2023-04-12,300606,22.84,22.62,22.89,22.38,32154,46819524.0,2.26,0.09,0.02,2.77
2023-04-13,300606,22.65,22.45,22.89,22.26,24311,35197816.0,2.79,-0.75,-0.17,2.09
2023-04-14,300606,22.45,23.43,23.52,22.21,56663,84212863.0,5.84,4.37,0.98,4.88
2023-04-17,300606,23.34,24.16,25.0,22.95,83917,129513829.0,8.75,3.12,0.73,7.22
2023-04-18,300606,23.83,23.58,24.09,23.11,64479,97534356.0,4.06,-2.4,-0.58,5.55
2023-04-19,300606,23.74,25.18,25.74,23.53,109698,176485322.0,9.37,6.79,1.6,9.44
2023-04-20,300606,24.76,25.11,25.14,24.43,57892,92573469.0,2.82,-0.28,-0.07,4.98
2023-04-21,300606,24.79,23.94,24.91,23.8,50451,78923337.0,4.42,-4.66,-1.17,4.34
2023-04-24,300606,23.89,23.49,23.95,22.84,49993,75109295.0,4.64,-1.88,-0.45,4.3
2023-04-25,300606,23.07,24.3,24.75,22.66,71591,110326101.0,8.9,3.45,0.81,6.16
2023-04-26,300606,24.01,24.01,24.91,23.41,52320,81953571.0,6.17,-1.19,-0.29,4.5
2023-04-27,300606,23.56,23.62,24.4,23.26,37364,57026889.0,4.75,-1.62,-0.39,3.22
2023-04-28,300606,23.28,23.13,23.89,23.07,37559,56976721.0,3.47,-2.07,-0.49,3.23
2023-05-04,300606,22.8,23.73,24.3,22.8,35703,54365157.0,6.49,2.59,0.6,3.07
2023-05-05,300606,23.46,25.02,25.21,23.11,72397,114928126.0,8.85,5.44,1.29,6.23
2023-05-08,300606,24.76,26.92,27.28,24.4,95147,161620377.0,11.51,7.59,1.9,8.19
2023-05-09,300606,26.25,25.72,26.44,25.5,62774,105698559.0,3.49,-4.46,-1.2,5.4
2023-05-10,300606,25.9,26.11,26.28,25.3,46118,77149274.0,3.81,1.52,0.39,3.97
2023-05-11,300606,25.83,25.11,25.83,24.63,51756,83975349.0,4.6,-3.83,-1.0,4.4
2023-05-12,300606,25.36,24.31,25.48,24.01,33141,52734808.0,5.85,-3.19,-0.8,2.82
2023-05-15,300606,24.18,24.79,25.0,24.03,30493,48551564.0,3.99,1.97,0.48,2.59
2023-05-16,300606,24.81,25.05,25.17,23.95,34225,54474607.0,4.92,1.05,0.26,2.91
2023-05-17,300606,25.05,24.61,25.24,24.49,28521,45790395.0,2.99,-1.76,-0.44,2.43
2023-05-18,300606,24.81,26.64,26.64,24.69,67265,112732748.0,7.92,8.25,2.03,5.72
2023-05-19,300606,26.01,25.66,26.41,25.63,49831,83509143.0,2.93,-3.68,-0.98,4.24
2023-05-22,300606,26.02,25.75,27.07,25.2,44808,75837423.0,7.29,0.35,0.09,3.81
2023-05-23,300606,25.78,24.94,25.98,24.63,40879,66177451.0,5.24,-3.15,-0.81,3.48
2023-05-24,300606,24.61,24.96,25.42,24.48,25698,41621295.0,3.77,0.08,0.02,2.19
2023-05-25,300606,24.76,24.48,25.35,23.79,34681,54854579.0,6.25,-1.92,-0.48,2.95
2023-05-26,300606,24.51,25.12,25.17,23.94,24206,38698857.0,5.02,2.61,0.64,2.06
2023-05-29,300606,25.11,24.22,25.11,23.89,25967,40709628.0,4.86,-3.58,-0.9,2.21
2023-05-30,300606,24.4,24.13,24.54,23.64,14926,23070843.0,3.72,-0.37,-0.09,1.27
2023-05-31,300606,24.13,25.75,26.07,23.71,53743,87245385.0,9.78,6.71,1.62,4.57
2023-06-01,300606,25.51,25.41,25.89,24.91,31228,51098906.0,3.81,-1.32,-0.34,2.66
2023-06-02,300606,25.41,25.09,25.54,24.84,22813,37053804.0,2.75,-1.26,-0.32,1.94
2023-06-05,300606,24.87,25.36,25.39,24.84,17715,28876761.0,2.19,1.08,0.27,1.51
2023-06-06,300606,25.6,25.0,25.62,24.79,22444,36615460.0,3.27,-1.42,-0.36,1.91
2023-06-07,300606,24.99,24.85,25.48,24.81,17075,27702830.0,2.68,-0.6,-0.15,1.45
2023-06-08,300606,24.78,24.42,25.05,24.12,25221,39909916.0,3.74,-1.73,-0.43,2.14
2023-06-09,300606,24.34,24.6,24.84,24.15,14777,23377166.0,2.83,0.74,0.18,1.26
2023-06-12,300606,24.6,25.21,25.6,24.16,29336,47553872.0,5.85,2.48,0.61,2.49
2023-06-13,300606,25.29,26.71,27.09,25.06,73503,125894822.0,8.05,5.95,1.5,6.25
2023-06-14,300606,26.26,30.28,31.9,26.2,166043,321680438.0,21.34,13.37,3.57,14.12
2023-06-15,300606,29.26,29.5,31.06,28.96,123812,239579629.0,6.94,-2.58,-0.78,10.53
2023-06-16,300606,29.28,28.77,30.1,28.56,63516,119786228.0,5.22,-2.47,-0.73,5.4
2023-06-19,300606,27.91,28.26,28.42,27.33,63094,114578876.0,3.79,-1.77,-0.51,5.37
2023-06-20,300606,28.27,28.5,29.1,28.02,70090,130220561.0,3.82,0.85,0.24,5.96
2023-06-21,300606,28.3,28.44,29.1,27.69,55622,102793944.0,4.95,-0.21,-0.06,4.73
2023-06-26,300606,28.29,28.9,29.71,28.11,49132,91916896.0,5.63,1.62,0.46,4.18
2023-06-27,300606,28.9,29.47,29.82,27.61,54173,101459106.0,7.65,1.97,0.57,4.61
2023-06-28,300606,29.13,31.69,31.8,28.66,103686,207068906.0,10.65,7.53,2.22,8.82
2023-06-29,300606,31.44,30.81,34.63,30.63,107236,226048150.0,12.62,-2.78,-0.88,9.12
2023-06-30,300606,30.93,31.03,31.44,30.06,65350,131045036.0,4.48,0.71,0.22,5.56
2023-07-03,300606,30.9,29.89,30.99,29.62,53043,103858889.0,4.42,-3.67,-1.14,4.51
2023-07-04,300606,30.12,29.98,30.57,29.35,41889,81723006.0,4.08,0.3,0.09,3.56
2023-07-05,300606,30.19,31.05,31.18,29.56,50176,99860547.0,5.4,3.57,1.07,4.27
2023-07-06,300606,31.2,32.59,33.1,29.83,75817,156438551.0,10.53,4.96,1.54,6.45
2023-07-07,300606,32.41,32.08,33.25,31.81,50659,106856931.0,4.42,-1.56,-0.51,4.31
2023-07-10,300606,32.34,33.16,33.84,31.98,56485,121641404.0,5.8,3.37,1.08,4.8
2023-07-11,300606,33.06,32.41,36.4,31.51,113981,254972795.0,14.75,-2.26,-0.75,9.69
2023-07-12,300606,32.73,33.55,33.6,29.61,105601,219684220.0,12.31,3.52,1.14,8.98
2023-07-13,300606,32.73,32.8,36.01,32.19,123450,271844859.0,11.39,-2.24,-0.75,10.5
2023-07-14,300606,32.26,36.39,39.16,32.26,280903,652427038.0,21.04,10.95,3.59,23.89
2023-07-17,300606,39.16,38.08,41.74,36.34,316444,806162725.0,14.84,4.64,1.69,26.91
2023-07-18,300606,38.26,34.42,39.15,33.48,282000,653473711.0,14.89,-9.61,-3.66,23.98
2023-07-19,300606,32.56,29.43,33.28,29.43,259579,524627869.0,11.19,-14.5,-4.99,22.08
2023-07-20,300606,28.56,27.72,28.84,27.58,171835,313280718.0,4.28,-5.81,-1.71,14.61
2023-07-21,300606,27.4,27.42,28.41,26.86,99661,178185387.0,5.59,-1.08,-0.3,8.48
2023-07-24,300606,27.04,26.58,27.34,26.44,81517,141417397.0,3.28,-3.06,-0.84,6.93
2023-07-25,300606,26.83,27.58,27.7,26.47,89859,157209508.0,4.63,3.76,1.0,7.64
2023-07-26,300606,27.28,28.69,29.17,27.28,112817,209684946.0,6.85,4.02,1.11,9.59
2023-07-27,300606,28.74,30.1,30.51,28.21,116309,223275173.0,8.02,4.91,1.41,9.89
2023-07-28,300606,30.01,29.41,30.42,29.31,73883,142747339.0,3.69,-2.29,-0.69,6.28
2023-07-31,300606,29.25,30.01,30.39,29.25,49751,96268988.0,3.88,2.04,0.6,4.23
2023-08-01,300606,29.88,30.73,31.21,29.65,62736,124551220.0,5.2,2.4,0.72,5.34
2023-08-02,300606,30.94,31.51,31.62,30.37,49355,99937837.0,4.07,2.54,0.78,4.2
2023-08-03,300606,31.36,30.76,32.02,30.1,58843,118373994.0,6.09,-2.38,-0.75,5.0
2023-08-04,300606,30.42,29.97,30.81,29.71,61277,120081582.0,3.58,-2.57,-0.79,5.21
2023-08-07,300606,30.12,29.97,30.3,29.56,32618,63405727.0,2.47,0.0,0.0,2.77
2023-08-08,300606,29.86,30.15,30.34,29.86,24493,47919988.0,1.6,0.6,0.18,2.08
2023-08-09,300606,30.01,29.41,30.42,29.25,28413,55090715.0,3.88,-2.45,-0.74,2.42
2023-08-10,300606,29.43,29.94,30.1,29.43,19195,37263864.0,2.28,1.8,0.53,1.63
2023-08-11,300606,30.0,29.82,30.33,29.61,23667,46055859.0,2.4,-0.4,-0.12,2.01
2023-08-14,300606,29.67,29.91,30.01,29.13,21153,40447734.0,2.95,0.3,0.09,1.8
2023-08-15,300606,30.15,30.76,31.24,29.88,48728,97364516.0,4.55,2.84,0.85,4.14
2023-08-16,300606,30.52,30.36,31.02,29.86,26882,52941152.0,3.77,-1.3,-0.4,2.29
2023-08-17,300606,30.01,31.78,32.13,30.01,53745,109605448.0,6.98,4.68,1.42,4.57
2023-08-18,300606,31.81,31.5,32.23,31.15,36036,74127484.0,3.4,-0.88,-0.28,3.06
2023-08-21,300606,31.3,31.3,32.23,31.21,25548,52423207.0,3.24,-0.63,-0.2,2.17
2023-08-22,300606,31.36,31.65,32.19,30.46,36577,74047746.0,5.53,1.12,0.35,3.11
2023-08-23,300606,31.51,30.58,31.51,30.21,35895,71560495.0,4.11,-3.38,-1.07,3.05
2023-08-24,300606,30.31,31.05,31.47,29.73,32121,64232064.0,5.69,1.54,0.47,2.73
2023-08-25,300606,30.76,30.7,31.3,30.31,21368,42642800.0,3.19,-1.13,-0.35,1.82
2023-08-28,300606,32.56,29.23,32.56,28.51,42944,84068959.0,13.19,-4.79,-1.47,3.65
2023-08-29,300606,28.6,30.31,30.61,28.6,37716,73729148.0,6.88,3.69,1.08,3.21
2023-08-30,300606,30.4,33.7,34.5,30.4,113343,244954838.0,13.53,11.18,3.39,9.64
2023-08-31,300606,32.95,34.29,35.71,32.95,120562,272487822.0,8.19,1.75,0.59,10.25
2023-09-01,300606,34.51,34.81,35.04,33.76,73376,165182077.0,3.73,1.52,0.52,6.24
2023-09-04,300606,34.93,35.31,35.41,34.12,53780,122422319.0,3.71,1.44,0.5,4.57
2023-09-05,300606,35.74,36.39,37.74,35.38,99940,238388727.0,6.68,3.06,1.08,8.5
2023-09-06,300606,36.03,36.16,36.46,35.38,64669,151673359.0,2.97,-0.63,-0.23,5.5
2023-09-07,300606,35.98,35.43,36.61,35.26,46959,110163367.0,3.73,-2.02,-0.73,3.99
2023-09-08,300606,35.26,35.59,36.01,34.78,35792,82625791.0,3.47,0.45,0.16,3.04
2023-09-11,300606,35.08,37.5,37.75,34.77,79855,192345410.0,8.37,5.37,1.91,6.79
2023-09-12,300606,37.62,36.63,38.04,35.26,68119,162057366.0,7.41,-2.32,-0.87,5.79
2023-09-13,300606,36.52,37.51,39.51,36.52,107198,266514094.0,8.16,2.4,0.88,9.12
2023-09-14,300606,37.53,36.76,38.23,36.16,54007,131053958.0,5.52,-2.0,-0.75,4.59
2023-09-15,300606,36.9,36.79,37.42,36.01,45890,109890188.0,3.84,0.08,0.03,3.9
2023-09-18,300606,37.03,41.7,41.7,37.03,130803,343214919.0,12.69,13.35,4.91,11.12
2023-09-19,300606,40.83,41.97,42.37,40.54,89296,243005280.0,4.39,0.65,0.27,7.59
2023-09-20,300606,42.33,43.96,45.46,41.59,119732,344980743.0,9.22,4.74,1.99,10.18
2023-09-21,300606,44.4,43.23,45.01,42.16,80372,227719417.0,6.48,-1.66,-0.73,6.84
2023-09-22,300606,42.34,42.58,43.54,40.96,84026,231008041.0,5.97,-1.5,-0.65,7.15
2023-09-25,300606,43.29,43.5,45.01,42.81,77200,221503949.0,5.17,2.16,0.92,6.57
2023-09-26,300606,42.66,42.07,44.16,42.07,57873,162652602.0,4.8,-3.29,-1.43,4.92
2023-09-27,300606,41.79,42.13,43.0,41.4,53099,147063416.0,3.8,0.14,0.06,4.52
2023-09-28,300606,42.42,42.58,42.79,41.65,48544,134550438.0,2.71,1.07,0.45,4.13
2023-10-09,300606,41.43,40.69,42.04,40.36,67356,180945321.0,3.95,-4.44,-1.89,5.73
2023-10-10,300606,40.96,41.7,42.21,40.23,39159,106669713.0,4.87,2.48,1.01,3.33
2023-10-11,300606,41.7,46.77,47.85,41.7,101937,301708158.0,14.75,12.16,5.07,8.67
2023-10-12,300606,46.51,45.76,46.8,45.28,51989,155938535.0,3.25,-2.16,-1.01,4.42
2023-10-13,300606,45.76,45.18,46.45,44.53,45783,136168768.0,4.2,-1.27,-0.58,3.89
2023-10-16,300606,45.87,46.47,47.85,44.49,70581,214442612.0,7.44,2.86,1.29,6.0
2023-10-17,300606,45.76,45.34,46.54,44.86,39917,118958521.0,3.62,-2.43,-1.13,3.39
2023-10-18,300606,45.31,44.65,45.93,44.11,40494,119501369.0,4.01,-1.52,-0.69,3.44
2023-10-19,300606,44.5,43.15,45.21,42.46,43966,126009157.0,6.16,-3.36,-1.5,3.74
2023-10-20,300606,43.15,42.24,43.93,41.68,41860,115984159.0,5.21,-2.11,-0.91,3.56
2023-10-23,300606,42.21,40.96,42.43,40.29,35275,94821885.0,5.07,-3.03,-1.28,3.0
2023-10-24,300606,40.99,43.38,44.28,40.99,50971,144274152.0,8.03,5.91,2.42,4.33
2023-10-25,300606,44.25,46.15,47.23,43.42,74625,224757306.0,8.78,6.39,2.77,6.35
2023-10-26,300606,46.21,43.74,46.21,42.7,65036,187070422.0,7.61,-5.22,-2.41,5.53
2023-10-27,300606,44.26,44.41,47.23,43.23,50944,148132702.0,9.14,1.53,0.67,4.33
2023-10-30,300606,43.9,44.2,45.9,41.32,75700,214586306.0,10.31,-0.47,-0.21,6.44
2023-10-31,300606,44.53,43.36,44.53,42.46,39293,111270232.0,4.68,-1.9,-0.84,3.34
2023-11-01,300606,43.36,45.97,47.04,43.02,95346,284788544.0,9.27,6.02,2.61,8.11
2023-11-02,300606,51.01,45.58,51.76,44.94,152907,480560886.0,14.84,-0.85,-0.39,13.0
2023-11-03,300606,44.53,53.19,53.65,44.53,190171,618589749.0,20.01,16.7,7.61,16.17
2023-11-06,300606,55.02,59.2,60.76,52.96,250434,920847585.0,14.66,11.3,6.01,21.3
2023-11-07,300606,58.06,57.46,60.73,55.36,203376,769456887.0,9.07,-2.94,-1.74,17.3
2023-11-08,300606,55.96,56.05,57.15,54.27,126357,462657371.0,5.01,-2.45,-1.41,10.75
2023-11-09,300606,56.26,52.81,56.4,52.26,133349,472959985.0,7.39,-5.78,-3.24,11.34
2023-11-10,300606,52.29,61.35,63.22,52.29,217007,819905695.0,20.7,16.17,8.54,18.46
2023-11-13,300606,60.76,59.19,61.29,57.55,152897,595999481.0,6.1,-3.52,-2.16,13.0
2023-11-14,300606,59.04,60.18,60.61,57.16,101618,394121290.0,5.83,1.67,0.99,8.64
2023-11-15,300606,61.06,58.66,61.93,56.56,121129,470414441.0,8.92,-2.53,-1.52,10.3
2023-11-16,300606,57.46,55.59,59.98,54.76,108482,407734178.0,8.9,-5.23,-3.07,9.23
2023-11-17,300606,55.68,56.64,59.04,55.24,109076,408657333.0,6.84,1.89,1.05,9.28
2023-11-20,300606,56.86,58.21,59.26,55.69,99557,377391209.0,6.3,2.77,1.57,8.47
2023-11-21,300606,57.76,55.9,58.18,55.06,77935,288059867.0,5.36,-3.97,-2.31,6.63
2023-11-22,300606,55.15,52.51,55.78,51.76,92392,325864363.0,7.19,-6.06,-3.39,7.86
2023-11-23,300606,52.44,52.17,53.01,51.33,55054,188457988.0,3.2,-0.65,-0.34,4.68
2023-11-24,300606,52.15,50.94,52.15,50.04,53498,178616457.0,4.04,-2.36,-1.23,4.55
2023-11-27,300606,50.31,53.79,55.06,50.31,87000,303913256.0,9.32,5.59,2.85,7.4
2023-11-28,300606,53.26,54.85,55.63,52.36,56640,203024644.0,6.08,1.97,1.06,4.82
2023-11-29,300606,53.41,54.13,54.84,52.66,48854,173043815.0,3.97,-1.31,-0.72,4.15
2023-11-30,300606,54.01,53.95,54.88,52.06,40695,142452413.0,5.21,-0.33,-0.18,3.46
2023-12-01,300606,54.45,54.06,55.02,52.84,39571,140672749.0,4.04,0.2,0.11,3.37
2023-12-04,300606,54.55,54.61,55.24,53.53,35608,127700102.0,3.16,1.02,0.55,3.03
2023-12-05,300606,53.92,52.81,54.76,51.93,35377,123140468.0,5.18,-3.3,-1.8,3.01
2023-12-06,300606,52.81,51.12,52.87,50.5,49583,167093044.0,4.49,-3.2,-1.69,4.22
2023-12-07,300606,50.98,50.86,51.61,49.81,30721,101985077.0,3.52,-0.51,-0.26,2.61
2023-12-08,300606,50.83,50.92,51.73,49.63,34937,116055980.0,4.13,0.12,0.06,2.97
2023-12-11,300606,50.59,51.93,52.17,50.47,28503,96433396.0,3.34,1.98,1.01,2.42
2023-12-12,300606,51.84,50.68,52.38,50.58,21781,73421371.0,3.47,-2.41,-1.25,1.85
2023-12-13,300606,50.92,50.44,51.55,50.44,19961,66802556.0,2.19,-0.47,-0.24,1.7
2023-12-14,300606,50.34,49.39,51.22,49.27,22352,73143232.0,3.87,-2.08,-1.05,1.9
2023-12-15,300606,49.29,48.42,49.71,48.09,26318,84196313.0,3.28,-1.96,-0.97,2.24
2023-12-18,300606,48.01,47.28,48.49,47.11,25341,79255939.0,2.85,-2.35,-1.14,2.16
2023-12-19,300606,47.49,48.16,48.42,46.54,25101,78234133.0,3.98,1.86,0.88,2.13
2023-12-20,300606,48.15,48.42,50.11,47.73,39523,126816721.0,4.94,0.54,0.26,3.36
2023-12-21,300606,48.1,49.81,49.92,47.73,32673,104938060.0,4.52,2.87,1.39,2.78
2023-12-22,300606,49.81,47.82,50.53,47.58,29767,95563608.0,5.92,-4.0,-1.99,2.53
2023-12-25,300606,48.03,48.82,48.91,47.61,14628,46471769.0,2.72,2.09,1.0,1.24
2023-12-26,300606,48.31,46.66,49.2,46.36,25665,79204374.0,5.82,-4.42,-2.16,2.18
2023-12-27,300606,46.96,49.89,50.76,46.45,44896,145380025.0,9.24,6.92,3.23,3.82
2023-12-28,300606,50.13,50.26,50.85,49.36,36685,120739564.0,2.99,0.74,0.37,3.12
2023-12-29,300606,50.1,52.0,52.66,49.3,48020,163178843.0,6.69,3.46,1.74,4.08
2024-01-02,300606,53.26,52.17,53.56,51.69,38859,133787367.0,3.6,0.33,0.17,3.3
2024-01-03,300606,52.42,52.21,54.43,51.43,52584,182596583.0,5.75,0.08,0.04,4.47
2024-01-04,300606,52.21,50.37,54.01,49.35,37866,126105776.0,8.93,-3.52,-1.84,3.22
2024-01-05,300606,50.01,48.94,50.98,48.43,30350,98595410.0,5.06,-2.84,-1.43,2.58
2024-01-08,300606,48.79,47.22,48.91,47.04,19601,61314285.0,3.82,-3.51,-1.72,1.67
2024-01-09,300606,47.86,49.41,49.5,47.04,29641,94063023.0,5.21,4.64,2.19,2.52
2024-01-10,300606,49.05,48.72,49.44,47.05,27241,86491384.0,4.84,-1.4,-0.69,2.32
2024-01-11,300606,48.19,50.11,50.76,47.73,31865,104114587.0,6.22,2.85,1.39,2.71
2024-01-12,300606,50.26,48.67,50.71,48.46,30040,97108425.0,4.49,-2.87,-1.44,2.55
2024-01-15,300606,48.67,48.72,49.02,47.14,21267,67224923.0,3.86,0.1,0.05,1.81
2024-01-16,300606,48.76,48.06,49.99,47.26,28059,89159705.0,5.6,-1.35,-0.66,2.39
2024-01-17,300606,48.07,46.54,48.18,46.54,15810,48957166.0,3.41,-3.16,-1.52,1.34
2024-01-18,300606,46.17,46.03,46.95,44.31,41915,124205849.0,5.67,-1.1,-0.51,3.56
2024-01-19,300606,45.93,44.58,46.18,44.37,27638,81442389.0,3.93,-3.15,-1.45,2.35
2024-01-22,300606,44.97,40.66,45.04,39.96,54553,150137425.0,11.4,-8.79,-3.92,4.64
2024-01-23,300606,40.66,40.75,41.56,40.29,28801,76836157.0,3.12,0.22,0.09,2.45
2024-01-24,300606,41.26,40.48,41.56,39.16,30412,80222398.0,5.89,-0.66,-0.27,2.59
2024-01-25,300606,40.02,35.38,40.21,34.36,200407,465652342.0,14.45,-12.6,-5.1,17.04
2024-01-26,300606,35.04,34.51,35.37,34.09,113603,257292814.0,3.62,-2.46,-0.87,9.66
2024-01-29,300606,34.66,33.48,35.13,33.48,69372,154313933.0,4.78,-2.98,-1.03,5.9
2024-01-30,300606,33.33,33.06,34.14,32.89,48820,106362291.0,3.73,-1.25,-0.42,4.15
2024-01-31,300606,33.04,31.39,33.48,31.12,61776,129163627.0,7.14,-5.05,-1.67,5.25
2024-02-01,300606,31.63,30.94,31.81,30.6,51807,104782945.0,3.85,-1.43,-0.45,4.41
2024-02-02,300606,30.79,29.11,31.42,27.87,65312,125527480.0,11.47,-5.91,-1.83,5.55
2024-02-05,300606,28.59,25.17,29.02,25.17,86439,146897175.0,13.23,-13.53,-3.94,7.35
2024-02-06,300606,25.11,26.94,28.87,22.86,110975,181994306.0,23.88,7.03,1.77,9.44
2024-02-07,300606,27.01,25.05,27.84,24.57,94373,158417973.0,12.14,-7.02,-1.89,8.03
2024-02-08,300606,25.42,29.91,29.91,24.12,128485,229719476.0,23.11,19.4,4.86,10.93
2024-02-19,300606,30.91,31.29,32.25,30.39,108374,219983392.0,6.22,4.61,1.38,9.22
2024-02-20,300606,30.99,32.58,32.86,30.1,101132,208462959.0,8.82,4.12,1.29,8.6
2024-02-21,300606,32.07,32.52,34.18,31.24,107791,231041352.0,9.02,-0.18,-0.06,9.17
2024-02-22,300606,32.46,33.69,33.91,32.29,80694,174804274.0,4.98,3.6,1.17,6.86
2024-02-23,300606,33.69,34.86,35.08,33.31,104068,231190956.0,5.25,3.47,1.17,8.85
2024-02-26,300606,35.19,36.46,38.23,34.92,123576,292919532.0,9.5,4.59,1.6,10.51
2024-02-27,300606,35.64,36.76,36.82,34.92,121014,283299282.0,5.21,0.82,0.3,10.29
2024-02-28,300606,36.75,32.71,36.99,32.71,141016,323332539.0,11.64,-11.02,-4.05,11.99
2024-02-29,300606,32.56,35.31,36.13,32.56,108192,244533116.0,10.91,7.95,2.6,9.2
2024-03-01,300606,35.31,35.16,35.76,34.48,77277,176522526.0,3.63,-0.42,-0.15,6.57
2024-03-04,300606,34.77,34.29,35.16,33.43,72259,161084134.0,4.92,-2.47,-0.87,6.15
2024-03-05,300606,33.73,33.46,34.29,33.28,52151,114850685.0,2.95,-2.42,-0.83,4.44
2024-03-06,300606,33.36,34.35,34.81,33.3,67012,149554070.0,4.51,2.66,0.89,5.7
2024-03-07,300606,34.33,33.12,35.43,33.01,89301,198179658.0,7.05,-3.58,-1.23,7.59
2024-03-08,300606,33.09,33.75,33.91,32.65,61904,134894855.0,3.8,1.9,0.63,5.26
2024-03-11,300606,33.46,34.47,34.59,33.16,55612,123468112.0,4.24,2.13,0.72,4.73
2024-03-12,300606,34.48,35.62,35.83,34.17,90881,207686678.0,4.82,3.34,1.15,7.73
2024-03-13,300606,35.31,35.64,36.25,34.78,86926,201118574.0,4.13,0.06,0.02,7.39
2024-03-14,300606,35.41,34.93,36.13,34.23,60244,137932233.0,5.33,-1.99,-0.71,5.12
2024-03-15,300606,34.92,35.64,35.67,34.5,60877,140094973.0,3.35,2.03,0.71,5.18
2024-03-18,300606,35.94,36.46,36.46,35.44,58026,136402795.0,2.86,2.3,0.82,4.93
2024-03-19,300606,37.8,36.69,39.19,36.58,160289,395241947.0,7.16,0.63,0.23,13.63
2024-03-20,300606,36.21,36.76,37.33,36.12,92263,221172761.0,3.3,0.19,0.07,7.85
2024-03-21,300606,37.65,37.09,38.64,36.93,103511,254132570.0,4.65,0.9,0.33,8.8
2024-03-22,300606,36.6,36.42,37.21,36.16,75606,180696886.0,2.83,-1.81,-0.67,6.43
2024-03-25,300606,36.24,34.56,36.28,34.54,67549,156111078.0,4.78,-5.11,-1.86,5.74
2024-03-26,300606,34.36,34.68,35.38,33.76,52905,119155309.0,4.69,0.35,0.12,4.5
2024-03-27,300606,34.51,32.28,34.78,32.14,54721,118751115.0,7.61,-6.92,-2.4,4.65
2024-03-28,300606,32.32,34.05,34.23,32.28,55301,120939800.0,6.04,5.48,1.77,4.7
2024-03-29,300606,33.76,35.08,35.73,33.46,62111,139631285.0,6.67,3.02,1.03,5.28
2024-04-01,300606,34.96,34.47,34.96,34.06,76635,171852669.0,2.57,-1.74,-0.61,6.52
2024-04-02,300606,34.18,33.46,34.35,32.95,62116,135341040.0,4.06,-2.93,-1.01,5.28
2024-04-03,300606,33.33,32.86,33.45,32.31,36540,78122386.0,3.41,-1.79,-0.6,3.11
2024-04-08,300606,32.68,31.68,32.68,31.51,39672,82447951.0,3.56,-3.59,-1.18,3.37
2024-04-09,300606,31.81,33.52,33.58,31.81,56212,120085567.0,5.59,5.81,1.84,4.78
2024-04-10,300606,33.51,32.29,34.47,31.89,62511,133478405.0,7.7,-3.67,-1.23,5.32
2024-04-11,300606,31.98,31.69,32.55,31.23,38425,79883392.0,4.09,-1.86,-0.6,3.27
2024-04-12,300606,31.86,31.41,32.41,31.38,31707,65735329.0,3.25,-0.88,-0.28,2.7
2024-04-15,300606,31.41,29.89,31.65,28.66,58153,113284659.0,9.52,-4.84,-1.52,4.95
2024-04-16,300606,29.49,26.98,29.52,26.26,67622,120942167.0,10.91,-9.74,-2.91,5.75
2024-04-17,300606,28.96,29.94,29.94,28.05,70412,134277365.0,7.01,10.97,2.96,5.99
2024-04-18,300606,29.56,28.81,29.94,28.51,53152,100121210.0,4.78,-3.77,-1.13,4.52
2024-04-19,300606,28.71,28.29,28.71,28.0,29498,54065035.0,2.46,-1.8,-0.52,2.51
2024-04-22,300606,27.76,28.14,28.59,27.13,30250,55045070.0,5.16,-0.53,-0.15,2.57
2024-04-23,300606,28.51,28.5,28.66,28.02,24481,45079294.0,2.27,1.28,0.36,2.08
2024-04-24,300606,28.5,29.88,29.89,28.5,40892,78295342.0,4.88,4.84,1.38,3.48
2024-04-25,300606,29.86,31.54,32.08,29.71,50871,103111043.0,7.93,5.56,1.66,4.33
2024-04-26,300606,31.53,32.08,32.41,31.11,51754,107223555.0,4.12,1.71,0.54,4.4
2024-04-29,300606,32.08,31.8,32.16,31.26,60009,123881720.0,2.81,-0.87,-0.28,5.1
2024-04-30,300606,31.86,31.03,32.13,30.78,43566,88553205.0,4.25,-2.42,-0.77,3.71
2024-05-06,300606,31.51,31.2,31.74,30.99,41416,84193215.0,2.42,0.55,0.17,3.52
2024-05-07,300606,31.38,31.74,31.86,30.91,38903,79818252.0,3.04,1.73,0.54,3.31
2024-05-08,300606,31.59,31.02,31.65,30.91,26649,54121404.0,2.33,-2.27,-0.72,2.27
2024-05-09,300606,30.76,31.24,31.56,30.76,23674,48219564.0,2.58,0.71,0.22,2.01
2024-05-10,300606,31.18,30.48,31.33,30.46,30930,61648803.0,2.78,-2.43,-0.76,2.63
2024-05-13,300606,30.15,30.22,30.69,29.11,47284,91818202.0,5.18,-0.85,-0.26,4.02
2024-05-14,300606,30.24,30.94,30.94,30.24,35660,71160347.0,2.32,2.38,0.72,3.03
2024-05-15,300606,31.05,32.26,32.34,30.22,58303,119065830.0,6.85,4.27,1.32,4.96
2024-05-16,300606,33.94,32.08,36.28,31.51,152135,327773301.0,14.79,-0.56,-0.18,12.94
2024-05-17,300606,30.54,30.25,30.94,30.07,98645,194644406.0,2.71,-5.7,-1.83,8.39
2024-05-20,300606,30.13,29.43,30.3,29.11,71206,136300138.0,3.93,-2.71,-0.82,6.06
2024-05-21,300606,29.34,28.63,29.34,28.53,45552,85069231.0,2.75,-2.72,-0.8,3.87
2024-05-22,300606,28.63,29.14,29.53,28.59,43112,81698818.0,3.28,1.78,0.51,3.67
2024-05-23,300606,28.84,28.8,29.37,28.65,38954,73444232.0,2.47,-1.17,-0.34,3.31
2024-05-24,300606,28.69,28.23,28.9,28.21,28035,51732733.0,2.4,-1.98,-0.57,2.38
2024-05-27,300606,27.16,27.09,27.3,25.54,63153,108610294.0,6.23,-4.04,-1.14,5.37
2024-05-28,300606,26.95,26.8,27.52,26.41,37425,65547794.0,4.1,-1.07,-0.29,3.18
2024-05-29,300606,26.8,25.81,26.89,25.63,61947,104374840.0,4.7,-3.69,-0.99,5.27
2024-05-30,300606,25.66,25.84,26.49,25.51,43196,72925540.0,3.8,0.12,0.03,3.67
2024-05-31,300606,25.51,26.43,26.62,25.5,38416,65528567.0,4.33,2.28,0.59,3.27
2024-06-03,300606,26.41,26.2,27.42,25.87,57198,98700969.0,5.86,-0.87,-0.23,4.86
2024-06-04,300606,24.91,24.69,25.51,24.01,59867,95919922.0,5.73,-5.76,-1.51,5.09
2024-06-05,300606,24.43,24.0,24.61,23.86,41102,64056095.0,3.04,-2.79,-0.69,3.5
2024-06-06,300606,24.13,22.54,24.39,22.24,56872,84370984.0,8.96,-6.08,-1.46,4.84
2024-06-07,300606,23.04,23.65,23.73,22.89,47316,71324820.0,3.73,4.92,1.11,4.02
2024-06-11,300606,23.65,24.18,24.24,22.78,34119,51795761.0,6.17,2.24,0.53,2.9
2024-06-12,300606,24.76,25.39,25.9,24.76,71264,117344319.0,4.71,5.0,1.21,6.06
2024-06-13,300606,25.74,25.63,26.8,25.53,72032,122114892.0,5.0,0.95,0.24,6.13
2024-06-14,300606,25.89,25.83,26.26,25.14,42342,70876947.0,4.37,0.78,0.2,3.6
2024-06-17,300606,25.74,26.97,28.59,25.36,78332,136286017.0,12.5,4.41,1.14,6.66
2024-06-18,300606,26.79,26.41,27.46,26.35,60881,104835804.0,4.12,-2.08,-0.56,5.18
2024-06-19,300606,26.46,26.31,26.58,25.9,37431,63663922.0,2.57,-0.38,-0.1,3.18
2024-06-20,300606,26.21,25.54,26.41,25.49,34716,57498054.0,3.5,-2.93,-0.77,2.95
2024-06-21,300606,25.58,25.4,25.64,24.91,20818,33777345.0,2.86,-0.55,-0.14,1.77
2024-06-24,300606,25.4,24.16,25.4,24.14,28029,44078336.0,4.96,-4.88,-1.24,2.38
2024-06-25,300606,24.17,24.46,25.39,24.17,35954,56918169.0,5.05,1.24,0.3,3.06
2024-06-26,300606,24.25,29.15,29.15,24.07,115256,197064124.0,20.77,19.17,4.69,9.8
2024-06-27,300606,28.69,28.54,30.97,28.28,204212,387261570.0,9.23,-2.09,-0.61,17.37
2024-06-28,300606,28.03,28.82,29.78,27.61,165306,306229267.0,7.6,0.98,0.28,14.06
2024-07-01,300606,29.14,28.36,29.27,27.76,92504,168283559.0,5.24,-1.6,-0.46,7.75
2024-07-02,300606,28.36,27.67,28.57,27.31,83391,148610720.0,4.44,-2.43,-0.69,6.99
2024-07-03,300606,27.7,29.02,29.71,27.02,184937,340944605.0,9.72,4.88,1.35,15.5
2024-07-04,300606,27.82,27.91,29.0,27.61,106967,194596031.0,4.79,-3.82,-1.11,8.96
2024-07-05,300606,28.04,29.92,30.16,27.7,189006,355273673.0,8.81,7.2,2.01,15.84
2024-07-08,300606,29.42,30.32,32.38,29.41,222897,443761482.0,9.93,1.34,0.4,18.68
2024-07-09,300606,30.32,33.26,35.32,29.63,256777,538156176.0,18.77,9.7,2.94,21.52
2024-07-10,300606,31.73,32.09,32.89,31.28,180415,372855383.0,4.84,-3.52,-1.17,15.12
2024-07-11,300606,32.36,33.14,33.31,31.64,178252,375670108.0,5.2,3.27,1.05,14.94
2024-07-12,300606,32.24,30.8,32.42,30.64,138471,279442523.0,5.37,-7.06,-2.34,11.6
2024-07-15,300606,30.49,31.27,31.66,30.04,98797,197804359.0,5.26,1.53,0.47,8.28
2024-07-16,300606,30.83,32.02,32.47,29.12,125429,248651236.0,10.71,2.4,0.75,10.51
2024-07-17,300606,31.78,29.63,31.81,29.5,106862,210674058.0,7.21,-7.46,-2.39,8.96
2024-07-18,300606,28.73,28.21,28.97,27.38,99874,180826330.0,5.37,-4.79,-1.42,8.37
2024-07-19,300606,28.21,28.18,28.88,27.89,72980,133387050.0,3.51,-0.11,-0.03,6.12
2024-07-22,300606,28.39,28.4,28.7,27.68,61618,111791725.0,3.62,0.78,0.22,5.16
2024-07-23,300606,28.1,27.07,28.13,26.98,67718,119852881.0,4.05,-4.68,-1.33,5.68
2024-07-24,300606,26.9,26.12,27.74,26.03,61792,105834321.0,6.32,-3.51,-0.95,5.18
2024-07-25,300606,26.11,26.21,26.93,25.64,56813,95856165.0,4.94,0.34,0.09,4.76
2024-07-26,300606,26.2,27.52,27.94,26.03,82039,143394464.0,7.29,5.0,1.31,6.88
2024-07-29,300606,27.38,28.28,28.46,27.38,67790,122121961.0,3.92,2.76,0.76,5.68
2024-07-30,300606,28.27,27.55,28.28,27.43,55719,99051837.0,3.01,-2.58,-0.73,4.67
2024-07-31,300606,27.58,28.76,28.85,27.38,73274,133760023.0,5.34,4.39,1.21,6.14
2024-08-01,300606,28.72,28.96,29.29,28.39,64155,118790999.0,3.13,0.7,0.2,5.38
2024-08-02,300606,28.21,28.01,28.97,27.91,50352,91843387.0,3.66,-3.28,-0.95,4.22
2024-08-05,300606,27.38,26.48,27.92,26.48,54104,94456670.0,5.14,-5.46,-1.53,4.53
2024-08-06,300606,26.93,26.92,27.38,26.62,32445,56003794.0,2.87,1.66,0.44,2.72
2024-08-07,300606,26.93,26.75,27.23,26.71,29185,50563216.0,1.93,-0.63,-0.17,2.45
2024-08-08,300606,26.74,26.59,26.8,25.99,28695,48547159.0,3.03,-0.6,-0.16,2.4
2024-08-09,300606,26.8,27.76,27.98,26.62,69674,122863084.0,5.11,4.4,1.17,5.84
2024-08-12,300606,27.37,26.89,27.89,26.68,52712,91877806.0,4.36,-3.13,-0.87,4.42
2024-08-13,300606,26.57,27.08,27.26,26.45,36140,62403746.0,3.01,0.71,0.19,3.03
2024-08-14,300606,27.01,27.26,27.64,26.87,40426,70682970.0,2.84,0.66,0.18,3.39
2024-08-15,300606,27.23,27.28,27.94,26.99,52399,92292849.0,3.48,0.07,0.02,4.39
2024-08-16,300606,27.23,28.22,28.37,27.23,83584,150669459.0,4.18,3.45,0.94,7.0
2024-08-19,300606,28.51,27.16,28.55,27.07,63789,113137272.0,5.24,-3.76,-1.06,5.35
2024-08-20,300606,26.92,26.39,27.79,26.33,47307,81583318.0,5.38,-2.84,-0.77,3.96
2024-08-21,300606,26.33,26.6,26.99,25.78,33653,57437500.0,4.59,0.8,0.21,2.82
2024-08-22,300606,26.6,25.58,26.77,25.46,41151,68319113.0,4.92,-3.83,-1.02,3.45
2024-08-23,300606,25.58,25.88,26.02,25.15,31064,51100355.0,3.4,1.17,0.3,2.6
2024-08-26,300606,25.58,30.86,30.86,25.48,117358,226638106.0,20.79,19.24,4.98,9.83
2024-08-27,300606,30.98,30.47,32.18,29.48,240604,479311504.0,8.75,-1.26,-0.39,20.16
2024-08-28,300606,29.87,31.45,32.0,29.87,220635,444697107.0,6.99,3.22,0.98,18.49
2024-08-29,300606,31.18,32.56,35.3,31.18,308289,655865391.0,13.1,3.53,1.11,25.84
2024-08-30,300606,32.3,32.56,34.66,32.03,289769,622577721.0,8.08,0.0,0.0,24.28
2024-09-02,300606,31.58,30.91,32.14,30.71,202206,407862442.0,4.39,-5.07,-1.65,16.95
2024-09-03,300606,30.83,31.09,31.18,30.2,123404,244896473.0,3.17,0.58,0.18,10.34
2024-09-04,300606,30.47,30.04,30.68,29.38,102696,198711557.0,4.18,-3.38,-1.05,8.61
2024-09-05,300606,30.04,29.84,30.13,29.47,71205,136464525.0,2.2,-0.67,-0.2,5.97
2024-09-06,300606,29.63,28.75,29.74,28.48,83338,155657714.0,4.22,-3.65,-1.09,6.98
2024-09-09,300606,29.33,28.25,29.33,27.85,57000,103690612.0,5.15,-1.74,-0.5,4.78
2024-09-10,300606,28.25,28.82,28.94,27.56,68636,125523643.0,4.88,2.02,0.57,5.75
2024-09-11,300606,28.73,28.22,28.82,28.0,47583,86527990.0,2.85,-2.08,-0.6,3.99
2024-09-12,300606,28.22,27.32,28.54,27.28,56555,101016258.0,4.46,-3.19,-0.9,4.74
2024-09-13,300606,27.53,27.14,27.55,27.11,32312,56618416.0,1.61,-0.66,-0.18,2.71
2024-09-18,300606,27.13,26.8,27.53,26.44,31795,54821497.0,4.02,-1.25,-0.34,2.66
2024-09-19,300606,27.23,27.1,27.35,26.77,42084,73233825.0,2.16,1.12,0.3,3.53
2024-09-20,300606,27.08,27.2,27.43,26.95,43297,75548416.0,1.77,0.37,0.1,3.63
2024-09-23,300606,27.38,27.91,27.98,26.81,77737,138429064.0,4.3,2.61,0.71,6.51
2024-09-24,300606,27.92,28.43,28.43,26.89,92836,165941875.0,5.52,1.86,0.52,7.78
2024-09-25,300606,28.51,28.13,29.21,27.98,105179,193803567.0,4.33,-1.06,-0.3,8.81
2024-09-26,300606,27.88,28.94,29.09,27.82,94721,174840507.0,4.51,2.88,0.81,7.94
2024-09-27,300606,29.2,30.68,31.4,28.91,172331,333355564.0,8.6,6.01,1.74,14.44
2024-09-30,300606,31.37,34.99,35.48,30.7,224920,479658673.0,15.58,14.05,4.31,18.85
2024-10-08,300606,41.48,40.94,41.48,36.22,255973,647635679.0,15.03,17.0,5.95,21.45
2024-10-09,300606,37.13,34.78,38.71,34.73,175125,420519018.0,9.72,-15.05,-6.16,14.68
2024-10-10,300606,35.35,34.78,36.38,33.98,103418,235937104.0,6.9,0.0,0.0,8.67
2024-10-11,300606,34.21,32.51,34.76,32.03,88321,189951069.0,7.85,-6.53,-2.27,7.4
2024-10-14,300606,32.56,34.97,35.12,32.08,115724,254894596.0,9.35,7.57,2.46,9.7
2024-10-15,300606,35.18,34.58,36.61,34.51,144644,334562821.0,6.01,-1.12,-0.39,12.12
2024-10-16,300606,33.91,33.68,34.84,32.98,99456,217694324.0,5.38,-2.6,-0.9,8.33
2024-10-17,300606,33.85,33.95,34.73,33.65,93688,207258659.0,3.21,0.8,0.27,7.85
2024-10-18,300606,34.52,36.23,36.97,33.94,204507,473329498.0,8.92,6.72,2.28,17.14
2024-10-21,300606,36.97,37.46,38.59,36.23,218698,530122932.0,6.51,3.39,1.23,18.33
2024-10-22,300606,36.98,36.61,37.55,35.68,135342,321520110.0,4.99,-2.27,-0.85,11.34
2024-10-23,300606,36.89,35.45,36.89,35.32,97791,228611747.0,4.29,-3.17,-1.16,8.2
2024-10-24,300606,35.06,35.71,36.07,34.67,74690,171324373.0,3.95,0.73,0.26,6.26
2024-10-25,300606,35.71,35.69,36.19,35.03,74271,171358613.0,3.25,-0.06,-0.02,6.22
2024-10-28,300606,35.89,37.27,37.66,35.26,130947,310199893.0,6.72,4.43,1.58,10.97
2024-10-29,300606,37.28,38.78,39.76,36.44,234964,582922218.0,8.91,4.05,1.51,19.69
2024-10-30,300606,37.0,37.58,37.73,36.08,153111,368894941.0,4.25,-3.09,-1.2,12.83
2024-10-31,300606,37.43,36.76,37.45,36.28,115834,276571651.0,3.11,-2.18,-0.82,9.71
2024-11-01,300606,36.38,33.25,36.47,32.83,124456,277649404.0,9.9,-9.55,-3.51,10.43
2024-11-04,300606,32.63,34.18,34.36,32.63,55833,122460529.0,5.2,2.8,0.93,4.68
2024-11-05,300606,34.42,34.78,35.15,33.91,77753,174392129.0,3.63,1.76,0.6,6.52
2024-11-06,300606,34.79,34.13,35.26,33.89,87543,195789436.0,3.94,-1.87,-0.65,7.34
2024-11-07,300606,33.56,35.0,35.0,33.46,78988,176391923.0,4.51,2.55,0.87,6.62
2024-11-08,300606,35.44,36.17,36.34,35.02,123932,287675481.0,3.77,3.34,1.17,10.39
2024-11-11,300606,36.23,36.88,36.95,35.93,103397,245295036.0,2.82,1.96,0.71,8.67
2024-11-12,300606,36.7,36.62,36.82,35.75,96677,227592412.0,2.9,-0.7,-0.26,8.1
2024-11-13,300606,36.38,37.42,37.7,35.78,121487,291691094.0,5.24,2.18,0.8,10.18
2024-11-14,300606,37.13,35.81,37.36,35.77,73051,173467411.0,4.25,-4.3,-1.61,6.12
2024-11-15,300606,35.78,35.81,37.06,35.44,60661,142100490.0,4.52,0.0,0.0,5.08
2024-11-18,300606,36.11,33.52,36.28,33.29,68196,150778023.0,8.35,-6.39,-2.29,5.72
2024-11-19,300606,33.53,34.69,34.69,33.25,46596,102700455.0,4.3,3.49,1.17,3.9
2024-11-20,300606,34.67,34.85,35.02,34.4,52929,119031169.0,1.79,0.46,0.16,4.44
2024-11-21,300606,34.64,34.31,34.69,33.76,56149,124458431.0,2.67,-1.55,-0.54,4.71
2024-11-22,300606,34.31,32.66,34.39,32.53,53724,116107699.0,5.42,-4.81,-1.65,4.5
2024-11-25,300606,33.04,33.11,33.46,31.73,47557,100738540.0,5.3,1.38,0.45,3.99
2024-11-26,300606,32.77,32.24,33.1,32.03,37080,77862662.0,3.23,-2.63,-0.87,3.11
2024-11-27,300606,31.91,33.29,33.31,31.06,62704,131874357.0,6.98,3.26,1.05,5.25
2024-11-28,300606,33.4,32.92,33.61,32.9,39398,84582488.0,2.13,-1.11,-0.37,3.3
2024-11-29,300606,32.86,34.09,34.66,32.12,85716,185929534.0,7.72,3.55,1.17,7.18
2024-12-02,300606,33.98,35.09,35.6,33.65,93703,210874982.0,5.72,2.93,1.0,7.85
2024-12-03,300606,34.96,34.82,35.68,34.61,76709,174567208.0,3.05,-0.77,-0.27,6.43
2024-12-04,300606,36.86,34.18,37.36,34.12,95294,219917098.0,9.3,-1.84,-0.64,7.99
2024-12-05,300606,33.68,34.6,35.02,33.68,63492,140569335.0,3.92,1.23,0.42,5.32
2024-12-06,300606,34.3,34.09,34.45,33.77,54702,120807007.0,1.97,-1.47,-0.51,4.58
2024-12-09,300606,34.1,33.71,34.28,33.23,42252,92284026.0,3.08,-1.11,-0.38,3.54
2024-12-10,300606,34.45,34.81,35.18,33.98,87842,196385349.0,3.56,3.26,1.1,7.36
2024-12-11,300606,34.31,34.6,34.73,34.21,50724,113345217.0,1.49,-0.6,-0.21,4.25
2024-12-12,300606,34.63,34.25,34.7,33.86,45556,101114995.0,2.43,-1.01,-0.35,3.82
2024-12-13,300606,34.22,33.16,34.24,33.14,51645,112249462.0,3.21,-3.18,-1.09,4.33
2024-12-16,300606,33.17,32.44,33.2,32.38,35422,74889070.0,2.47,-2.17,-0.72,2.97
2024-12-17,300606,32.21,31.84,32.69,31.66,33396,69390048.0,3.18,-1.85,-0.6,2.8
2024-12-18,300606,31.61,32.15,32.47,30.98,31024,63852091.0,4.68,0.97,0.31,2.6
2024-12-19,300606,31.64,32.33,32.44,31.57,26412,55051884.0,2.71,0.56,0.18,2.21
2024-12-20,300606,32.42,32.83,33.17,32.09,34392,73074387.0,3.34,1.55,0.5,2.88
2024-12-23,300606,32.84,31.58,32.93,31.48,30275,62823868.0,4.42,-3.81,-1.25,2.54
2024-12-24,300606,31.58,31.48,31.99,30.98,27928,56584638.0,3.2,-0.32,-0.1,2.34
2024-12-25,300606,31.49,30.55,31.58,30.43,28710,57123326.0,3.65,-2.95,-0.93,2.41
2024-12-26,300606,30.5,30.95,31.3,30.43,21861,43759703.0,2.85,1.31,0.4,1.83
2024-12-27,300606,30.91,31.51,32.18,30.86,30950,63135934.0,4.26,1.81,0.56,2.59
2024-12-30,300606,31.72,30.98,31.73,30.95,22600,45654540.0,2.48,-1.68,-0.53,1.89
2024-12-31,300606,31.0,29.77,31.28,29.71,27139,53099093.0,5.07,-3.91,-1.21,2.27
2025-01-02,300606,29.75,29.15,30.13,28.63,25188,47725445.0,5.04,-2.08,-0.62,2.11
2025-01-03,300606,29.03,27.58,29.36,27.55,29246,53394069.0,6.21,-5.39,-1.57,2.45
2025-01-06,300606,27.43,27.53,28.06,26.71,19941,35248759.0,4.89,-0.18,-0.05,1.67
2025-01-07,300606,27.92,28.22,28.24,27.5,21472,38508264.0,2.69,2.51,0.69,1.8
2025-01-08,300606,28.07,27.74,28.24,26.81,24859,44223162.0,5.07,-1.7,-0.48,2.08
2025-01-09,300606,27.76,28.03,28.22,27.68,19118,34476416.0,1.95,1.05,0.29,1.6
2025-01-10,300606,27.98,27.16,28.24,27.16,24043,43067880.0,3.85,-3.1,-0.87,2.01
2025-01-13,300606,27.02,27.35,27.44,26.36,17180,29819362.0,3.98,0.7,0.19,1.44
2025-01-14,300606,27.97,28.58,28.58,27.41,29461,53541600.0,4.28,4.5,1.23,2.47
2025-01-15,300606,28.82,28.48,28.99,28.33,20649,38013317.0,2.31,-0.35,-0.1,1.73
2025-01-16,300606,28.52,28.37,28.93,28.0,21996,40307779.0,3.27,-0.39,-0.11,1.84
2025-01-17,300606,28.13,29.45,29.45,28.13,53652,100256526.0,4.65,3.81,1.08,4.5
2025-01-20,300606,29.45,29.24,30.2,29.14,45546,86554641.0,3.6,-0.71,-0.21,3.82
2025-01-21,300606,29.41,29.42,29.87,29.03,27140,51509681.0,2.87,0.62,0.18,2.27
2025-01-22,300606,29.17,29.29,30.07,29.12,31440,59990806.0,3.23,-0.44,-0.13,2.63
2025-01-23,300606,29.9,28.81,29.9,28.73,33527,63467968.0,3.99,-1.64,-0.48,2.81
2025-01-24,300606,28.55,28.96,29.03,28.54,26863,49730963.0,1.7,0.52,0.15,2.25
2025-01-27,300606,28.67,27.68,29.03,27.47,32330,58415468.0,5.39,-4.42,-1.28,2.71
2025-02-05,300606,27.85,28.45,28.88,27.85,29634,54212921.0,3.72,2.78,0.77,2.48
2025-02-06,300606,28.33,29.11,29.15,28.21,25933,48249327.0,3.3,2.32,0.66,2.17
2025-02-07,300606,28.87,29.32,29.6,28.85,34347,64877572.0,2.58,0.72,0.21,2.88
2025-02-10,300606,29.42,29.35,29.63,29.06,33659,63612628.0,1.94,0.1,0.03,2.82
2025-02-11,300606,29.41,29.12,29.54,28.9,31432,58913802.0,2.18,-0.78,-0.23,2.63
2025-02-12,300606,29.06,29.86,30.46,28.96,54330,104323078.0,5.15,2.54,0.74,4.55
2025-02-13,300606,29.84,29.62,30.38,29.57,39023,75129211.0,2.71,-0.8,-0.24,3.27
2025-02-14,300606,29.59,29.72,30.14,29.14,42556,80991069.0,3.38,0.34,0.1,3.57
2025-02-17,300606,29.72,29.63,29.93,29.35,29163,55559190.0,1.95,-0.3,-0.09,2.44
2025-02-18,300606,29.65,28.46,29.78,28.45,30962,58066172.0,4.49,-3.95,-1.17,2.59
2025-02-19,300606,28.4,29.32,29.45,28.36,34305,64344639.0,3.83,3.02,0.86,2.87
2025-02-20,300606,29.57,29.66,29.8,29.27,30882,58740453.0,1.81,1.16,0.34,2.59
2025-02-21,300606,29.63,29.86,29.93,29.26,38055,72628105.0,2.26,0.67,0.2,3.19
2025-02-24,300606,29.71,30.65,31.28,29.33,78705,154848713.0,6.53,2.65,0.79,6.6
2025-02-25,300606,30.25,32.71,33.52,30.07,159898,332179061.0,11.26,6.72,2.06,13.4
2025-02-26,300606,32.39,32.26,33.05,31.88,103774,216261502.0,3.58,-1.38,-0.45,8.7
2025-02-27,300606,32.23,31.49,32.23,30.92,67413,137166466.0,4.06,-2.39,-0.77,5.65
2025-02-28,300606,31.3,30.91,32.41,30.89,77464,158144112.0,4.83,-1.84,-0.58,6.49
2025-03-03,300606,30.82,31.28,31.66,30.32,57224,114879431.0,4.34,1.2,0.37,4.8
2025-03-04,300606,30.98,31.37,31.43,30.83,37224,74982038.0,1.92,0.29,0.09,3.12
2025-03-05,300606,31.37,33.34,33.52,31.12,134272,283375510.0,7.65,6.28,1.97,11.25
2025-03-06,300606,32.98,34.57,35.42,32.54,181921,401614322.0,8.64,3.69,1.23,15.25
2025-03-07,300606,33.98,33.29,35.26,33.13,131279,291699021.0,6.16,-3.7,-1.28,11.0
2025-03-10,300606,33.31,32.62,33.61,32.41,72834,153819864.0,3.6,-2.01,-0.67,6.1
2025-03-11,300606,32.03,32.77,32.93,31.73,85625,179779226.0,3.68,0.46,0.15,7.18
2025-03-12,300606,32.93,33.1,33.53,32.5,74059,158770613.0,3.14,1.01,0.33,6.21
2025-03-13,300606,33.1,32.29,33.22,31.43,67125,139714082.0,5.41,-2.45,-0.81,5.63
2025-03-14,300606,32.2,32.51,32.71,31.76,50969,106468987.0,2.94,0.68,0.22,4.27
2025-03-17,300606,32.39,32.93,33.22,32.35,51003,108420904.0,2.68,1.29,0.42,4.27
2025-03-18,300606,32.66,32.77,33.16,32.65,38904,82589414.0,1.55,-0.49,-0.16,3.26
2025-03-19,300606,32.6,32.53,32.93,32.23,42047,88339175.0,2.14,-0.73,-0.24,3.52
2025-03-20,300606,32.63,32.99,33.35,32.05,60943,129819023.0,4.0,1.41,0.46,5.11
2025-03-21,300606,32.33,31.06,32.53,31.06,67358,137162509.0,4.46,-5.85,-1.93,5.64
2025-03-24,300606,31.09,29.78,31.28,28.73,57700,110917441.0,8.21,-4.12,-1.28,4.84
2025-03-25,300606,29.71,29.27,29.71,29.08,27866,52780783.0,2.12,-1.71,-0.51,2.34
2025-03-26,300606,29.2,29.93,30.23,29.2,30779,59436063.0,3.52,2.25,0.66,2.58
2025-03-27,300606,29.78,29.51,29.89,29.15,24452,46580152.0,2.47,-1.4,-0.42,2.05
2025-03-28,300606,29.45,28.97,29.92,28.97,20299,38319122.0,3.22,-1.83,-0.54,1.7
2025-03-31,300606,28.75,28.66,28.97,28.07,20778,38019378.0,3.11,-1.07,-0.31,1.74
2025-04-01,300606,28.64,28.82,29.17,28.64,15145,28203803.0,1.85,0.56,0.16,1.27
2025-04-02,300606,28.73,28.9,29.14,28.6,13767,25625333.0,1.87,0.28,0.08,1.15
2025-04-03,300606,28.58,28.4,29.03,28.09,19266,35338525.0,3.25,-1.73,-0.5,1.61
2025-04-07,300606,26.5,22.91,26.86,22.91,53215,83178873.0,13.91,-19.33,-5.49,4.46
2025-04-08,300606,22.91,23.45,24.38,22.45,45139,67300292.0,8.42,2.36,0.54,3.78
2025-04-09,300606,23.45,24.2,24.52,21.64,47687,71165238.0,12.28,3.2,0.75,4.0
2025-04-10,300606,24.95,24.71,25.43,24.71,35800,57448735.0,2.98,2.11,0.51,3.0
2025-04-11,300606,24.58,25.07,25.52,24.46,29946,48212673.0,4.29,1.46,0.36,2.51
2025-04-14,300606,25.61,25.64,26.2,25.54,30579,50614151.0,2.63,2.27,0.57,2.56
2025-04-15,300606,26.09,25.63,26.09,25.3,19241,31566532.0,3.08,-0.04,-0.01,1.61
2025-04-16,300606,25.6,24.73,25.73,24.26,29317,46719306.0,5.74,-3.51,-0.9,2.46
2025-04-17,300606,24.97,24.83,25.31,24.52,23229,37312780.0,3.19,0.4,0.1,1.95
2025-04-18,300606,24.77,24.73,25.1,24.46,20522,32508802.0,2.58,-0.4,-0.1,1.72
2025-04-21,300606,24.82,25.22,25.28,24.53,17445,28030775.0,3.03,1.98,0.49,1.46
2025-04-22,300606,25.34,24.97,25.34,24.92,17097,27434524.0,1.67,-0.99,-0.25,1.43
2025-04-23,300606,25.13,25.6,25.66,25.12,25485,41576113.0,2.16,2.52,0.63,2.14
2025-04-24,300606,25.73,25.01,25.73,24.89,22934,37106385.0,3.28,-2.3,-0.59,1.92
2025-04-25,300606,25.01,24.91,25.21,24.83,16917,27062103.0,1.52,-0.4,-0.1,1.42
2025-04-28,300606,24.64,24.55,24.94,24.28,18437,28991618.0,2.65,-1.45,-0.36,1.55
2025-04-29,300606,25.04,25.64,27.04,25.04,39824,65722260.0,8.15,4.44,1.09,3.34
2025-04-30,300606,25.85,26.11,26.33,25.52,32396,54266321.0,3.16,1.83,0.47,2.71
2025-05-06,300606,26.29,27.23,27.28,26.03,32417,56102719.0,4.79,4.29,1.12,2.72
2025-05-07,300606,27.46,27.41,27.8,27.22,32956,58268040.0,2.13,0.66,0.18,2.76
2025-05-08,300606,27.41,28.01,28.07,27.41,31835,56909959.0,2.41,2.19,0.6,2.67
2025-05-09,300606,28.09,27.55,28.16,27.4,25878,45948555.0,2.71,-1.64,-0.46,2.17
2025-05-12,300606,27.83,28.0,28.04,27.67,21898,39323304.0,1.34,1.63,0.45,1.84
2025-05-13,300606,28.46,27.82,28.6,27.77,20766,37504923.0,2.96,-0.64,-0.18,1.74
2025-05-14,300606,27.88,27.62,28.09,27.49,21423,38121609.0,2.16,-0.72,-0.2,1.8
2025-05-15,300606,27.64,27.44,27.67,27.22,17287,30484481.0,1.63,-0.65,-0.18,1.45
2025-05-16,300606,27.52,27.94,28.33,27.32,28845,51964328.0,3.68,1.82,0.5,2.42
2025-05-19,300606,27.74,28.09,28.27,27.67,18963,34082411.0,2.15,0.54,0.15,1.59
2025-05-20,300606,27.97,28.12,28.52,27.89,17850,32267072.0,2.24,0.11,0.03,1.5
2025-05-21,300606,28.03,27.89,28.3,27.65,18675,33572902.0,2.31,-0.82,-0.23,1.57
2025-05-22,300606,27.83,27.43,28.12,27.26,17457,31014546.0,3.08,-1.65,-0.46,1.46
2025-05-23,300606,27.46,27.68,28.42,27.26,30576,54749323.0,4.23,0.91,0.25,2.56
2025-05-26,300606,27.58,27.8,28.25,27.47,22194,39692515.0,2.82,0.43,0.12,1.86
2025-05-27,300606,27.77,28.3,28.78,27.74,47094,85609459.0,3.74,1.8,0.5,3.95
2025-05-28,300606,27.98,27.95,28.33,27.74,25840,46482849.0,2.08,-1.24,-0.35,2.17
2025-05-29,300606,27.83,28.33,28.33,27.73,29628,53728827.0,2.15,1.36,0.38,2.48
2025-05-30,300606,28.34,27.79,28.34,27.68,24115,43181808.0,2.33,-1.91,-0.54,2.02
2025-06-03,300606,27.64,28.04,28.21,27.38,19553,35289380.0,2.99,0.9,0.25,1.64
2025-06-04,300606,28.04,28.46,29.02,27.98,32372,59211747.0,3.71,1.5,0.42,2.71
2025-06-05,300606,28.6,28.64,28.87,28.25,27851,51224527.0,2.18,0.63,0.18,2.33
2025-06-06,300606,28.48,28.76,28.88,28.34,23390,43104534.0,1.89,0.42,0.12,1.96
2025-06-09,300606,28.9,29.23,29.29,28.79,28456,53243699.0,1.74,1.63,0.47,2.38
2025-06-10,300606,29.31,28.94,29.42,28.37,37798,70038181.0,3.59,-0.99,-0.29,3.17
2025-06-11,300606,28.94,29.13,29.54,28.79,32033,59991292.0,2.59,0.66,0.19,2.68
2025-06-12,300606,29.19,29.73,29.79,29.0,41759,78739633.0,2.71,2.06,0.6,3.5
2025-06-13,300606,29.27,28.82,29.79,28.79,44930,83903239.0,3.36,-3.06,-0.91,3.77
2025-06-16,300606,28.7,29.97,30.83,28.7,84376,162021119.0,7.39,3.99,1.15,7.07
2025-06-17,300606,29.67,29.63,30.36,29.4,62650,119731571.0,3.2,-1.13,-0.34,5.11
2025-06-18,300606,29.43,29.69,29.87,29.21,32241,61183354.0,2.23,0.2,0.06,2.63
2025-06-19,300606,29.51,29.06,29.96,28.89,32566,61134166.0,3.6,-2.12,-0.63,2.65
2025-06-20,300606,29.16,29.6,30.41,29.06,45063,85332944.0,4.65,1.86,0.54,3.67
2025-06-23,300606,29.16,29.66,29.73,28.89,33173,62668041.0,2.84,0.2,0.06,2.7
2025-06-24,300606,29.57,30.11,30.12,29.55,39523,75772485.0,1.92,1.52,0.45,3.22
2025-06-25,300606,30.24,30.35,30.5,30.05,54418,105723557.0,1.49,0.8,0.24,4.43
2025-06-26,300606,30.39,30.06,30.56,30.0,39629,76840825.0,1.85,-0.96,-0.29,3.23
2025-06-27,300606,30.06,30.41,30.71,29.78,51304,99391515.0,3.09,1.16,0.35,4.18
2025-06-30,300606,30.44,30.74,30.96,30.29,47333,93240651.0,2.2,1.09,0.33,3.86
2025-07-01,300606,30.89,33.69,36.15,30.86,253761,548959857.0,17.21,9.6,2.95,20.68
2025-07-02,300606,32.19,34.76,34.98,32.19,252021,551685697.0,8.28,3.18,1.07,20.54
2025-07-03,300606,33.99,34.34,34.35,32.75,163661,352797395.0,4.6,-1.21,-0.42,13.34
2025-07-04,300606,33.71,32.12,34.01,32.06,125005,263017903.0,5.68,-6.46,-2.22,10.19
2025-07-07,300606,31.76,32.58,32.81,31.47,68619,142287492.0,4.17,1.43,0.46,5.59
2025-07-08,300606,32.57,33.11,33.99,32.21,114841,245482989.0,5.46,1.63,0.53,9.36
2025-07-09,300606,32.27,31.83,32.43,31.61,112277,230321119.0,2.48,-3.87,-1.28,9.4
2025-07-10,300606,31.8,30.98,32.25,30.68,80180,160330083.0,4.93,-2.67,-0.85,6.81
2025-07-11,300606,30.98,30.81,31.08,30.5,53500,105604749.0,1.87,-0.55,-0.17,4.55
2025-07-14,300606,30.89,31.49,31.65,30.62,56251,112862522.0,3.34,2.21,0.68,4.78
2025-07-15,300606,31.23,30.96,31.43,30.56,43253,85882819.0,2.76,-1.68,-0.53,3.68
2025-07-16,300606,30.98,30.98,31.13,30.72,28184,56027313.0,1.32,0.06,0.02,2.4
2025-07-17,300606,30.96,31.37,31.68,30.78,42405,85064647.0,2.91,1.26,0.39,3.6
2025-07-18,300606,31.38,31.05,31.58,30.89,32615,65067480.0,2.2,-1.02,-0.32,2.77
2025-07-21,300606,31.07,31.2,31.2,30.83,31542,62797640.0,1.19,0.48,0.15,2.68
2025-07-22,300606,31.2,30.78,31.2,30.59,44245,87673059.0,1.96,-1.35,-0.42,3.76
2025-07-23,300606,30.89,30.05,30.89,30.0,44773,87029816.0,2.89,-2.37,-0.73,3.8
2025-07-24,300606,30.05,30.51,30.54,29.96,29022,56648591.0,1.93,1.53,0.46,2.47
2025-07-25,300606,30.5,30.8,30.81,30.41,28826,56570565.0,1.31,0.95,0.29,2.45
2025-07-28,300606,30.9,31.47,31.56,30.75,53623,107694005.0,2.63,2.18,0.67,4.56
2025-07-29,300606,31.46,31.19,31.64,30.96,35385,70945449.0,2.16,-0.89,-0.28,3.01
2025-07-30,300606,31.14,30.95,31.28,30.68,35603,70680968.0,1.92,-0.77,-0.24,3.03
2025-07-31,300606,30.84,30.78,31.44,30.65,35415,70639906.0,2.55,-0.55,-0.17,3.01
2025-08-01,300606,30.86,31.08,31.25,30.71,30884,61557255.0,1.75,0.97,0.3,2.62
2025-08-04,300606,30.9,31.68,31.7,30.84,51983,105028083.0,2.77,1.93,0.6,4.42
2025-08-05,300606,31.76,32.19,32.22,31.68,44470,91416695.0,1.7,1.61,0.51,3.78
2025-08-06,300606,32.22,32.4,32.81,32.04,53468,111585067.0,2.39,0.65,0.21,4.54
2025-08-07,300606,32.13,32.64,32.66,32.13,47805,99767692.0,1.64,0.74,0.24,4.06
2025-08-08,300606,32.58,32.42,32.58,32.1,39126,81361116.0,1.47,-0.67,-0.22,3.32
2025-08-11,300606,32.4,33.98,34.13,32.4,108276,234029668.64,5.34,4.81,1.56,9.2
