datetime,sec_code,open,close,high,low,volume,turnover,amplitude,price_change_percentage,price_change_amount,turnover_rate
1996-11-04,600772,17.0,17.0,17.79,16.18,35084,58778000.0,23.4,147.09,10.12,23.39
1996-11-05,600772,17.07,17.21,17.54,16.79,20596,35199000.0,4.41,1.24,0.21,13.73
1996-11-06,600772,17.29,16.59,17.46,16.0,5378,9034000.0,8.48,-3.6,-0.62,3.59
1996-11-07,600772,16.59,16.62,17.0,16.47,3334,5594000.0,3.19,0.18,0.03,2.22
1996-11-08,600772,16.79,16.97,17.1,16.62,4445,7536000.0,2.89,2.11,0.35,2.96
1996-11-11,600772,17.1,18.04,18.46,17.1,17157,30870000.0,8.01,6.31,1.07,11.44
1996-11-12,600772,18.45,18.2,18.45,17.89,8971,16265000.0,3.1,0.89,0.16,5.98
1996-11-13,600772,18.38,18.79,18.85,18.14,9775,18072000.0,3.9,3.24,0.59,6.52
1996-11-14,600772,18.79,18.55,19.31,18.51,9242,17445000.0,4.26,-1.28,-0.24,6.16
1996-11-15,600772,18.47,20.78,20.79,18.39,23320,45799000.0,12.94,12.02,2.23,15.55
1996-11-18,600772,21.2,22.0,23.18,21.18,25695,55725000.0,9.62,5.87,1.22,17.13
1996-11-19,600772,23.0,23.0,23.5,22.5,16918,39125000.0,4.55,4.55,1.0,11.28
1996-11-20,600772,23.35,22.85,24.0,22.5,18132,42068000.0,6.52,-0.65,-0.15,12.09
1996-11-21,600772,22.79,20.89,22.79,20.5,9431,20625000.0,10.02,-8.58,-1.96,6.29
1996-11-22,600772,20.51,21.42,21.47,20.07,7245,15078000.0,6.7,2.54,0.53,4.83
1996-11-25,600772,21.42,21.43,21.95,20.98,5466,11746000.0,4.53,0.05,0.01,3.64
1996-11-26,600772,21.48,20.89,21.7,20.54,5137,10795000.0,5.41,-2.52,-0.54,3.42
1996-11-27,600772,20.87,21.5,21.6,20.87,7016,14909000.0,3.49,2.92,0.61,4.68
1996-11-28,600772,21.52,22.11,22.6,21.5,10943,24201000.0,5.12,2.84,0.61,7.3
1996-11-29,600772,22.11,21.89,22.4,21.8,5282,11667000.0,2.71,-1.0,-0.22,3.52
1996-12-02,600772,22.5,22.61,22.97,22.2,9576,21766000.0,3.52,3.29,0.72,6.38
1996-12-03,600772,22.97,22.6,23.2,22.0,5932,13446000.0,5.31,-0.04,-0.01,3.95
1996-12-04,600772,22.6,22.95,23.0,22.45,6568,14975000.0,2.43,1.55,0.35,4.38
1996-12-05,600772,22.87,24.39,24.5,22.87,11281,26860000.0,7.1,6.27,1.44,7.52
1996-12-06,600772,24.39,25.0,25.04,24.0,9404,23110000.0,4.26,2.5,0.61,6.27
1996-12-09,600772,25.1,26.95,26.96,25.1,12534,32617000.0,7.44,7.8,1.95,8.36
1996-12-10,600772,27.0,26.79,27.1,26.12,11143,29638000.0,3.64,-0.59,-0.16,7.43
1996-12-11,600772,26.79,27.5,28.0,26.79,8265,22738000.0,4.52,2.65,0.71,5.51
1996-12-12,600772,27.5,26.54,27.5,25.6,7708,20500000.0,6.91,-3.49,-0.96,5.14
1996-12-13,600772,26.39,25.52,26.6,25.52,8394,21901000.0,4.07,-3.84,-1.02,5.6
1996-12-16,600772,22.96,22.96,22.96,22.96,1525,3502000.0,0.0,-10.03,-2.56,1.02
1996-12-17,600772,20.67,20.67,22.5,20.67,7565,15979000.0,7.97,-9.97,-2.29,5.04
1996-12-18,600772,21.0,22.73,22.73,20.67,10510,23108000.0,9.97,9.97,2.06,7.01
1996-12-19,600772,23.0,22.62,24.68,21.79,18407,43063000.0,12.71,-0.48,-0.11,12.27
1996-12-20,600772,22.5,22.6,23.19,21.6,9727,21685000.0,7.03,-0.09,-0.02,6.48
1996-12-23,600772,23.2,22.75,23.7,22.61,5397,12416000.0,4.82,0.66,0.15,3.6
1996-12-24,600772,23.39,21.79,23.39,21.7,9356,21131000.0,7.43,-4.22,-0.96,6.24
1996-12-25,600772,22.0,22.5,23.1,20.89,9484,20899000.0,10.14,3.26,0.71,6.32
1996-12-26,600772,22.87,22.53,23.0,22.0,8424,18952000.0,4.44,0.13,0.03,5.62
1996-12-27,600772,22.5,22.12,22.5,21.38,8844,9727000.0,4.97,-1.82,-0.41,2.95
1996-12-30,600772,22.2,22.6,22.96,22.2,13871,15618000.0,3.44,2.17,0.48,4.62
1996-12-31,600772,22.7,22.06,22.88,21.62,10322,11481000.0,5.58,-2.39,-0.54,3.44
1997-01-02,600772,21.9,22.2,22.5,21.8,5511,6108000.0,3.17,0.63,0.14,1.84
1997-01-03,600772,22.0,20.6,22.62,20.6,7791,8643000.0,9.1,-7.21,-1.6,2.6
1997-01-06,600772,21.0,20.6,21.3,20.0,14547,15074000.0,6.31,0.0,0.0,4.85
1997-01-07,600772,20.4,21.08,21.2,20.2,4492,4666000.0,4.85,2.33,0.48,1.5
1997-01-08,600772,21.08,20.4,21.08,19.0,13077,13178000.0,9.87,-3.23,-0.68,4.36
1997-01-09,600772,20.0,20.8,20.9,20.0,8445,8718000.0,4.41,1.96,0.4,2.82
1997-01-10,600772,20.8,21.6,21.6,20.7,9397,9910000.0,4.33,3.85,0.8,3.13
1997-01-13,600772,21.6,22.92,23.0,21.6,20265,22738000.0,6.48,6.11,1.32,6.76
1997-01-14,600772,22.8,22.42,23.16,22.42,16990,19259000.0,3.23,-2.18,-0.5,5.66
1997-01-15,600772,22.4,22.66,22.8,22.2,7530,8477000.0,2.68,1.07,0.24,2.51
1997-01-16,600772,22.7,22.6,22.78,22.36,4581,5150000.0,1.85,-0.26,-0.06,1.53
1997-01-17,600772,22.64,22.44,22.7,21.82,5105,5671000.0,3.89,-0.71,-0.16,1.7
1997-01-20,600772,22.4,22.24,22.44,22.0,3959,4377000.0,1.96,-0.89,-0.2,1.32
1997-01-21,600772,22.0,21.94,22.24,21.8,5284,5812000.0,1.98,-1.35,-0.3,1.76
1997-01-22,600772,21.9,22.5,22.54,21.8,6250,6941000.0,3.37,2.55,0.56,2.08
1997-01-23,600772,22.36,22.2,22.56,22.04,4107,4573000.0,2.31,-1.33,-0.3,1.37
1997-01-24,600772,22.16,22.4,22.4,21.96,6251,6937000.0,1.98,0.9,0.2,2.08
1997-01-27,600772,22.6,22.84,22.86,22.3,9438,10686000.0,2.5,1.96,0.44,3.15
1997-01-28,600772,23.0,22.96,23.0,22.42,9748,11108000.0,2.54,0.53,0.12,3.25
1997-01-29,600772,22.9,22.56,22.9,22.56,6982,7915000.0,1.48,-1.74,-0.4,2.33
1997-01-30,600772,22.6,22.48,22.74,22.4,4392,4941000.0,1.51,-0.35,-0.08,1.46
1997-01-31,600772,22.5,22.48,22.7,22.48,6308,7109000.0,0.98,0.0,0.0,2.1
1997-02-17,600772,22.6,22.5,22.8,22.0,3523,3961000.0,3.56,0.09,0.02,1.17
1997-02-18,600772,22.78,20.38,22.78,20.36,8411,9133000.0,10.76,-9.42,-2.12,2.8
1997-02-19,600772,20.4,21.72,22.36,20.4,3227,3467000.0,9.62,6.58,1.34,1.08
1997-02-20,600772,19.54,21.06,21.4,19.54,7587,7832000.0,8.56,-3.04,-0.66,2.53
1997-02-21,600772,21.2,22.2,22.24,21.2,6056,6600000.0,4.94,5.41,1.14,2.02
1997-02-24,600772,22.5,22.84,23.0,22.0,15423,17349000.0,4.5,2.88,0.64,5.14
1997-02-25,600772,23.0,24.5,24.9,23.0,39307,47900000.0,8.32,7.27,1.66,13.1
1997-02-26,600772,24.5,24.7,24.76,24.04,21350,26108000.0,2.94,0.82,0.2,7.12
1997-02-27,600772,24.7,24.6,24.8,24.2,12822,15777000.0,2.43,-0.4,-0.1,4.27
1997-02-28,600772,24.6,26.2,26.34,24.4,31830,40681000.0,7.89,6.5,1.6,10.61
1997-03-03,600772,26.22,26.76,27.36,25.8,37769,50231000.0,5.95,2.14,0.56,12.59
1997-03-04,600772,26.8,26.3,26.8,25.2,23674,31099000.0,5.98,-1.72,-0.46,7.89
1997-03-05,600772,26.0,25.56,26.3,25.4,13761,17722000.0,3.42,-2.81,-0.74,4.59
1997-03-06,600772,25.36,26.2,26.22,25.04,11538,14801000.0,4.62,2.5,0.64,3.85
1997-03-07,600772,26.3,25.76,26.9,25.5,10666,13967000.0,5.34,-1.68,-0.44,3.56
1997-03-10,600772,26.0,26.1,26.48,25.9,11283,14722000.0,2.25,1.32,0.34,3.76
1997-03-11,600772,26.3,27.7,28.6,26.04,40786,56009000.0,9.81,6.13,1.6,13.6
1997-03-12,600772,27.6,27.76,28.3,27.02,25435,35330000.0,4.62,0.22,0.06,8.48
1997-03-13,600772,27.96,27.04,28.0,26.8,22006,30145000.0,4.32,-2.59,-0.72,7.34
1997-03-14,600772,26.72,26.86,27.02,26.02,22584,29859000.0,3.7,-0.67,-0.18,7.53
1997-03-17,600772,27.02,26.78,27.2,26.56,19890,26584000.0,2.38,-0.3,-0.08,6.63
1997-03-18,600772,26.72,26.38,27.0,26.2,16142,21311000.0,2.99,-1.49,-0.4,5.38
1997-03-19,600772,26.36,26.86,27.26,25.96,18014,24201000.0,4.93,1.82,0.48,6.0
1997-03-20,600772,27.2,26.4,28.3,26.0,25142,34550000.0,8.56,-1.71,-0.46,8.38
1997-03-21,600772,26.4,27.2,27.28,26.22,16687,22282000.0,4.02,3.03,0.8,5.56
1997-03-24,600772,28.0,28.96,29.48,27.38,49649,70823000.0,7.72,6.47,1.76,16.55
1997-03-25,600772,29.0,28.12,29.2,27.42,21224,29977000.0,6.15,-2.9,-0.84,7.07
1997-03-26,600772,28.4,27.72,28.56,27.48,13671,19093000.0,3.84,-1.42,-0.4,4.56
1997-03-27,600772,27.96,27.7,29.0,27.52,16995,23721000.0,5.34,-0.07,-0.02,5.67
1997-03-28,600772,28.0,27.4,28.2,27.2,12187,16907000.0,3.61,-1.08,-0.3,4.06
1997-03-31,600772,27.6,28.06,28.22,27.4,21241,29638000.0,2.99,2.41,0.66,7.08
1997-04-01,600772,28.1,27.72,28.24,27.6,9538,13248000.0,2.28,-1.21,-0.34,3.18
1997-04-02,600772,28.0,27.9,28.52,27.8,14600,20530000.0,2.6,0.65,0.18,4.87
1997-04-03,600772,28.0,29.12,29.3,28.0,41639,59809000.0,4.66,4.37,1.22,13.88
1997-04-04,600772,29.56,28.6,29.56,28.46,32244,46731000.0,3.78,-1.79,-0.52,10.75
1997-04-07,600772,28.2,28.5,28.56,28.0,19515,27595000.0,1.96,-0.35,-0.1,6.51
1997-04-08,600772,28.4,27.6,28.5,27.2,13530,18899000.0,4.56,-3.16,-0.9,4.51
1997-04-09,600772,27.42,28.16,28.16,27.42,16418,22929000.0,2.68,2.03,0.56,5.47
1997-04-10,600772,28.4,27.68,28.5,27.6,13264,18479000.0,3.2,-1.7,-0.48,4.42
1997-04-11,600772,27.68,27.16,28.0,26.16,11111,15146000.0,6.65,-1.88,-0.52,3.7
1997-04-14,600772,27.74,26.94,28.1,25.64,9511,12918000.0,9.06,-0.81,-0.22,3.17
1997-04-15,600772,26.94,27.56,27.56,26.4,9609,12892000.0,4.31,2.3,0.62,3.2
1997-04-16,600772,27.66,27.04,27.7,27.02,8862,12075000.0,2.47,-1.89,-0.52,2.95
1997-04-17,600772,27.0,26.76,27.0,26.56,6740,9015000.0,1.63,-1.04,-0.28,2.25
1997-04-18,600772,26.9,26.6,27.0,26.4,6870,9149000.0,2.24,-0.6,-0.16,2.29
1997-04-21,600772,26.76,26.8,27.1,26.4,12005,16047000.0,2.63,0.75,0.2,4.0
1997-04-22,600772,27.36,28.0,28.14,27.0,16386,22710000.0,4.25,4.48,1.2,5.46
1997-04-23,600772,28.0,27.6,28.2,27.22,11252,15557000.0,3.5,-1.43,-0.4,3.75
1997-04-24,600772,27.2,27.26,27.64,27.0,10604,14480000.0,2.32,-1.23,-0.34,3.53
1997-04-25,600772,27.2,26.56,27.2,26.5,11544,15418000.0,2.57,-2.57,-0.7,3.85
1997-04-28,600772,26.6,26.9,27.2,26.04,11688,15688000.0,4.37,1.28,0.34,3.9
1997-04-29,600772,26.9,27.6,27.8,26.38,19058,25911000.0,5.28,2.6,0.7,6.35
1997-04-30,600772,27.8,28.52,28.9,27.3,34115,48328000.0,5.8,3.33,0.92,11.37
1997-05-05,600772,29.2,30.6,31.1,28.86,49460,74322000.0,7.85,7.29,2.08,16.49
1997-05-06,600772,30.98,31.5,31.56,30.2,34391,53102000.0,4.44,2.94,0.9,11.46
1997-05-07,600772,31.7,32.38,33.06,31.0,37174,59755000.0,6.54,2.79,0.88,12.39
1997-05-08,600772,32.6,29.8,32.8,29.2,30245,47306000.0,11.12,-7.97,-2.58,10.08
1997-05-09,600772,29.76,31.8,32.4,29.0,24417,37347000.0,11.41,6.71,2.0,8.14
1997-05-12,600772,32.4,34.92,34.94,32.0,49823,84133000.0,9.25,9.81,3.12,16.61
1997-05-13,600772,35.2,35.3,35.3,33.62,27070,46459000.0,4.81,1.09,0.38,9.02
1997-05-14,600772,35.1,33.04,35.1,32.02,24056,40032000.0,8.73,-6.4,-2.26,8.02
1997-05-15,600772,32.4,34.76,35.0,32.0,30392,50874000.0,9.08,5.21,1.72,10.13
1997-05-16,600772,33.6,32.9,36.5,31.28,54848,93234000.0,15.02,-5.35,-1.86,18.28
1997-05-19,600772,34.0,33.14,34.4,32.2,27285,45709000.0,6.69,0.73,0.24,9.1
1997-05-20,600772,34.4,33.0,34.4,32.66,14995,25227000.0,5.25,-0.42,-0.14,5.0
1997-05-21,600772,33.2,31.0,33.56,30.3,10027,15806000.0,9.88,-6.06,-2.0,3.34
1997-05-23,600772,27.88,27.88,27.88,27.88,4941,6891000.0,0.0,-10.06,-3.12,1.65
1997-05-26,600772,27.04,25.12,27.04,25.12,5780,5598000.0,6.89,-9.9,-2.76,1.48
1997-05-27,600772,25.12,26.99,27.04,25.12,7245,7415000.0,7.64,7.44,1.87,1.86
1997-05-28,600772,26.78,26.21,26.78,25.74,7518,7593000.0,3.85,-2.89,-0.78,1.93
1997-05-29,600772,26.0,26.26,26.86,26.0,4654,4736000.0,3.28,0.19,0.05,1.19
1997-05-30,600772,26.26,26.75,26.75,26.0,6491,6573000.0,2.86,1.87,0.49,1.66
1997-06-02,600772,26.78,28.6,29.38,26.39,10184,10819000.0,11.18,6.92,1.85,2.61
1997-06-03,600772,29.38,29.12,29.87,28.13,9245,10382000.0,6.08,1.82,0.52,2.37
1997-06-04,600772,28.37,29.17,29.25,27.82,12377,13689000.0,4.91,0.17,0.05,3.17
1997-06-05,600772,29.17,28.6,29.38,27.77,14458,15695000.0,5.52,-1.95,-0.57,3.71
1997-06-06,600772,26.78,26.26,27.17,25.74,26824,27173000.0,5.0,-8.18,-2.34,6.88
1997-06-09,600772,26.26,26.91,26.91,26.26,16145,16507000.0,2.48,2.48,0.65,4.14
1997-06-10,600772,26.65,25.74,27.27,25.64,16100,16544000.0,6.06,-4.35,-1.17,4.13
1997-06-11,600772,25.48,25.48,26.0,24.57,6477,6251000.0,5.56,-1.01,-0.26,1.66
1997-06-12,600772,27.27,25.69,27.27,25.51,6202,6158000.0,6.91,0.82,0.21,1.59
1997-06-13,600772,23.66,26.13,26.26,23.53,7847,7778000.0,10.63,1.71,0.44,2.01
1997-06-16,600772,26.52,27.04,27.27,26.52,13566,14068000.0,2.87,3.48,0.91,3.48
1997-06-17,600772,27.69,26.0,28.11,25.95,11129,11446000.0,7.99,-3.85,-1.04,2.85
1997-06-18,600772,25.69,25.35,26.0,25.35,4855,4785000.0,2.5,-2.5,-0.65,1.24
1997-06-19,600772,25.48,25.06,25.64,24.96,5898,5769000.0,2.68,-1.14,-0.29,1.51
1997-06-20,600772,25.35,26.0,26.03,24.96,7425,7327000.0,4.27,3.75,0.94,1.9
1997-06-23,600772,26.49,25.71,26.49,25.17,6040,5976000.0,5.08,-1.12,-0.29,1.55
1997-06-24,600772,25.48,25.71,26.16,25.19,6768,6726000.0,3.77,0.0,0.0,1.74
1997-06-25,600772,26.03,26.13,26.49,25.92,7628,7687000.0,2.22,1.63,0.42,1.96
1997-06-26,600772,26.23,25.35,26.23,23.66,5490,5436000.0,9.84,-2.99,-0.78,1.41
1997-06-27,600772,25.64,24.7,25.79,24.7,4316,4201000.0,4.3,-2.56,-0.65,1.11
1997-07-02,600772,24.7,23.27,26.0,22.23,2433,2255000.0,15.26,-5.79,-1.43,0.62
1997-07-03,600772,23.4,21.84,23.4,21.61,1249,1066000.0,7.69,-6.15,-1.43,0.32
1997-07-04,600772,21.74,21.11,21.74,20.8,3137,2541000.0,4.3,-3.34,-0.73,0.8
1997-07-07,600772,21.37,19.73,21.55,19.73,1401,1119000.0,8.62,-6.54,-1.38,0.36
1997-07-08,600772,19.76,21.45,21.45,18.72,1918,1488000.0,13.84,8.72,1.72,0.49
1997-07-09,600772,20.54,22.1,22.88,20.54,3319,2743000.0,10.91,3.03,0.65,0.85
1997-07-10,600772,21.58,22.36,22.36,21.32,2970,2468000.0,4.71,1.18,0.26,0.76
1997-07-11,600772,21.45,23.09,23.09,21.45,2222,1932000.0,7.33,3.26,0.73,0.57
1997-07-14,600772,23.4,25.4,25.4,22.75,10606,10095000.0,11.48,10.0,2.31,2.72
1997-07-15,600772,25.4,26.78,26.78,24.99,6005,5992000.0,7.05,5.43,1.38,1.54
1997-07-16,600772,26.62,26.65,26.75,25.48,4893,4930000.0,4.74,-0.49,-0.13,1.25
1997-07-17,600772,26.39,26.0,26.39,25.74,2675,2679000.0,2.44,-2.44,-0.65,0.69
1997-07-18,600772,26.49,26.21,26.49,24.7,3411,3403000.0,6.88,0.81,0.21,0.87
1997-07-21,600772,25.74,25.45,26.08,25.22,1645,1635000.0,3.28,-2.9,-0.76,0.42
1997-07-22,600772,24.99,26.0,26.23,23.4,4311,4235000.0,11.12,2.16,0.55,1.11
1997-07-23,600772,26.0,25.48,26.23,24.67,11144,10755000.0,6.0,-2.0,-0.52,2.86
1997-07-24,600772,25.22,24.83,25.38,24.7,1727,1652000.0,2.67,-2.55,-0.65,0.44
1997-07-25,600772,24.18,25.38,25.45,23.66,4217,3976000.0,7.21,2.22,0.55,1.08
1997-07-28,600772,25.09,25.09,25.09,24.21,1003,941256.0,3.47,-1.14,-0.29,0.26
1997-07-29,600772,24.44,24.44,25.01,23.95,1049,988000.0,4.22,-2.59,-0.65,0.27
1997-07-30,600772,24.08,24.83,25.27,24.08,1126,1075000.0,4.87,1.6,0.39,0.29
1997-07-31,600772,24.49,24.65,25.09,24.23,1651,1560000.0,3.46,-0.72,-0.18,0.42
1997-08-01,600772,24.78,24.41,24.78,24.18,1356,1268000.0,2.43,-0.97,-0.24,0.35
1997-08-04,600772,24.96,25.97,26.21,24.18,3943,3822000.0,8.32,6.39,1.56,1.01
1997-08-05,600772,25.97,26.44,27.27,25.95,17416,17849000.0,5.08,1.81,0.47,4.47
1997-08-06,600772,26.31,25.27,26.55,25.17,4156,4151000.0,5.22,-4.43,-1.17,1.07
1997-08-07,600772,25.22,26.81,27.2,24.83,12036,12165000.0,9.38,6.09,1.54,3.09
1997-08-08,600772,27.04,26.31,27.2,26.0,6609,6758000.0,4.48,-1.86,-0.5,1.69
1997-08-11,600772,26.52,26.52,27.01,26.13,7250,7427000.0,3.34,0.8,0.21,1.86
1997-08-12,600772,26.91,27.2,28.29,26.73,23142,24447000.0,5.88,2.56,0.68,5.93
1997-08-13,600772,27.2,24.57,27.2,24.47,11186,11053000.0,10.04,-9.67,-2.63,2.87
1997-08-14,600772,25.09,25.22,25.35,23.17,9382,8674000.0,8.87,2.65,0.65,2.41
1997-08-15,600772,25.22,24.57,25.48,23.87,5046,4714000.0,6.38,-2.58,-0.65,1.29
1997-08-18,600772,24.47,23.53,24.47,23.4,3231,2928000.0,4.35,-4.23,-1.04,0.83
1997-08-19,600772,23.4,23.4,23.92,22.93,2675,2410000.0,4.21,-0.55,-0.13,0.69
1997-08-20,600772,23.53,23.87,24.44,23.4,1442,1311000.0,4.44,2.01,0.47,0.37
1997-08-21,600772,23.84,24.44,24.57,23.3,4355,3996000.0,5.32,2.39,0.57,1.12
1997-08-22,600772,24.18,24.39,25.09,24.13,4053,3829000.0,3.93,-0.2,-0.05,1.04
1997-08-25,600772,24.47,23.87,24.47,23.53,2721,2502000.0,3.85,-2.13,-0.52,0.7
1997-08-26,600772,23.87,24.86,25.19,23.84,16028,15163000.0,5.66,4.15,0.99,4.11
1997-08-27,600772,24.91,25.09,25.43,24.86,12514,12075000.0,2.29,0.93,0.23,3.21
1997-08-28,600772,24.96,25.48,25.69,24.91,9316,9070000.0,3.11,1.55,0.39,2.39
1997-08-29,600772,25.74,25.09,25.74,24.65,6835,6566000.0,4.28,-1.53,-0.39,1.75
1997-09-01,600772,25.09,25.3,25.56,23.4,6443,6179000.0,8.61,0.84,0.21,1.65
1997-09-02,600772,25.14,25.27,25.61,24.7,7099,6905000.0,3.6,-0.12,-0.03,1.82
1997-09-03,600772,25.09,25.43,25.58,24.96,5622,5453000.0,2.45,0.63,0.16,1.44
1997-09-04,600772,25.51,26.18,26.42,25.22,11839,11850000.0,4.72,2.95,0.75,3.04
1997-09-05,600772,26.34,25.84,26.62,25.53,9507,9576000.0,4.16,-1.3,-0.34,2.44
1997-09-08,600772,25.84,25.48,25.84,25.32,3911,3828000.0,2.01,-1.39,-0.36,1.0
1997-09-09,600772,25.48,24.93,25.48,23.79,3591,3470000.0,6.63,-2.16,-0.55,0.92
1997-09-10,600772,24.67,25.17,25.45,24.57,2323,2230000.0,3.53,0.96,0.24,0.6
1997-09-11,600772,25.48,24.57,25.58,24.57,3664,3516000.0,4.01,-2.38,-0.6,0.94
1997-09-12,600772,24.91,24.05,24.91,23.69,3165,2946000.0,4.97,-2.12,-0.52,0.81
1997-09-15,600772,23.79,25.14,25.14,23.79,5880,5555000.0,5.61,4.53,1.09,1.51
1997-09-16,600772,24.44,24.44,24.93,24.31,1347,1271000.0,2.47,-2.78,-0.7,0.35
1997-09-17,600772,24.44,23.82,24.52,23.82,3743,3471000.0,2.86,-2.54,-0.62,0.96
1997-09-18,600772,24.05,23.87,24.83,23.87,3582,3345000.0,4.03,0.21,0.05,0.92
1997-09-19,600772,24.67,24.23,24.67,23.95,5287,4917000.0,3.02,1.51,0.36,1.36
1997-09-22,600772,24.75,22.1,24.75,22.07,6283,5669000.0,11.06,-8.79,-2.13,1.61
1997-09-23,600772,22.1,20.88,23.06,20.28,4730,4018000.0,12.58,-5.52,-1.22,1.21
1997-09-24,600772,21.45,22.2,22.36,21.37,5271,4449000.0,4.74,6.32,1.32,1.35
1997-09-25,600772,22.33,22.54,23.01,22.33,4643,4038000.0,3.06,1.53,0.34,1.19
1997-09-26,600772,22.23,21.84,22.39,21.84,1255,1069000.0,2.44,-3.11,-0.7,0.32
1997-09-29,600772,21.84,21.16,21.87,21.06,1713,1405000.0,3.71,-3.11,-0.68,0.44
1997-09-30,600772,22.0,21.92,22.0,21.45,1468,1227000.0,2.6,3.59,0.76,0.38
1997-10-06,600772,22.36,21.76,22.36,21.74,729,613000.0,2.83,-0.73,-0.16,0.19
1997-10-07,600772,21.74,21.66,21.79,21.19,635,525000.0,2.76,-0.46,-0.1,0.16
1997-10-08,600772,22.36,23.09,23.09,21.79,2465,2145000.0,6.0,6.6,1.43,0.63
1997-10-09,600772,22.88,22.62,22.93,22.41,641,557000.0,2.25,-2.04,-0.47,0.16
1997-10-10,600772,22.62,22.85,22.85,22.31,734,638000.0,2.39,1.02,0.23,0.19
1997-10-13,600772,23.09,22.98,23.66,22.78,2272,2034000.0,3.85,0.57,0.13,0.58
1997-10-14,600772,22.88,22.75,22.88,22.36,426,369000.0,2.26,-1.0,-0.23,0.11
1997-10-15,600772,23.4,22.83,23.4,22.62,413,362000.0,3.43,0.35,0.08,0.11
1997-10-16,600772,22.88,22.88,23.11,22.62,1342,1183000.0,2.15,0.22,0.05,0.34
1997-10-17,600772,22.88,23.27,23.37,22.88,1773,1580000.0,2.14,1.7,0.39,0.45
1997-10-20,600772,23.4,23.66,24.05,23.4,2624,2386000.0,2.79,1.68,0.39,0.67
1997-10-21,600772,23.87,23.87,23.87,22.93,2337,2112000.0,3.97,0.89,0.21,0.6
1997-10-22,600772,23.87,22.85,23.87,22.39,2085,1842000.0,6.2,-4.27,-1.02,0.53
1997-10-23,600772,23.3,22.54,23.3,22.36,2227,1932000.0,4.11,-1.36,-0.31,0.57
1997-10-24,600772,22.54,22.62,22.8,22.23,1738,1508000.0,2.53,0.35,0.08,0.45
1997-10-27,600772,22.62,23.48,23.5,22.52,3581,3185000.0,4.33,3.8,0.86,0.92
1997-10-28,600772,23.53,23.14,24.39,22.36,5220,4725000.0,8.65,-1.45,-0.34,1.34
1997-10-29,600772,22.62,22.75,23.01,22.13,1761,1535000.0,3.8,-1.69,-0.39,0.45
1997-10-30,600772,22.78,22.13,23.09,22.13,2441,2136000.0,4.22,-2.73,-0.62,0.63
1997-10-31,600772,22.13,22.46,22.62,22.1,1319,1132000.0,2.35,1.49,0.33,0.34
1997-11-03,600772,21.84,22.1,22.67,21.84,886,752000.0,3.7,-1.6,-0.36,0.23
1997-11-04,600772,22.1,22.59,22.7,22.1,1045,902000.0,2.71,2.22,0.49,0.27
1997-11-05,600772,21.89,22.36,22.62,21.89,553,471873.0,3.23,-1.02,-0.23,0.14
1997-11-06,600772,22.36,23.14,23.56,22.36,5469,4903000.0,5.37,3.49,0.78,1.4
1997-11-07,600772,23.53,23.35,23.92,23.14,3669,3314000.0,3.37,0.91,0.21,0.94
1997-11-10,600772,23.92,23.43,24.1,23.27,2196,1984000.0,3.55,0.34,0.08,0.56
1997-11-11,600772,23.27,22.98,23.89,22.62,1768,1581000.0,5.42,-1.92,-0.45,0.45
1997-11-12,600772,23.53,23.45,23.63,23.01,2766,2489000.0,2.7,2.05,0.47,0.71
1997-11-13,600772,22.88,23.61,23.66,21.45,2461,2199000.0,9.42,0.68,0.16,0.63
1997-11-14,600772,23.66,23.35,23.66,23.14,2038,1832000.0,2.2,-1.1,-0.26,0.52
1997-11-17,600772,23.4,23.22,23.66,23.19,1763,1585000.0,2.01,-0.56,-0.13,0.45
1997-11-18,600772,23.09,23.32,23.45,22.88,2779,2493000.0,2.45,0.43,0.1,0.71
1997-11-19,600772,23.35,24.05,24.05,23.35,4991,4559000.0,3.0,3.13,0.73,1.28
1997-11-20,600772,24.05,23.66,24.05,23.35,3866,3516000.0,2.91,-1.62,-0.39,0.99
1997-11-21,600772,23.4,23.01,24.05,23.01,1942,1746000.0,4.4,-2.75,-0.65,0.5
1997-11-24,600772,23.4,22.7,23.4,22.59,1347,1187000.0,3.52,-1.35,-0.31,0.35
1997-11-25,600772,22.65,22.88,23.4,22.62,1356,1194000.0,3.44,0.79,0.18,0.35
1997-11-26,600772,23.14,23.22,23.27,22.88,1327,1180000.0,1.7,1.49,0.34,0.34
1997-11-27,600772,23.14,23.56,23.71,23.14,2386,2163000.0,2.45,1.46,0.34,0.61
1997-11-28,600772,23.4,24.31,24.44,23.4,5463,5037000.0,4.41,3.18,0.75,1.4
1997-12-01,600772,24.67,23.66,24.67,23.66,3444,3182000.0,4.15,-2.67,-0.65,0.88
1997-12-02,600772,23.79,23.27,23.92,23.14,1265,1147000.0,3.3,-1.65,-0.39,0.32
1997-12-03,600772,23.17,22.88,23.17,22.65,1079,947000.0,2.23,-1.68,-0.39,0.28
1997-12-04,600772,22.65,23.4,23.45,22.65,1545,1376000.0,3.5,2.27,0.52,0.4
1997-12-05,600772,24.44,23.4,24.44,23.4,969,877000.0,4.44,0.0,0.0,0.25
1997-12-08,600772,23.4,23.4,23.66,22.88,836,744000.0,3.33,0.0,0.0,0.21
1997-12-09,600772,23.66,23.22,23.66,23.14,684,612000.0,2.22,-0.77,-0.18,0.18
1997-12-10,600772,23.32,23.66,23.79,22.96,1857,1670000.0,3.57,1.89,0.44,0.48
1997-12-11,600772,23.79,24.39,24.47,23.4,7928,7349000.0,4.52,3.09,0.73,2.03
1997-12-12,600772,24.05,24.39,24.44,24.02,5302,4960000.0,1.72,0.0,0.0,1.36
1997-12-15,600772,24.05,25.14,25.32,24.05,7922,7601000.0,5.21,3.08,0.75,2.03
1997-12-16,600772,25.14,24.96,25.27,24.7,3326,3177000.0,2.27,-0.72,-0.18,0.85
1997-12-17,600772,24.7,24.93,24.96,22.62,4732,4461000.0,9.38,-0.12,-0.03,1.21
1997-12-18,600772,24.65,24.83,25.32,24.34,4875,4687000.0,3.93,-0.4,-0.1,1.25
1997-12-19,600772,25.17,24.75,25.17,24.26,1789,1687000.0,3.66,-0.32,-0.08,0.46
1997-12-22,600772,24.39,23.87,24.39,23.4,3261,2991000.0,4.0,-3.56,-0.88,0.84
1997-12-23,600772,23.87,23.66,23.92,23.48,1860,1693000.0,1.84,-0.88,-0.21,0.48
1997-12-24,600772,23.71,23.37,23.89,23.27,2319,2093000.0,2.62,-1.23,-0.29,0.59
1997-12-25,600772,23.4,23.56,23.84,23.17,1868,1692000.0,2.87,0.81,0.19,0.48
1997-12-26,600772,24.26,24.05,24.26,23.74,2286,2104000.0,2.21,2.08,0.49,0.59
1997-12-29,600772,23.92,24.44,25.06,23.66,6882,6481000.0,5.82,1.62,0.39,1.76
1997-12-31,600772,24.44,25.45,26.0,24.13,20341,19869000.0,7.65,4.13,1.01,5.22
1998-01-05,600772,26.47,24.96,26.47,24.7,4405,4280000.0,6.95,-1.93,-0.49,1.13
1998-01-06,600772,24.99,24.96,25.22,24.39,5291,5025000.0,3.33,0.0,0.0,1.36
1998-01-07,600772,24.96,24.91,25.22,24.31,2638,2517000.0,3.65,-0.2,-0.05,0.68
1998-01-08,600772,24.96,24.57,25.22,24.49,2493,2371000.0,2.93,-1.36,-0.34,0.64
1998-01-09,600772,24.65,24.28,24.7,23.84,3154,2937000.0,3.5,-1.18,-0.29,0.81
1998-01-12,600772,24.18,24.39,24.67,23.95,3516,3295000.0,2.97,0.45,0.11,0.9
1998-01-13,600772,23.79,23.4,23.92,21.94,6004,5292000.0,8.12,-4.06,-0.99,1.54
1998-01-14,600772,23.87,23.4,23.92,23.09,3359,3053000.0,3.55,0.0,0.0,0.86
1998-01-15,600772,23.53,23.84,23.92,23.4,3348,3047000.0,2.22,1.88,0.44,0.86
1998-01-16,600772,23.79,24.18,24.18,23.35,3475,3158000.0,3.48,1.43,0.34,0.89
1998-01-19,600772,23.92,23.66,23.92,23.53,1328,1211000.0,1.61,-2.15,-0.52,0.34
1998-01-20,600772,23.66,23.5,23.92,23.4,1344,1215000.0,2.2,-0.68,-0.16,0.34
1998-01-21,600772,23.66,23.53,23.66,23.4,1335,1208000.0,1.11,0.13,0.03,0.34
1998-01-22,600772,23.53,23.56,24.0,23.5,1578,1446000.0,2.12,0.13,0.03,0.4
1998-01-23,600772,23.79,23.66,23.79,23.56,1567,1426000.0,0.98,0.42,0.1,0.4
1998-02-09,600772,24.47,26.03,26.03,24.18,36109,35846000.0,7.82,10.02,2.37,9.26
1998-02-10,600772,26.44,27.61,28.24,26.0,44176,46752000.0,8.61,6.07,1.58,11.33
1998-02-11,600772,27.82,29.38,29.72,27.43,39094,43599000.0,8.29,6.41,1.77,10.02
1998-02-12,600772,29.12,29.54,30.16,28.57,21677,24580000.0,5.41,0.54,0.16,5.56
1998-02-13,600772,30.11,30.29,30.29,28.99,22339,25552000.0,4.4,2.54,0.75,5.73
1998-02-16,600772,30.32,30.94,31.2,29.38,23447,27296000.0,6.01,2.15,0.65,6.01
1998-02-17,600772,30.94,32.4,32.76,30.78,28511,35137000.0,6.4,4.72,1.46,7.31
1998-02-18,600772,32.32,31.2,32.71,30.97,27141,32964000.0,5.37,-3.7,-1.2,6.96
1998-02-19,600772,31.04,32.37,32.76,31.04,17909,22296000.0,5.51,3.75,1.17,4.59
1998-02-20,600772,32.5,32.89,33.54,32.37,19340,24618000.0,3.61,1.61,0.52,4.96
1998-02-23,600772,32.5,30.11,33.25,30.11,17867,22077000.0,9.55,-8.45,-2.78,4.58
1998-02-24,600772,30.84,30.94,31.59,30.84,12438,14916000.0,2.49,2.76,0.83,3.19
1998-02-25,600772,31.2,30.76,31.2,30.5,6683,7939000.0,2.26,-0.58,-0.18,1.71
1998-02-26,600772,30.76,30.21,30.76,29.33,8297,9579000.0,4.65,-1.79,-0.55,2.13
1998-02-27,600772,30.16,30.11,31.59,29.77,11004,12867000.0,6.02,-0.33,-0.1,2.82
1998-03-02,600772,29.9,30.16,30.78,29.41,7528,8729000.0,4.55,0.17,0.05,1.93
1998-03-03,600772,27.14,30.13,30.13,27.14,16660,18596000.0,9.91,-0.1,-0.03,4.27
1998-03-04,600772,29.64,31.98,32.58,29.59,17668,21318000.0,9.92,6.14,1.85,4.53
1998-03-05,600772,32.19,32.66,33.59,32.11,16926,21500000.0,4.63,2.13,0.68,4.34
1998-03-06,600772,32.66,32.5,33.15,32.27,6850,8588000.0,2.69,-0.49,-0.16,1.76
1998-03-09,600772,32.76,33.02,33.28,32.4,10151,12752000.0,2.71,1.6,0.52,2.6
1998-03-10,600772,33.28,32.37,33.28,32.11,6017,7557000.0,3.54,-1.97,-0.65,1.54
1998-03-11,600772,32.37,32.4,32.76,31.98,4695,5830000.0,2.41,0.09,0.03,1.2
1998-03-12,600772,32.24,32.92,33.33,31.98,6811,8632000.0,4.17,1.6,0.52,1.75
1998-03-13,600772,32.92,33.41,33.41,32.53,5223,6654000.0,2.67,1.49,0.49,1.34
1998-03-16,600772,33.28,35.36,35.57,33.28,19010,25593000.0,6.85,5.84,1.95,4.87
1998-03-17,600772,35.62,37.18,37.44,34.87,23563,33239000.0,7.27,5.15,1.82,6.04
1998-03-18,600772,37.0,36.04,37.96,35.93,11282,16007000.0,5.46,-3.07,-1.14,2.89
1998-03-19,600772,36.01,36.11,37.13,35.65,6005,8391000.0,4.11,0.19,0.07,1.54
1998-03-20,600772,36.66,37.18,37.7,36.14,7235,10315000.0,4.32,2.96,1.07,1.86
1998-03-23,600772,36.4,37.7,38.17,36.4,10177,14718000.0,4.76,1.4,0.52,2.61
1998-03-24,600772,37.49,39.26,39.49,37.49,11564,17351000.0,5.31,4.14,1.56,2.97
1998-03-25,600772,39.39,39.91,40.25,38.77,9996,15182000.0,3.77,1.66,0.65,2.56
1998-03-26,600772,39.65,38.19,40.17,37.8,10333,15384000.0,5.94,-4.31,-1.72,2.65
1998-03-27,600772,38.64,39.0,40.17,38.48,14598,22140000.0,4.43,2.12,0.81,3.74
1998-03-30,600772,39.0,39.26,39.52,38.04,10421,15619000.0,3.79,0.67,0.26,2.67
1998-03-31,600772,39.13,40.56,40.56,38.69,7156,10903000.0,4.76,3.31,1.3,1.83
1998-04-01,600772,40.56,41.81,42.07,40.3,4283,6810000.0,4.36,3.08,1.25,1.1
1998-04-02,600772,41.86,43.63,44.2,41.6,9976,16612000.0,6.22,4.35,1.82,2.56
1998-04-03,600772,43.73,42.77,43.86,41.89,10645,17471000.0,4.52,-1.97,-0.86,2.73
1998-04-07,600772,42.9,42.25,43.06,41.81,6645,10879000.0,2.92,-1.22,-0.52,1.7
1998-04-08,600772,42.59,41.65,42.59,40.85,13831,22086000.0,4.12,-1.42,-0.6,3.55
1998-04-09,600772,41.76,42.38,43.65,41.34,9192,14853000.0,5.55,1.75,0.73,2.36
1998-04-10,600772,43.89,44.98,45.32,43.68,15542,26588000.0,3.87,6.13,2.6,3.99
1998-04-13,600772,45.5,44.07,45.58,43.73,5837,9937000.0,4.11,-2.02,-0.91,1.5
1998-04-14,600772,43.89,43.94,44.43,43.55,2778,4706000.0,2.0,-0.29,-0.13,0.71
1998-04-15,600772,43.94,44.07,44.59,43.45,5622,9523000.0,2.59,0.3,0.13,1.44
1998-04-16,600772,43.94,44.25,44.72,43.47,3985,6768000.0,2.84,0.41,0.18,1.02
1998-04-17,600772,43.89,43.89,44.41,43.16,3317,5596000.0,2.82,-0.81,-0.36,0.85
1998-04-20,600772,43.39,42.9,43.68,42.43,3671,6041000.0,2.85,-2.26,-0.99,0.94
1998-04-21,600772,42.64,44.2,44.2,42.38,4331,7195000.0,4.24,3.03,1.3,1.11
1998-04-22,600772,44.46,43.68,45.14,42.9,5779,9844000.0,5.07,-1.18,-0.52,1.48
1998-04-23,600772,44.12,44.67,44.72,42.98,6612,11178000.0,3.98,2.27,0.99,1.7
1998-04-24,600772,44.46,42.67,44.62,42.61,3834,6394000.0,4.5,-4.48,-2.0,0.98
1998-04-27,600772,43.68,41.6,43.68,41.08,3347,5451000.0,6.09,-2.51,-1.07,0.86
1998-04-28,600772,42.07,40.51,42.07,40.04,7279,11384000.0,4.88,-2.62,-1.09,1.87
1998-04-29,600772,40.56,40.3,42.12,40.09,5219,8151000.0,5.01,-0.52,-0.21,1.34
1998-04-30,600772,41.6,41.6,41.83,40.3,7827,12314000.0,3.8,3.23,1.3,2.01
1998-05-04,600772,41.6,42.25,42.77,40.82,6686,10774000.0,4.69,1.56,0.65,1.71
1998-05-05,600772,42.25,40.82,42.85,40.33,10012,15985000.0,5.96,-3.38,-1.43,2.57
1998-05-06,600772,40.82,39.78,40.87,39.55,7773,11947000.0,3.23,-2.55,-1.04,1.99
1998-05-07,600772,39.57,38.74,41.08,38.17,10805,16478000.0,7.32,-2.61,-1.04,2.77
1998-05-08,600772,39.52,39.0,39.52,37.44,9080,13309000.0,5.37,0.67,0.26,2.33
1998-05-11,600772,39.0,39.52,39.52,37.31,6774,9951000.0,5.67,1.33,0.52,1.74
1998-05-12,600772,38.61,39.0,40.07,38.51,2887,4381000.0,3.95,-1.32,-0.52,0.74
1998-05-13,600772,39.52,38.92,39.52,38.22,3058,4559000.0,3.33,-0.21,-0.08,0.78
1998-05-14,600772,39.16,39.47,40.82,38.69,9260,14250000.0,5.47,1.41,0.55,2.37
1998-05-15,600772,39.26,42.09,42.43,39.21,18265,29206000.0,8.16,6.64,2.62,4.68
1998-05-18,600772,42.07,41.86,43.5,41.6,15277,25132000.0,4.51,-0.55,-0.23,3.92
1998-05-19,600772,42.85,42.07,42.9,41.29,5274,8512000.0,3.85,0.5,0.21,1.35
1998-05-20,600772,41.6,41.6,42.25,40.95,5388,8617000.0,3.09,-1.12,-0.47,1.38
1998-05-21,600772,42.12,41.29,42.12,40.72,3397,5377000.0,3.37,-0.75,-0.31,0.87
1998-05-22,600772,41.6,40.07,41.6,40.07,7908,12408000.0,3.71,-2.95,-1.22,2.03
1998-05-25,600772,40.04,40.66,41.37,39.0,15250,23382000.0,5.91,1.47,0.59,3.91
1998-05-26,600772,39.78,43.94,44.72,39.78,24380,40556000.0,12.15,8.07,3.28,6.25
1998-05-27,600772,43.94,43.29,46.02,43.11,10631,18205000.0,6.62,-1.48,-0.65,2.73
1998-05-28,600772,43.16,43.06,44.17,42.41,8567,14135000.0,4.07,-0.53,-0.23,2.2
1998-05-29,600772,43.16,42.95,43.16,42.64,6659,10987000.0,1.21,-0.26,-0.11,1.71
1998-06-01,600772,43.16,43.68,44.07,42.85,10570,17652000.0,2.84,1.7,0.73,2.71
1998-06-02,600772,43.68,42.46,43.99,42.33,8734,14416000.0,3.8,-2.79,-1.22,2.24
1998-06-03,600772,42.48,42.59,43.91,42.12,4268,6988000.0,4.22,0.31,0.13,1.09
1998-06-04,600772,42.9,42.38,43.16,41.6,3845,6286000.0,3.66,-0.49,-0.21,0.99
1998-06-05,600772,42.33,41.6,42.51,41.29,5927,9496000.0,2.88,-1.84,-0.78,1.52
1998-06-08,600772,41.86,40.82,42.17,40.01,5093,8023000.0,5.19,-1.88,-0.78,1.31
1998-06-09,600772,40.3,39.78,40.56,39.0,5176,7923000.0,3.82,-2.55,-1.04,1.33
1998-06-10,600772,40.25,41.57,42.25,39.52,6129,9705000.0,6.86,4.5,1.79,1.57
1998-06-11,600772,42.12,41.08,42.33,39.99,4122,6441000.0,5.63,-1.18,-0.49,1.06
1998-06-12,600772,41.34,40.82,42.12,40.51,4010,6322000.0,3.92,-0.63,-0.26,1.03
1998-06-15,600772,40.95,39.65,41.08,39.26,4063,6217000.0,4.46,-2.87,-1.17,1.04
1998-06-16,600772,39.52,39.52,39.94,39.31,1796,2737000.0,1.59,-0.33,-0.13,0.46
1998-06-17,600772,39.52,39.52,40.3,39.52,2399,3665000.0,1.97,0.0,0.0,0.62
1998-06-18,600772,40.3,39.62,40.51,39.42,3493,5353000.0,2.76,0.25,0.1,0.9
1998-06-19,600772,39.91,41.73,41.83,39.65,7761,12153000.0,5.5,5.33,2.11,1.99
1998-06-22,600772,41.86,41.6,42.33,41.13,5546,8922000.0,2.88,-0.31,-0.13,1.42
1998-06-23,600772,41.6,41.73,42.12,41.11,5779,9251000.0,2.43,0.31,0.13,1.48
1998-06-24,600772,41.86,41.34,41.86,41.21,3845,6125000.0,1.56,-0.93,-0.39,0.99
1998-06-25,600772,41.34,40.04,41.6,39.26,11959,18623000.0,5.66,-3.14,-1.3,3.07
1998-06-26,600772,40.04,39.49,40.27,39.36,12309,18775000.0,2.27,-1.37,-0.55,3.16
1998-06-29,600772,39.99,39.39,39.99,39.0,2220,3361000.0,2.51,-0.25,-0.1,0.57
1998-06-30,600772,39.42,39.26,39.7,38.9,1545,2340000.0,2.03,-0.33,-0.13,0.4
1998-07-01,600772,40.51,37.73,40.51,37.73,3114,4651000.0,7.08,-3.9,-1.53,0.8
1998-07-02,600772,37.96,36.92,38.22,36.14,4648,6606000.0,5.51,-2.15,-0.81,1.19
1998-07-03,600772,37.21,36.92,37.49,36.4,2762,3924000.0,2.95,0.0,0.0,0.71
1998-07-06,600772,36.92,34.92,37.86,34.32,3735,5084000.0,9.59,-5.42,-2.0,0.96
1998-07-07,600772,34.79,35.62,35.83,34.09,2312,3081000.0,4.98,2.0,0.7,0.59
1998-07-08,600772,35.1,35.1,35.88,34.97,3089,4197000.0,2.55,-1.46,-0.52,0.79
1998-07-09,600772,35.88,35.49,35.88,34.32,7010,9481000.0,4.44,1.11,0.39,1.8
1998-07-10,600772,37.91,36.79,37.91,35.49,7760,10839000.0,6.82,3.66,1.3,1.99
1998-07-13,600772,36.79,36.37,36.92,35.88,6103,8494000.0,2.83,-1.14,-0.42,1.56
1998-07-14,600772,36.53,36.84,37.44,35.88,6765,9572000.0,4.29,1.29,0.47,1.73
1998-07-15,600772,37.13,37.47,37.47,35.88,9476,13336000.0,4.32,1.71,0.63,2.43
1998-07-16,600772,37.18,37.57,37.57,36.27,6710,9495000.0,3.47,0.27,0.1,1.72
1998-07-17,600772,37.44,37.7,38.14,36.95,5809,8421000.0,3.17,0.35,0.13,1.49
1998-07-20,600772,37.7,36.66,38.09,36.14,3859,5491000.0,5.17,-2.76,-1.04,0.99
1998-07-21,600772,36.92,37.57,37.83,36.04,4742,6736000.0,4.88,2.48,0.91,1.22
1998-07-22,600772,37.57,36.76,37.57,36.27,2373,3350000.0,3.46,-2.16,-0.81,0.61
1998-07-23,600772,36.76,37.39,37.65,36.48,2907,4130000.0,3.18,1.71,0.63,0.75
1998-07-24,600772,36.87,37.91,37.91,36.27,8224,11785000.0,4.39,1.39,0.52,2.11
1998-07-27,600772,37.91,36.53,37.91,36.14,7860,11035000.0,4.67,-3.64,-1.38,2.02
1998-07-28,600772,33.83,34.79,37.86,33.28,8096,10917000.0,12.54,-4.76,-1.74,2.08
1998-07-29,600772,34.79,34.42,35.23,34.32,3313,4437000.0,2.62,-1.06,-0.37,0.85
1998-07-30,600772,34.61,34.79,34.79,34.19,4412,5841000.0,1.74,1.07,0.37,1.13
1998-07-31,600772,34.76,35.28,35.28,34.35,3942,5306000.0,2.67,1.41,0.49,1.01
1998-08-03,600772,35.28,35.31,35.88,34.97,5925,8084000.0,2.58,0.09,0.03,1.52
1998-08-04,600772,35.31,35.39,35.49,34.97,3099,4209000.0,1.47,0.23,0.08,0.79
1998-08-05,600772,35.31,36.14,36.27,35.15,3375,4643000.0,3.16,2.12,0.75,0.87
1998-08-06,600772,36.14,36.35,36.4,35.62,2791,3883000.0,2.16,0.58,0.21,0.72
1998-08-07,600772,36.17,36.4,36.82,35.62,3564,4974000.0,3.3,0.14,0.05,0.91
1998-08-10,600772,36.17,35.59,36.35,34.32,3948,5382000.0,5.58,-2.23,-0.81,1.01
1998-08-11,600772,35.36,35.05,36.4,34.32,1707,2298000.0,5.84,-1.52,-0.54,0.44
1998-08-12,600772,34.81,34.84,35.36,34.03,2179,2888547.0,3.79,-0.6,-0.21,0.56
1998-08-13,600772,35.1,35.36,35.36,34.06,3176,4246000.0,3.73,1.49,0.52,0.81
1998-08-14,600772,35.1,35.1,35.31,34.32,3662,4927000.0,2.8,-0.74,-0.26,0.94
1998-08-17,600772,35.1,33.02,35.1,32.29,4258,5529000.0,8.01,-5.93,-2.08,1.09
1998-08-18,600772,33.75,33.77,34.06,32.76,1476,1902000.0,3.94,2.27,0.75,0.38
1998-08-19,600772,33.8,34.84,35.1,33.8,3058,4049000.0,3.85,3.17,1.07,0.78
1998-08-20,600772,34.84,35.23,35.62,34.06,2514,3386000.0,4.48,1.12,0.39,0.64
1998-08-21,600772,34.87,35.49,35.88,34.84,2986,4045000.0,2.95,0.74,0.26,0.77
1998-08-24,600772,35.49,36.4,36.4,34.58,5295,7192000.0,5.13,2.56,0.91,1.36
1998-08-25,600772,35.83,36.09,36.27,35.36,2820,3870000.0,2.5,-0.85,-0.31,0.72
1998-08-26,600772,36.14,36.3,37.13,35.75,7083,9941000.0,3.82,0.58,0.21,1.82
1998-08-27,600772,36.35,35.96,36.53,35.1,4004,5471000.0,3.94,-0.94,-0.34,1.03
1998-08-28,600772,35.93,35.1,35.93,35.0,1891,2571000.0,2.59,-2.39,-0.86,0.48
1998-08-31,600772,35.1,35.07,35.28,33.77,3000,4001000.0,4.3,-0.09,-0.03,0.77
1998-09-01,600772,35.1,35.13,35.36,34.53,1508,2023000.0,2.37,0.17,0.06,0.39
1998-09-02,600772,34.89,34.81,34.94,34.19,1334,1776000.0,2.13,-0.91,-0.32,0.34
1998-09-03,600772,34.79,35.31,35.62,34.19,2426,3254000.0,4.11,1.44,0.5,0.62
1998-09-04,600772,35.23,35.33,35.33,34.61,1336,1800000.0,2.04,0.06,0.02,0.34
1998-09-07,600772,35.23,35.07,35.36,34.58,1937,2605000.0,2.21,-0.74,-0.26,0.5
1998-09-08,600772,35.15,35.0,35.23,34.63,1651,2219000.0,1.71,-0.2,-0.07,0.42
1998-09-09,600772,35.0,34.84,35.0,34.48,3626,4836000.0,1.49,-0.46,-0.16,0.93
1998-09-10,600772,35.1,36.01,36.35,34.84,17313,23885000.0,4.33,3.36,1.17,4.44
1998-09-11,600772,36.01,35.8,36.32,35.36,4800,6620000.0,2.67,-0.58,-0.21,1.23
1998-09-14,600772,35.65,37.34,37.57,35.44,12661,17811000.0,5.95,4.3,1.54,3.25
1998-09-15,600772,37.44,38.48,39.23,36.4,24209,35738000.0,7.58,3.05,1.14,6.21
1998-09-16,600772,38.48,38.3,38.97,37.57,9112,13418000.0,3.64,-0.47,-0.18,2.34
1998-09-17,600772,38.35,37.7,38.71,36.43,11593,16780000.0,5.95,-1.57,-0.6,2.97
1998-09-18,600772,37.47,36.32,37.83,35.88,7103,10023000.0,5.17,-3.66,-1.38,1.82
1998-09-21,600772,36.14,37.1,37.1,35.54,5266,7382000.0,4.3,2.15,0.78,1.35
1998-09-22,600772,37.0,36.79,37.18,36.27,3575,5034000.0,2.45,-0.84,-0.31,0.92
1998-09-23,600772,36.79,37.1,37.18,36.35,3385,4767000.0,2.26,0.84,0.31,0.87
1998-09-24,600772,37.05,36.53,37.05,36.14,3069,4307000.0,2.45,-1.54,-0.57,0.79
1998-09-25,600772,36.4,37.02,37.05,36.09,3501,4928000.0,2.63,1.34,0.49,0.9
1998-09-28,600772,36.95,38.48,38.95,36.69,12072,17565000.0,6.1,3.94,1.46,3.1
1998-09-29,600772,38.95,37.93,38.95,37.47,4419,6477000.0,3.85,-1.43,-0.55,1.13
1998-09-30,600772,37.96,37.91,38.09,37.39,4359,6310000.0,1.85,-0.05,-0.02,1.12
1998-10-05,600772,37.7,36.92,37.91,36.87,2185,3137000.0,2.74,-2.61,-0.99,0.56
1998-10-06,600772,37.18,36.92,37.91,36.66,2725,3902000.0,3.39,0.0,0.0,0.7
1998-10-07,600772,37.18,36.27,37.18,36.14,4114,5763000.0,2.82,-1.76,-0.65,1.05
1998-10-08,600772,36.43,37.08,37.23,36.04,5267,7421000.0,3.28,2.23,0.81,1.35
1998-10-09,600772,37.0,37.1,37.39,36.4,4768,6787000.0,2.67,0.05,0.02,1.22
1998-10-12,600772,37.05,37.05,37.44,36.48,3458,4913000.0,2.59,-0.13,-0.05,0.89
1998-10-13,600772,37.18,37.31,37.65,36.4,7682,10873000.0,3.37,0.7,0.26,1.97
1998-10-14,600772,37.31,37.44,37.44,36.27,5014,7098000.0,3.14,0.35,0.13,1.29
1998-10-15,600772,37.18,36.63,37.18,36.14,8838,12392000.0,2.78,-2.16,-0.81,2.27
1998-10-16,600772,36.4,36.66,36.92,35.49,8865,12386000.0,3.9,0.08,0.03,2.27
1998-10-19,600772,36.56,36.19,36.56,35.91,1850,2575000.0,1.77,-1.28,-0.47,0.47
1998-10-20,600772,35.91,35.93,36.4,35.1,3792,5206000.0,3.59,-0.72,-0.26,0.97
1998-10-21,600772,35.23,35.36,35.7,34.84,2814,3806000.0,2.39,-1.59,-0.57,0.72
1998-10-22,600772,35.36,35.57,36.09,34.58,5114,6996000.0,4.27,0.59,0.21,1.31
1998-10-23,600772,35.62,35.62,35.88,34.97,1891,2570000.0,2.56,0.14,0.05,0.48
1998-10-26,600772,35.49,34.45,35.49,34.27,1737,2311000.0,3.43,-3.28,-1.17,0.45
1998-10-27,600772,34.45,35.49,36.14,34.45,4905,6713000.0,4.91,3.02,1.04,1.26
1998-10-28,600772,35.0,35.57,35.75,34.92,3016,4102000.0,2.34,0.23,0.08,0.77
1998-10-29,600772,35.1,35.36,35.75,34.97,2633,3580000.0,2.19,-0.59,-0.21,0.68
1998-10-30,600772,35.23,35.36,35.75,35.05,2963,4034000.0,1.98,0.0,0.0,0.76
1998-11-02,600772,35.36,35.54,35.72,34.63,2798,3806000.0,3.08,0.51,0.18,0.72
1998-11-03,600772,35.62,35.36,35.62,35.13,1680,2286000.0,1.38,-0.51,-0.18,0.43
1998-11-04,600772,35.88,35.62,36.27,35.28,2600,3566000.0,2.8,0.74,0.26,0.67
1998-11-05,600772,36.01,35.62,36.09,35.36,4383,6019000.0,2.05,0.0,0.0,1.12
1998-11-06,600772,35.57,36.01,36.09,35.41,4627,6370000.0,1.91,1.09,0.39,1.19
1998-11-09,600772,36.35,36.35,36.53,36.09,3639,5081000.0,1.22,0.94,0.34,0.93
1998-11-10,600772,36.14,36.5,36.84,35.88,5207,7297000.0,2.64,0.41,0.15,1.34
1998-11-11,600772,36.79,36.53,36.92,36.17,4384,6165000.0,2.05,0.08,0.03,1.12
1998-11-12,600772,36.45,36.24,36.92,35.13,4444,6197000.0,4.9,-0.79,-0.29,1.14
1998-11-13,600772,35.88,35.44,36.27,35.18,2833,3869000.0,3.01,-2.21,-0.8,0.73
1998-11-16,600772,35.41,35.1,35.62,34.84,3348,4527000.0,2.2,-0.96,-0.34,0.86
1998-11-17,600772,35.13,35.57,35.57,34.71,2736,3683000.0,2.45,1.34,0.47,0.7
1998-11-18,600772,35.49,36.76,36.79,35.36,18083,25296000.0,4.02,3.35,1.19,4.64
1998-11-19,600772,36.87,36.27,37.28,36.27,11357,16092000.0,2.75,-1.33,-0.49,2.91
1998-11-20,600772,36.35,37.13,37.31,36.35,11112,15811000.0,2.65,2.37,0.86,2.85
1998-11-23,600772,38.95,36.35,38.95,36.35,8162,11649000.0,7.0,-2.1,-0.78,2.09
1998-11-24,600772,36.43,36.01,37.02,35.78,11067,15456000.0,3.41,-0.94,-0.34,2.84
1998-11-25,600772,35.88,36.76,37.18,35.88,12143,17153000.0,3.61,2.08,0.75,3.11
1998-11-26,600772,36.61,37.02,37.75,36.4,12166,17473000.0,3.67,0.71,0.26,3.12
1998-11-27,600772,35.91,35.44,36.61,35.23,12882,17737000.0,3.73,-4.27,-1.58,3.3
1998-11-30,600772,35.44,35.91,36.35,35.31,5812,8030000.0,2.93,1.33,0.47,1.49
1998-12-01,600772,36.14,36.79,36.79,36.14,4677,6569000.0,1.81,2.45,0.88,1.2
1998-12-02,600772,37.1,37.93,38.35,36.89,14806,21521000.0,3.97,3.1,1.14,3.8
1998-12-03,600772,37.6,38.74,39.13,37.6,17867,26698000.0,4.03,2.14,0.81,4.58
1998-12-04,600772,39.21,38.45,39.21,38.17,7365,10960000.0,2.68,-0.75,-0.29,1.89
1998-12-07,600772,38.87,38.22,39.16,38.12,7879,11734000.0,2.7,-0.6,-0.23,2.02
1998-12-08,600772,38.35,38.19,38.48,37.96,3665,5390000.0,1.36,-0.08,-0.03,0.94
1998-12-09,600772,38.48,37.7,38.69,37.21,5858,8538000.0,3.88,-1.28,-0.49,1.5
1998-12-10,600772,37.7,36.84,37.91,36.79,3395,4869000.0,2.97,-2.28,-0.86,0.87
1998-12-11,600772,36.92,37.57,37.91,36.79,2272,3254000.0,3.04,1.98,0.73,0.58
1998-12-14,600772,37.57,38.22,38.35,36.97,2171,3169000.0,3.67,1.73,0.65,0.56
1998-12-15,600772,38.01,38.87,39.1,37.7,9405,14046000.0,3.66,1.7,0.65,2.41
1998-12-16,600772,38.87,38.61,39.23,38.22,3259,4884000.0,2.6,-0.67,-0.26,0.84
1998-12-17,600772,38.61,38.43,38.87,38.43,2440,3624000.0,1.14,-0.47,-0.18,0.63
1998-12-18,600772,37.78,36.87,38.48,36.66,4953,7148000.0,4.74,-4.06,-1.56,1.27
1998-12-21,600772,36.66,37.28,37.75,36.66,2639,3798000.0,2.96,1.11,0.41,0.68
1998-12-22,600772,37.54,38.22,38.38,37.34,1494,2176000.0,2.79,2.52,0.94,0.38
1998-12-23,600772,38.09,38.25,38.51,37.88,1921,2814000.0,1.65,0.08,0.03,0.49
1998-12-24,600772,38.14,38.06,38.27,38.01,1224,1796000.0,0.68,-0.5,-0.19,0.31
1998-12-25,600772,38.19,37.91,38.19,37.67,1282,1868000.0,1.37,-0.39,-0.15,0.33
1998-12-28,600772,38.09,36.82,38.74,36.14,11674,16676000.0,6.86,-2.88,-1.09,2.99
1998-12-29,600772,36.82,36.76,37.34,35.62,5832,8174000.0,4.67,-0.16,-0.06,1.5
1998-12-30,600772,36.63,36.97,37.15,35.67,3852,5378000.0,4.03,0.57,0.21,0.99
1998-12-31,600772,37.21,37.39,37.39,36.56,935,1336000.0,2.25,1.14,0.42,0.24
1999-01-04,600772,37.44,37.05,37.44,36.24,955,1366000.0,3.21,-0.91,-0.34,0.24
1999-01-05,600772,37.26,37.93,38.09,37.05,4276,6178000.0,2.81,2.38,0.88,1.1
1999-01-06,600772,38.01,38.45,38.61,37.57,3343,4901000.0,2.74,1.37,0.52,0.86
1999-01-07,600772,38.48,38.51,38.82,37.18,2408,3568000.0,4.27,0.16,0.06,0.62
1999-01-08,600772,38.74,38.87,38.87,38.22,4730,7032000.0,1.69,0.93,0.36,1.21
1999-01-11,600772,38.87,38.84,38.9,37.96,2594,3858000.0,2.42,-0.08,-0.03,0.67
1999-01-12,600772,38.53,38.53,38.74,38.19,1946,2872000.0,1.42,-0.8,-0.31,0.5
1999-01-13,600772,37.99,40.3,40.3,37.99,17905,27046000.0,6.0,4.59,1.77,4.59
1999-01-14,600772,40.25,39.78,40.56,39.55,6419,9903000.0,2.51,-1.29,-0.52,1.65
1999-01-15,600772,39.91,39.99,40.33,39.83,7766,11966000.0,1.26,0.53,0.21,1.99
1999-01-18,600772,39.91,42.46,42.46,39.78,19013,30232000.0,6.7,6.18,2.47,4.88
1999-01-19,600772,42.67,42.25,42.9,41.6,15715,25502000.0,3.06,-0.49,-0.21,4.03
1999-01-20,600772,42.15,41.81,42.56,41.08,8742,13960000.0,3.5,-1.04,-0.44,2.24
1999-01-21,600772,41.6,42.72,42.72,41.34,9677,15729000.0,3.3,2.18,0.91,2.48
1999-01-22,600772,42.77,45.37,45.37,42.72,27965,47260000.0,6.2,6.2,2.65,7.17
1999-01-25,600772,44.43,44.72,45.42,44.43,8007,13805000.0,2.18,-1.43,-0.65,2.05
1999-01-26,600772,44.2,44.98,45.01,43.94,6687,11412000.0,2.39,0.58,0.26,1.71
1999-01-27,600772,45.58,45.24,45.97,44.72,13629,23816000.0,2.78,0.58,0.26,3.49
1999-01-28,600772,45.81,46.36,46.54,44.49,27567,48566000.0,4.53,2.48,1.12,7.07
1999-01-29,600772,46.59,46.67,48.1,44.98,54112,97532000.0,6.73,0.67,0.31,13.87
1999-02-01,600772,46.67,44.49,46.67,44.07,10365,17861000.0,5.57,-4.67,-2.18,2.66
1999-02-02,600772,44.85,44.72,44.88,43.58,6641,11364000.0,2.92,0.52,0.23,1.7
1999-02-03,600772,43.42,45.08,45.24,43.42,6617,11402000.0,4.07,0.81,0.36,1.7
1999-02-04,600772,43.94,44.98,45.19,43.94,5869,10135000.0,2.77,-0.22,-0.1,1.5
1999-02-05,600772,44.98,44.59,45.19,44.07,7961,13626000.0,2.49,-0.87,-0.39,2.04
1999-02-08,600772,44.72,44.62,44.88,44.15,5371,9198000.0,1.64,0.07,0.03,1.38
1999-02-09,600772,44.33,46.8,46.8,44.33,7440,12987000.0,5.54,4.89,2.18,1.91
1999-03-01,600772,46.54,47.53,47.74,45.97,4709,8538000.0,3.78,1.56,0.73,1.21
1999-03-02,600772,47.53,47.81,47.81,46.8,4543,8292000.0,2.12,0.59,0.28,1.16
1999-03-03,600772,47.81,49.27,49.27,47.11,10088,18779000.0,4.52,3.05,1.46,2.59
1999-03-04,600772,48.93,48.88,49.53,48.31,7648,14405000.0,2.48,-0.79,-0.39,1.96
1999-03-05,600772,49.09,48.88,49.14,48.1,5885,11002000.0,2.13,0.0,0.0,1.51
1999-03-08,600772,48.88,48.83,48.88,47.84,5346,9972000.0,2.13,-0.1,-0.05,1.37
1999-03-09,600772,48.1,49.32,49.37,48.1,5082,9544000.0,2.6,1.0,0.49,1.3
1999-03-10,600772,48.83,49.43,49.61,48.62,4946,9379000.0,2.01,0.22,0.11,1.27
1999-03-11,600772,48.91,49.45,50.13,48.62,10407,19704000.0,3.05,0.04,0.02,2.67
1999-03-12,600772,49.37,51.17,51.17,48.62,17846,34397000.0,5.16,3.48,1.72,4.58
1999-03-15,600772,50.96,50.05,51.09,50.05,3771,7330000.0,2.03,-2.19,-1.12,0.97
1999-03-16,600772,50.05,49.87,50.65,49.09,7440,14207000.0,3.12,-0.36,-0.18,1.91
1999-03-17,600772,49.92,49.27,50.21,48.1,9642,18293000.0,4.23,-1.2,-0.6,2.47
1999-03-18,600772,49.14,49.37,49.84,48.36,5576,10546000.0,3.0,0.2,0.1,1.43
1999-03-19,600772,49.09,50.96,50.96,48.41,8853,16894000.0,5.17,3.22,1.59,2.27
1999-03-22,600772,50.7,50.13,50.7,49.37,6272,12024000.0,2.61,-1.63,-0.83,1.61
1999-03-23,600772,49.61,53.56,53.56,48.98,10566,20569702.0,9.14,6.84,3.43,2.71
1999-03-24,600772,51.74,51.74,52.26,51.27,4393,8756000.0,1.85,-3.4,-1.82,1.13
1999-03-25,600772,49.92,53.95,54.03,49.92,14705,30053000.0,7.94,4.27,2.21,3.77
1999-03-26,600772,52.91,53.51,53.77,52.0,4383,8902000.0,3.28,-0.82,-0.44,1.12
1999-03-29,600772,52.91,52.31,53.04,51.48,6059,12188000.0,2.92,-2.24,-1.2,1.55
1999-03-30,600772,52.47,50.91,52.73,50.7,5772,11478000.0,3.88,-2.68,-1.4,1.48
1999-03-31,600772,50.83,49.4,51.09,47.97,9918,18749000.0,6.13,-2.97,-1.51,2.54
1999-04-01,600772,49.56,47.42,49.92,46.59,12436,22854000.0,6.74,-4.01,-1.98,3.19
1999-04-02,600772,48.1,48.31,49.37,47.53,13045,24429000.0,3.88,1.88,0.89,3.34
1999-04-05,600772,48.52,47.97,48.52,46.93,5268,9628000.0,3.29,-0.7,-0.34,1.35
1999-04-06,600772,47.35,47.84,47.97,47.29,2949,5388000.0,1.42,-0.27,-0.13,0.76
1999-04-07,600772,47.48,48.1,48.49,47.32,1592,2935000.0,2.45,0.54,0.26,0.41
1999-04-08,600772,48.23,49.09,49.35,48.23,5202,9779000.0,2.33,2.06,0.99,1.33
1999-04-09,600772,49.37,49.14,50.18,47.58,14917,28254000.0,5.3,0.1,0.05,3.82
1999-04-12,600772,48.36,47.48,48.85,47.06,5132,9424000.0,3.64,-3.38,-1.66,1.32
1999-04-13,600772,47.06,48.36,48.44,46.8,3400,6198000.0,3.45,1.85,0.88,0.87
1999-04-14,600772,47.81,48.1,48.23,47.32,1141,2097000.0,1.88,-0.54,-0.26,0.29
1999-04-15,600772,48.52,47.74,48.52,47.58,1286,2373000.0,1.95,-0.75,-0.36,0.33
1999-04-16,600772,47.87,47.84,48.36,47.84,3021,5591000.0,1.09,0.21,0.1,0.77
1999-04-19,600772,48.1,48.05,48.15,46.98,2501,4590000.0,2.45,0.44,0.21,0.64
1999-04-20,600772,48.36,47.5,48.36,46.8,4155,7591000.0,3.25,-1.14,-0.55,1.07
1999-04-21,600772,46.8,48.85,49.19,46.8,5168,9630000.0,5.03,2.84,1.35,1.33
1999-04-22,600772,48.65,50.26,50.57,48.65,8797,16688000.0,3.93,2.89,1.41,2.26
1999-04-23,600772,50.18,50.41,50.83,49.82,3431,6646000.0,2.01,0.3,0.15,0.88
1999-04-26,600772,50.7,50.15,50.7,49.53,2890,5578000.0,2.32,-0.52,-0.26,0.74
1999-04-27,600772,50.13,48.57,50.96,48.36,5311,10043000.0,5.18,-3.15,-1.58,1.36
1999-04-28,600772,48.05,50.41,50.54,48.05,13600,25993000.0,5.13,3.79,1.84,3.49
1999-04-29,600772,50.44,52.49,52.65,49.95,15693,31235000.0,5.36,4.13,2.08,4.02
1999-04-30,600772,52.52,52.75,52.88,51.74,6080,12242000.0,2.17,0.5,0.26,1.56
1999-05-04,600772,52.78,52.03,53.56,51.61,3837,7694000.0,3.7,-1.36,-0.72,0.98
1999-05-05,600772,52.52,51.48,52.52,51.22,1957,3895000.0,2.5,-1.06,-0.55,0.5
1999-05-06,600772,51.48,52.42,52.57,51.43,2349,4705000.0,2.21,1.83,0.94,0.6
1999-05-07,600772,52.55,52.16,53.04,52.05,1501,3028000.0,1.89,-0.5,-0.26,0.38
1999-05-10,600772,51.61,51.66,52.47,49.92,5053,9935000.0,4.89,-0.96,-0.5,1.3
1999-05-11,600772,51.48,52.0,52.78,51.25,2851,5727000.0,2.96,0.66,0.34,0.73
1999-05-12,600772,52.13,54.37,54.52,52.13,5400,11134000.0,4.6,4.56,2.37,1.38
1999-05-13,600772,54.6,54.37,55.02,53.9,2720,5711000.0,2.06,0.0,0.0,0.7
1999-05-14,600772,54.83,55.3,58.34,54.29,3763,8005000.0,7.45,1.71,0.93,0.96
1999-05-17,600772,55.12,54.44,55.12,53.56,793,1653000.0,2.82,-1.56,-0.86,0.2
1999-05-18,600772,54.44,54.31,55.04,52.49,853,1776000.0,4.68,-0.24,-0.13,0.22
1999-05-19,600772,54.29,56.81,57.07,53.82,2867,6143000.0,5.98,4.6,2.5,0.74
1999-05-20,600772,53.04,57.2,57.41,53.04,4490,9724000.0,7.69,0.69,0.39,1.15
1999-05-21,600772,57.25,59.28,59.8,57.15,6474,14613000.0,4.63,3.64,2.08,1.66
1999-05-25,600772,60.74,64.38,64.43,56.68,17940,42544000.0,13.07,8.6,5.1,4.6
1999-05-26,600772,64.35,65.18,66.17,64.3,34264,85939000.0,2.9,1.24,0.8,8.79
1999-05-27,600772,65.18,71.71,71.71,65.16,28527,75403000.0,10.05,10.02,6.53,7.31
1999-05-28,600772,71.71,72.8,75.27,70.2,9045,25300000.0,7.07,1.52,1.09,2.32
1999-05-31,600772,72.67,76.15,76.15,72.49,8457,23986000.0,5.03,4.6,3.35,2.17
1999-06-01,600772,76.08,83.77,83.77,74.15,12131,36201000.0,12.63,10.01,7.62,3.11
1999-06-02,600772,83.15,86.27,87.31,80.37,8611,28038000.0,8.28,2.98,2.5,2.21
1999-06-03,600772,85.96,85.8,86.06,82.29,4361,14114000.0,4.37,-0.54,-0.47,1.12
1999-06-04,600772,83.98,87.02,87.49,83.67,12176,26884000.0,4.45,1.42,1.22,2.08
1999-06-07,600772,86.51,78.32,86.51,78.32,7342,15316000.0,9.41,-10.0,-8.7,1.26
1999-06-08,600772,77.66,70.52,77.66,70.52,10223,18658000.0,9.12,-9.96,-7.8,1.75
1999-06-09,600772,68.38,72.59,73.8,67.09,13421,24685000.0,9.52,2.94,2.07,2.29
1999-06-10,600772,75.01,71.89,75.32,70.33,9698,17820000.0,6.87,-0.96,-0.7,1.66
1999-06-11,600772,71.69,71.81,72.4,70.33,9006,16497000.0,2.88,-0.11,-0.08,1.54
1999-06-14,600772,71.19,78.09,78.44,71.11,16593,31904000.0,10.21,8.75,6.28,2.84
1999-06-15,600772,78.13,75.13,82.73,71.69,17583,35548000.0,14.14,-3.79,-2.96,3.01
1999-06-16,600772,75.4,77.9,79.77,72.67,14814,28848000.0,9.45,3.69,2.77,2.53
1999-06-17,600772,77.93,74.62,78.17,72.67,16238,30966000.0,7.06,-4.21,-3.28,2.78
1999-06-18,600772,73.84,71.11,74.35,70.33,22337,40825000.0,5.39,-4.7,-3.51,3.82
1999-06-21,600772,71.11,72.28,73.45,70.33,17235,31746000.0,4.39,1.65,1.17,2.95
1999-06-22,600772,72.47,76.57,76.88,71.89,25484,48578000.0,6.9,5.94,4.29,4.36
1999-06-23,600772,76.69,78.09,79.42,75.79,25341,50540000.0,4.74,1.99,1.52,4.33
1999-06-24,600772,78.13,76.45,78.87,75.98,23780,46943000.0,3.7,-2.1,-1.64,4.06
1999-06-25,600772,76.37,77.7,84.1,76.18,50261,103443000.0,10.36,1.64,1.25,8.59
1999-06-28,600772,78.25,85.46,85.46,78.25,53726,114628000.0,9.28,9.99,7.76,9.18
1999-06-29,600772,85.93,88.19,92.48,85.93,52743,119994000.0,7.66,3.19,2.73,9.02
1999-06-30,600772,87.68,79.38,88.0,79.38,40549,83885000.0,9.77,-9.99,-8.81,6.93
1999-07-01,600772,76.18,71.46,76.18,71.46,5000,9178000.0,5.95,-9.98,-7.92,0.85
1999-07-02,600772,64.48,78.6,78.6,64.48,34712,61971000.0,19.76,9.99,7.14,5.93
1999-07-05,600772,77.35,74.15,78.52,71.5,21332,41048000.0,8.93,-5.66,-4.45,3.65
1999-07-06,600772,73.84,71.07,73.84,67.91,11250,20138000.0,8.0,-4.15,-3.08,1.92
1999-07-07,600772,70.68,73.64,73.64,68.77,8464,15375000.0,6.85,3.62,2.57,1.45
1999-07-08,600772,73.45,70.25,73.45,69.35,7272,13094233.0,5.57,-4.6,-3.39,1.24
1999-07-09,600772,69.55,66.35,69.55,66.08,13796,23832000.0,4.94,-5.55,-3.9,2.36
1999-07-12,600772,66.43,66.82,67.99,64.52,8482,14281007.0,5.23,0.71,0.47,1.45
1999-07-13,600772,67.21,69.82,70.33,66.82,6768,11866000.0,5.25,4.49,3.0,1.16
1999-07-14,600772,70.13,71.5,72.28,70.13,9639,17610000.0,3.08,2.41,1.68,1.65
1999-07-15,600772,72.28,70.64,72.28,68.96,6383,11456000.0,4.64,-1.2,-0.86,1.09
1999-07-16,600772,70.37,72.12,72.63,70.17,8589,15680000.0,3.48,2.1,1.48,1.47
1999-07-19,600772,72.08,71.97,72.28,69.2,6256,11365000.0,4.27,-0.21,-0.15,1.07
1999-07-20,600772,71.5,73.64,74.81,70.45,10755,20107000.0,6.06,2.32,1.67,1.84
1999-07-21,600772,73.76,73.84,74.62,71.19,9365,17500000.0,4.66,0.27,0.2,1.6
1999-07-22,600772,73.76,69.82,73.76,69.55,4568,8334000.0,5.7,-5.44,-4.02,0.78
1999-07-23,600772,69.55,73.37,74.03,69.55,13567,25208000.0,6.42,5.08,3.55,2.32
1999-07-26,600772,73.88,71.89,73.92,70.33,7224,13115000.0,4.89,-2.02,-1.48,1.23
1999-07-27,600772,71.73,69.47,72.24,69.16,4938,8830000.0,4.28,-3.37,-2.42,0.84
1999-07-28,600772,69.35,67.01,70.29,66.23,12485,21517000.0,5.84,-3.54,-2.46,2.13
1999-07-29,600772,66.9,65.61,67.76,65.06,10041,16889000.0,4.03,-2.09,-1.4,1.72
1999-07-30,600772,64.64,67.01,67.01,64.64,6923,11619822.0,3.61,2.13,1.4,1.18
1999-08-02,600772,66.59,66.16,68.34,64.87,5221,8872000.0,5.18,-1.27,-0.85,0.89
1999-08-03,600772,65.26,65.38,67.6,64.87,8187,13676000.0,4.13,-1.18,-0.78,1.4
1999-08-04,600772,65.38,65.57,66.43,64.87,7980,13416000.0,2.39,0.29,0.19,1.36
1999-08-05,600772,66.04,64.95,66.66,64.48,8366,14013000.0,3.32,-0.95,-0.62,1.43
1999-08-06,600772,65.26,66.23,66.23,63.78,13387,22356000.0,3.77,1.97,1.28,2.29
1999-08-09,600772,66.66,63.7,66.78,63.7,6894,11390000.0,4.65,-3.82,-2.53,1.18
1999-08-10,600772,63.7,64.48,64.48,63.7,5228,8554000.0,1.22,1.22,0.78,0.89
1999-08-11,600772,64.56,64.48,66.0,63.31,5352,8837000.0,4.17,0.0,0.0,0.91
1999-08-12,600772,64.48,64.67,65.73,63.31,4424,7312000.0,3.75,0.29,0.19,0.76
1999-08-13,600772,64.71,64.83,65.45,62.53,3142,5134000.0,4.52,0.25,0.16,0.54
1999-08-16,600772,64.48,64.83,65.92,61.75,13020,21417000.0,6.43,0.0,0.0,2.23
1999-08-17,600772,63.78,65.18,65.45,63.7,12817,21245000.0,2.7,0.54,0.35,2.19
1999-08-18,600772,64.56,67.87,67.91,64.56,24772,42000000.0,5.14,4.13,2.69,4.23
1999-08-19,600772,67.91,67.37,67.99,66.43,12006,20684000.0,2.3,-0.74,-0.5,2.05
1999-08-20,600772,67.44,69.51,69.94,66.43,15222,26502000.0,5.21,3.18,2.14,2.6
1999-08-23,600772,69.74,71.03,71.3,69.16,11060,19839000.0,3.08,2.19,1.52,1.89
1999-08-24,600772,71.07,68.34,72.2,67.68,6231,11099000.0,6.36,-3.79,-2.69,1.07
1999-08-25,600772,67.99,68.22,69.32,66.82,5695,9895000.0,3.66,-0.18,-0.12,0.97
1999-08-26,600772,68.96,67.91,68.96,67.4,2676,4659000.0,2.29,-0.45,-0.31,0.46
1999-08-27,600772,67.99,70.52,70.95,67.99,16739,29924000.0,4.36,3.84,2.61,2.86
1999-08-30,600772,70.33,71.58,73.25,69.16,15001,27373000.0,5.8,1.5,1.06,2.56
1999-08-31,600772,71.58,69.55,71.81,69.16,3636,6508000.0,3.7,-2.84,-2.03,0.62
1999-09-01,600772,69.63,69.16,69.94,67.6,3621,6348000.0,3.36,-0.56,-0.39,0.62
1999-09-02,600772,69.08,68.93,69.47,67.64,3590,6312000.0,2.65,-0.33,-0.23,0.61
1999-09-03,600772,68.73,72.47,75.67,68.73,36252,67690000.0,10.07,5.14,3.54,6.2
1999-09-06,600772,72.24,71.69,74.23,70.33,12195,22747000.0,5.38,-1.08,-0.78,2.08
1999-09-07,600772,74.23,72.63,74.23,70.33,8817,16213000.0,5.44,1.31,0.94,1.51
1999-09-08,600772,72.28,72.59,74.54,71.11,12869,24150000.0,4.72,-0.06,-0.04,2.2
1999-09-09,600772,72.28,74.42,74.93,72.08,26115,49279000.0,3.93,2.52,1.83,4.46
1999-09-10,600772,75.79,73.06,76.49,71.5,16591,31499000.0,6.71,-1.83,-1.36,2.84
1999-09-13,600772,72.28,71.46,72.83,70.33,12147,22132000.0,3.42,-2.19,-1.6,2.08
1999-09-14,600772,71.58,71.5,72.94,70.33,9820,17926000.0,3.65,0.06,0.04,1.68
1999-09-15,600772,71.42,71.73,73.06,70.33,4147,7514000.0,3.82,0.32,0.23,0.71
1999-09-16,600772,71.81,71.11,72.24,70.33,3823,6912000.0,2.66,-0.86,-0.62,0.65
1999-09-17,600772,71.89,73.45,74.11,70.33,21241,39595000.0,5.32,3.29,2.34,3.63
1999-09-20,600772,73.06,71.34,73.18,70.33,6477,11737000.0,3.88,-2.87,-2.11,1.11
1999-09-21,600772,70.41,68.57,71.66,67.95,7179,12604000.0,5.2,-3.88,-2.77,1.23
1999-09-22,600772,68.57,66.9,68.69,66.27,5870,10078000.0,3.53,-2.44,-1.67,1.0
1999-09-23,600772,66.78,68.3,69.55,66.35,3642,6287303.0,4.78,2.09,1.4,0.62
1999-09-24,600772,68.18,68.38,69.47,66.74,3150,5485000.0,4.0,0.12,0.08,0.54
1999-09-27,600772,72.28,67.52,72.28,66.23,4977,8544000.0,8.85,-1.26,-0.86,0.85
1999-09-28,600772,67.21,66.78,67.79,65.57,3171,5396000.0,3.29,-1.1,-0.74,0.54
1999-09-29,600772,66.62,66.0,67.25,64.48,3017,5104000.0,4.15,-1.17,-0.78,0.52
1999-09-30,600772,66.12,64.48,66.43,63.7,5030,8293000.0,4.14,-2.3,-1.52,0.86
1999-10-08,600772,65.26,62.53,65.26,62.45,2369,3821000.0,4.36,-3.02,-1.95,0.4
1999-10-11,600772,63.31,63.31,64.21,62.53,3613,5877000.0,2.69,1.25,0.78,0.62
1999-10-12,600772,63.31,63.66,64.21,62.53,3846,6253000.0,2.65,0.55,0.35,0.66
1999-10-13,600772,63.66,63.62,63.82,61.36,3689,5883000.0,3.86,-0.06,-0.04,0.63
1999-10-14,600772,63.23,62.72,64.28,60.97,6692,10751000.0,5.2,-1.41,-0.9,1.14
1999-10-15,600772,62.65,63.27,64.25,62.53,7245,11751000.0,2.74,0.88,0.55,1.24
1999-10-18,600772,61.75,63.23,63.23,60.93,4633,7320000.0,3.64,-0.06,-0.04,0.79
1999-10-19,600772,62.06,61.48,62.06,60.5,1532,2388000.0,2.47,-2.77,-1.75,0.26
1999-10-20,600772,61.48,60.62,61.79,59.45,4103,6405000.0,3.81,-1.4,-0.86,0.7
1999-10-21,600772,60.97,59.76,61.71,59.41,6990,10893000.0,3.79,-1.42,-0.86,1.19
1999-10-22,600772,61.75,60.58,61.75,59.45,2770,4269000.0,3.85,1.37,0.82,0.47
1999-10-25,600772,60.58,58.55,60.58,56.21,6240,9149000.0,7.21,-3.35,-2.03,1.07
1999-10-26,600772,57.46,57.46,59.25,56.6,13344,19831000.0,4.53,-1.86,-1.09,2.28
1999-10-27,600772,59.21,57.07,59.21,56.09,16765,24450000.0,5.43,-0.68,-0.39,2.87
1999-10-28,600772,57.11,54.92,57.26,53.56,25045,34974000.0,6.48,-3.77,-2.15,4.28
1999-10-29,600772,54.65,53.17,54.73,52.39,10387,14122000.0,4.26,-3.19,-1.75,1.78
1999-11-01,600772,52.39,53.52,54.46,51.69,7967,10813000.0,5.21,0.66,0.35,1.36
1999-11-02,600772,53.36,52.58,53.75,52.39,3769,5116000.0,2.54,-1.76,-0.94,0.64
1999-11-03,600772,52.58,48.88,52.86,48.88,9756,12752000.0,7.57,-7.04,-3.7,1.67
1999-11-04,600772,48.92,52.35,52.78,48.92,14791,19502000.0,7.9,7.1,3.47,2.34
1999-11-05,600772,51.92,52.31,53.36,51.22,6474,8680000.0,4.09,-0.08,-0.04,1.02
1999-11-08,600772,53.44,53.13,56.6,51.8,5010,6788000.0,9.18,1.57,0.82,0.79
1999-11-09,600772,53.13,54.14,54.89,53.13,6653,9229000.0,3.31,1.9,1.01,1.05
1999-11-10,600772,54.53,53.75,54.53,52.78,3259,4449000.0,3.23,-0.72,-0.39,0.52
1999-11-11,600772,50.83,56.6,56.6,50.83,38992,55153000.0,10.73,5.3,2.85,6.17
1999-11-12,600772,56.29,54.92,56.29,54.73,4917,6971000.0,2.76,-2.97,-1.68,0.78
1999-11-15,600772,54.73,53.79,55.51,53.68,3139,4349000.0,3.33,-2.06,-1.13,0.5
1999-11-16,600772,54.77,54.3,54.92,51.8,4430,6096000.0,5.8,0.95,0.51,0.7
1999-11-17,600772,53.91,54.73,55.2,53.87,2694,3750000.0,2.45,0.79,0.43,0.43
1999-11-18,600772,55.2,55.12,55.51,54.53,3898,5502000.0,1.79,0.71,0.39,0.62
1999-11-19,600772,55.51,55.47,56.48,55.12,3655,5206000.0,2.47,0.63,0.35,0.58
1999-11-22,600772,55.51,54.81,56.25,54.73,1836,2586000.0,2.74,-1.19,-0.66,0.29
1999-11-23,600772,54.73,54.53,55.63,53.68,3495,4893000.0,3.56,-0.51,-0.28,0.55
1999-11-24,600772,54.53,55.59,55.63,54.07,2671,3739000.0,2.86,1.94,1.06,0.42
1999-11-25,600772,55.31,58.43,58.43,54.89,17296,25213000.0,6.37,5.11,2.84,2.74
1999-11-26,600772,58.43,57.03,59.02,56.68,19969,29761000.0,4.0,-2.4,-1.4,3.16
1999-11-30,600772,55.04,57.77,58.08,55.04,7117,10372000.0,5.33,1.3,0.74,1.13
1999-12-01,600772,57.85,56.68,57.93,56.68,3733,5448000.0,2.16,-1.89,-1.09,0.59
1999-12-02,600772,56.68,55.7,56.68,55.51,2334,3331000.0,2.06,-1.73,-0.98,0.37
1999-12-03,600772,55.7,55.28,56.17,55.12,1564,2221000.0,1.89,-0.75,-0.42,0.25
1999-12-06,600772,55.31,54.92,55.86,54.34,2724,3822000.0,2.75,-0.65,-0.36,0.43
1999-12-07,600772,54.73,55.39,55.86,54.14,3881,5495000.0,3.13,0.86,0.47,0.61
1999-12-08,600772,55.43,55.08,56.09,54.73,1445,2039000.0,2.46,-0.56,-0.31,0.23
1999-12-09,600772,55.12,55.39,55.7,55.12,688,974000.0,1.05,0.56,0.31,0.11
1999-12-10,600772,55.51,56.48,57.03,55.51,4142,5945000.0,2.74,1.97,1.09,0.66
1999-12-13,600772,56.29,55.16,56.29,55.04,1378,1957000.0,2.21,-2.34,-1.32,0.22
1999-12-14,600772,54.89,55.24,56.37,54.89,1144,1615000.0,2.68,0.15,0.08,0.18
1999-12-15,600772,55.12,56.41,57.15,55.08,5210,7503000.0,3.75,2.12,1.17,0.82
1999-12-16,600772,56.52,57.23,57.81,56.13,10038,14672000.0,2.98,1.45,0.82,1.59
1999-12-17,600772,57.38,57.11,58.01,57.07,4073,5989000.0,1.64,-0.21,-0.12,0.64
1999-12-21,600772,57.15,57.46,57.93,56.87,12625,18573000.0,1.86,0.61,0.35,2.0
1999-12-22,600772,57.54,58.98,59.29,57.54,31817,47865000.0,3.05,2.65,1.52,5.04
1999-12-23,600772,59.02,58.51,59.64,56.68,31989,48162000.0,5.02,-0.8,-0.47,5.06
1999-12-24,600772,58.82,57.97,59.6,56.72,13138,19713000.0,4.92,-0.92,-0.54,2.08
1999-12-27,600772,57.97,55.43,58.08,55.35,8587,12366000.0,4.71,-4.38,-2.54,1.36
1999-12-28,600772,55.43,54.92,57.3,54.73,4716,6716000.0,4.64,-0.92,-0.51,0.75
1999-12-29,600772,54.96,57.42,57.42,54.96,3400,4892000.0,4.48,4.55,2.5,0.54
1999-12-30,600772,58.55,59.14,59.37,57.03,5282,7896000.0,4.08,3.0,1.72,0.84
2000-01-04,600772,58.82,58.04,58.82,57.07,3112,4616000.0,2.96,-1.86,-1.1,0.49
2000-01-05,600772,57.65,58.67,60.66,57.65,6833,10455000.0,5.19,1.09,0.63,1.08
2000-01-06,600772,60.38,61.2,61.67,59.25,14163,22050000.0,4.12,4.31,2.53,2.24
2000-01-07,600772,61.36,61.94,63.47,60.38,23134,36555000.0,5.05,1.21,0.74,3.66
2000-01-10,600772,62.22,61.48,62.41,60.31,12544,19555000.0,3.39,-0.74,-0.46,1.99
2000-01-11,600772,61.48,61.2,64.28,60.38,11929,19088000.0,6.34,-0.46,-0.28,1.89
2000-01-12,600772,61.16,58.59,62.14,58.47,5969,9112000.0,6.0,-4.26,-2.61,0.94
2000-01-13,600772,58.51,59.76,59.8,57.46,3338,5018000.0,3.99,2.0,1.17,0.53
2000-01-14,600772,59.8,59.41,60.5,58.67,2692,4101000.0,3.06,-0.59,-0.35,0.43
2000-01-17,600772,59.8,60.7,60.7,59.06,4161,6365000.0,2.76,2.17,1.29,0.66
2000-01-18,600772,60.77,63.27,63.97,60.77,33426,53512000.0,5.27,4.23,2.57,5.29
2000-01-19,600772,63.7,62.37,65.18,62.14,21517,35061000.0,4.8,-1.42,-0.9,3.41
2000-01-20,600772,62.49,62.92,63.66,61.01,7114,11285000.0,4.25,0.88,0.55,1.13
2000-01-21,600772,63.54,62.33,65.18,61.36,16537,27095000.0,6.07,-0.94,-0.59,2.62
2000-01-24,600772,61.75,61.63,62.33,60.15,9604,14963000.0,3.5,-1.12,-0.7,1.52
2000-01-25,600772,61.79,65.14,66.31,59.84,34448,56757000.0,10.5,5.7,3.51,5.45
2000-01-26,600772,66.23,64.56,66.82,63.31,11904,19794000.0,5.39,-0.89,-0.58,1.88
2000-01-27,600772,64.67,70.99,70.99,62.53,49043,84927000.0,13.1,9.96,6.43,7.76
2000-01-28,600772,72.28,71.11,72.55,68.07,22476,40581000.0,6.31,0.17,0.12,3.56
2000-02-14,600772,72.32,74.62,76.1,69.55,27684,52248000.0,9.21,4.94,3.51,4.38
2000-02-15,600772,74.62,69.9,75.32,69.2,25767,47695000.0,8.2,-6.33,-4.72,4.08
2000-02-16,600772,69.55,65.61,69.55,64.48,26739,45123000.0,7.25,-6.14,-4.29,4.23
2000-02-17,600772,65.26,61.75,68.26,61.36,27309,44582000.0,10.52,-5.88,-3.86,4.32
2000-02-18,600772,61.75,62.53,64.44,60.97,10225,16380000.0,5.62,1.26,0.78,1.62
2000-02-21,600772,62.92,61.91,63.31,60.5,16055,25199000.0,4.49,-0.99,-0.62,2.54
2000-02-22,600772,61.94,64.87,68.07,61.91,42829,72030000.0,9.95,4.78,2.96,6.78
2000-02-23,600772,64.83,62.33,65.84,61.28,13599,22082000.0,7.03,-3.92,-2.54,2.15
2000-02-24,600772,61.75,64.09,64.48,61.75,7165,11639000.0,4.38,2.82,1.76,1.13
2000-02-25,600772,63.89,64.01,64.48,62.53,7976,12881000.0,3.04,-0.12,-0.08,1.26
2000-02-28,600772,64.01,70.41,70.41,63.93,51969,91123000.0,10.12,10.0,6.4,8.23
2000-02-29,600772,71.19,69.9,71.38,66.55,29533,51815000.0,6.86,-0.72,-0.51,4.67
2000-03-01,600772,71.11,67.05,71.11,66.43,15931,27708000.0,6.7,-4.08,-2.85,2.52
2000-03-02,600772,66.43,67.91,71.19,64.48,32927,57767000.0,10.01,1.28,0.86,5.21
2000-03-03,600772,68.38,67.44,69.08,65.65,27871,47910000.0,5.05,-0.69,-0.47,4.41
2000-03-06,600772,67.72,65.06,69.71,64.52,22106,38181000.0,7.7,-3.53,-2.38,3.5
2000-03-07,600772,65.06,68.77,68.77,62.57,11218,18531000.0,9.53,5.7,3.71,1.78
2000-03-08,600772,67.79,68.15,70.21,65.26,39862,70032000.0,7.2,-0.9,-0.62,6.31
2000-03-09,600772,68.77,67.52,69.04,65.84,12282,20955000.0,4.7,-0.92,-0.63,1.94
2000-03-10,600772,66.23,64.48,67.17,64.09,12974,21655000.0,4.56,-4.5,-3.04,2.05
2000-03-13,600772,64.09,65.06,65.65,64.09,7596,12576000.0,2.42,0.9,0.58,1.2
2000-03-14,600772,64.67,63.19,64.67,61.28,9135,14691000.0,5.21,-2.87,-1.87,1.45
2000-03-15,600772,63.66,63.89,65.77,63.62,6022,9916000.0,3.4,1.11,0.7,0.95
2000-03-16,600772,63.89,63.27,65.84,63.27,11771,19424000.0,4.02,-0.97,-0.62,1.86
2000-03-17,600772,63.39,65.3,65.96,63.35,9977,16648000.0,4.13,3.21,2.03,1.58
2000-03-20,600772,66.04,68.03,68.22,65.96,23428,40535000.0,3.46,4.18,2.73,3.71
2000-03-21,600772,68.38,67.17,68.77,66.43,14362,24800000.0,3.44,-1.26,-0.86,2.27
2000-03-22,600772,67.4,68.3,70.29,67.21,27273,47956000.0,4.59,1.68,1.13,4.32
2000-03-23,600772,68.38,68.3,70.29,67.99,27069,47808000.0,3.37,0.0,0.0,4.28
2000-03-24,600772,68.5,66.43,70.25,66.43,25394,44595000.0,5.59,-2.74,-1.87,4.02
2000-03-27,600772,67.01,71.5,73.06,66.82,77049,138878000.0,9.39,7.63,5.07,12.2
2000-03-29,600772,71.11,68.46,71.46,67.21,27051,47832000.0,5.94,-4.25,-3.04,4.28
2000-03-30,600772,68.5,68.38,68.77,66.39,37045,63770000.0,3.48,-0.12,-0.08,5.86
2000-03-31,600772,68.42,67.4,68.5,66.04,28049,47914000.0,3.6,-1.43,-0.98,4.44
2000-04-03,600772,67.21,65.88,67.21,64.87,35617,59739000.0,3.47,-2.26,-1.52,5.64
2000-04-04,600772,65.88,66.08,67.4,65.06,13081,22200000.0,3.55,0.3,0.2,2.07
2000-04-05,600772,66.59,67.21,67.91,66.08,10127,17388000.0,2.77,1.71,1.13,1.6
2000-04-06,600772,67.29,68.07,68.3,67.29,10492,18198000.0,1.5,1.28,0.86,1.66
2000-04-07,600772,68.38,68.57,69.47,67.52,15645,27491000.0,2.86,0.73,0.5,2.48
2000-04-10,600772,69.2,70.29,71.34,68.73,23984,43022000.0,3.81,2.51,1.72,3.8
2000-04-11,600772,70.33,68.18,70.72,68.18,13393,23712000.0,3.61,-3.0,-2.11,2.12
2000-04-12,600772,68.34,70.95,71.19,68.34,37023,66688000.0,4.18,4.06,2.77,5.86
2000-04-13,600772,71.3,71.85,74.93,71.15,51215,95492000.0,5.33,1.27,0.9,8.11
2000-04-14,600772,71.89,70.06,72.28,69.47,24279,43792000.0,3.91,-2.49,-1.79,3.84
2000-04-17,600772,69.47,68.22,70.06,67.83,18090,31705000.0,3.18,-2.63,-1.84,2.86
2000-04-18,600772,67.99,70.33,71.5,67.52,16260,29042000.0,5.83,3.09,2.11,2.57
2000-04-19,600772,70.37,69.55,71.07,68.77,12032,21404000.0,3.27,-1.11,-0.78,1.9
2000-04-20,600772,69.94,69.55,70.29,68.81,10128,18039000.0,2.13,0.0,0.0,1.6
2000-04-21,600772,69.55,68.73,70.13,68.57,5776,10273274.0,2.24,-1.18,-0.82,0.91
2000-04-24,600772,68.77,70.64,71.03,68.34,12381,21983000.0,3.91,2.78,1.91,1.96
2000-04-25,600772,70.64,69.32,70.91,68.96,6475,11503000.0,2.76,-1.87,-1.32,1.02
2000-04-26,600772,69.35,68.46,69.55,68.38,7701,13548000.0,1.69,-1.24,-0.86,1.22
2000-04-27,600772,68.57,67.25,69.43,67.21,9962,17363000.0,3.24,-1.77,-1.21,1.58
2000-04-28,600772,67.4,67.79,68.18,66.62,9435,16217000.0,2.32,0.8,0.54,1.49
2000-05-08,600772,67.83,66.98,68.38,66.82,6259,10748000.0,2.3,-1.19,-0.81,0.99
2000-05-09,600772,68.03,65.65,68.18,65.61,9265,15715000.0,3.84,-1.99,-1.33,1.47
2000-05-10,600772,65.26,63.27,65.26,62.72,9695,15827000.0,3.87,-3.63,-2.38,1.53
2000-05-11,600772,63.31,62.1,63.89,61.79,5895,9436000.0,3.32,-1.85,-1.17,0.93
2000-05-12,600772,62.14,61.28,63.19,61.24,6802,10758000.0,3.14,-1.32,-0.82,1.08
2000-05-15,600772,61.36,59.06,61.75,58.82,6243,9530000.0,4.78,-3.62,-2.22,0.99
2000-05-16,600772,59.02,59.99,60.81,59.02,4291,6583000.0,3.03,1.57,0.93,0.68
2000-05-17,600772,60.19,59.96,60.81,59.1,4281,6553000.0,2.85,-0.05,-0.03,0.68
2000-05-18,600772,60.19,61.75,61.75,59.96,5026,7880000.0,2.99,2.99,1.79,0.8
2000-05-19,600772,61.55,62.72,63.11,61.01,7142,11394000.0,3.4,1.57,0.97,1.13
2000-05-22,600772,62.41,63.23,63.7,62.37,14307,23071000.0,2.12,0.81,0.51,2.26
2000-05-23,600772,64.05,63.54,64.28,62.06,8128,13059000.0,3.51,0.49,0.31,1.29
2000-05-24,600772,64.01,64.13,64.25,62.84,10042,16312000.0,2.22,0.93,0.59,1.59
2000-05-25,600772,64.83,66.51,68.07,64.09,20461,34713000.0,6.21,3.71,2.38,3.24
2000-05-26,600772,66.82,64.95,67.29,64.91,10472,17583000.0,3.58,-2.35,-1.56,1.66
2000-05-29,600772,64.87,66.0,66.0,64.01,10373,17104000.0,3.06,1.62,1.05,1.64
2000-05-30,600772,66.43,64.32,66.62,64.17,7801,12940000.0,3.71,-2.55,-1.68,1.23
2000-05-31,600772,64.28,64.4,64.48,63.7,7328,12002000.0,1.21,0.12,0.08,1.16
2000-06-01,600772,64.52,64.79,66.23,64.48,5027,8382000.0,2.72,0.61,0.39,0.8
2000-06-02,600772,65.1,65.88,67.21,65.1,10862,18373000.0,3.26,1.68,1.09,1.72
2000-06-05,600772,66.43,65.34,67.05,65.26,9192,15582000.0,2.72,-0.82,-0.54,1.45
2000-06-06,600772,65.65,66.35,66.43,64.4,8708,14525000.0,3.11,1.55,1.01,1.38
2000-06-07,600772,67.21,65.81,67.4,65.06,7915,13349000.0,3.53,-0.81,-0.54,1.25
2000-06-08,600772,65.77,64.48,65.84,64.44,7224,11960000.0,2.13,-2.02,-1.33,1.14
2000-06-09,600772,64.48,63.66,64.87,63.62,8313,13624000.0,1.94,-1.27,-0.82,1.32
2000-06-12,600772,62.92,63.5,63.78,62.61,4439,7168000.0,1.84,-0.25,-0.16,0.7
2000-06-13,600772,63.5,64.01,64.48,63.23,3515,5747000.0,1.97,0.8,0.51,0.56
2000-06-14,600772,64.28,63.11,64.28,62.84,9809,15865000.0,2.25,-1.41,-0.9,1.55
2000-06-15,600772,63.11,63.54,64.01,62.92,5665,9162000.0,1.73,0.68,0.43,0.9
2000-06-16,600772,63.54,63.19,63.7,62.84,7150,11533000.0,1.35,-0.55,-0.35,1.13
2000-06-19,600772,63.15,62.33,63.15,61.87,5938,9462000.0,2.03,-1.36,-0.86,0.94
2000-06-20,600772,62.53,63.31,63.7,62.14,4346,7021000.0,2.5,1.57,0.98,0.69
2000-06-21,600772,63.23,62.92,63.7,62.72,2606,4198000.0,1.55,-0.62,-0.39,0.41
2000-06-22,600772,63.11,63.31,63.62,62.53,3652,5884000.0,1.73,0.62,0.39,0.58
2000-06-23,600772,63.31,64.87,65.22,63.31,8293,13731000.0,3.02,2.46,1.56,1.31
2000-06-26,600772,65.06,64.05,65.34,63.89,5800,9531000.0,2.24,-1.26,-0.82,0.92
2000-06-27,600772,64.05,63.08,64.4,62.76,6079,9826000.0,2.56,-1.51,-0.97,0.96
2000-06-28,600772,63.89,63.27,63.89,62.84,5527,8923000.0,1.66,0.3,0.19,0.87
2000-06-29,600772,63.31,62.72,63.35,62.45,6040,9680000.0,1.42,-0.87,-0.55,0.96
2000-06-30,600772,62.49,62.72,63.27,62.49,4678,7505000.0,1.24,0.0,0.0,0.74
2000-07-03,600772,62.53,61.75,62.72,61.28,5211,8267000.0,2.3,-1.55,-0.97,0.82
2000-07-04,600772,61.36,61.83,62.14,61.01,2741,4316000.0,1.83,0.13,0.08,0.43
2000-07-05,600772,61.83,61.98,62.72,61.83,1989,3163000.0,1.44,0.24,0.15,0.31
2000-07-06,600772,62.53,61.79,62.53,61.67,2577,4075000.0,1.39,-0.31,-0.19,0.41
2000-07-07,600772,61.75,62.49,62.49,61.01,3411,5385000.0,2.4,1.13,0.7,0.54
2000-07-10,600772,62.49,61.24,62.49,61.01,7310,11463000.0,2.37,-2.0,-1.25,1.16
2000-07-11,600772,61.44,61.75,62.3,60.77,6100,9536000.0,2.5,0.83,0.51,0.97
2000-07-12,600772,61.75,61.36,61.75,61.01,4811,7541000.0,1.2,-0.63,-0.39,0.76
2000-07-13,600772,61.83,63.7,64.4,61.83,7861,12798435.0,4.19,3.81,2.34,1.24
2000-07-14,600772,64.36,63.31,64.48,63.15,6736,11003000.0,2.09,-0.61,-0.39,1.07
2000-07-17,600772,64.32,62.84,64.32,62.65,3947,6354000.0,2.64,-0.74,-0.47,0.62
2000-07-18,600772,62.53,62.18,62.92,61.75,3605,5736000.0,1.86,-1.05,-0.66,0.57
2000-07-19,600772,62.18,64.09,64.83,61.94,9405,15407000.0,4.65,3.07,1.91,1.49
2000-07-20,600772,64.13,63.62,64.4,62.92,4323,7060000.0,2.31,-0.73,-0.47,0.68
2000-07-21,600772,63.62,64.6,65.65,63.62,7367,12210000.0,3.19,1.54,0.98,1.17
2000-07-24,600772,64.6,66.35,66.82,64.6,18934,32110000.0,3.44,2.71,1.75,3.0
2000-07-25,600772,66.04,65.14,66.27,64.87,5793,9684000.0,2.11,-1.82,-1.21,0.92
2000-07-26,600772,65.14,65.84,67.01,65.06,10348,17574000.0,2.99,1.07,0.7,1.64
2000-07-27,600772,65.84,65.34,66.39,64.87,5750,9614000.0,2.31,-0.76,-0.5,0.91
2000-07-28,600772,65.34,64.28,66.04,64.09,4686,7733000.0,2.98,-1.62,-1.06,0.74
2000-07-31,600772,64.48,64.36,64.87,63.5,3268,5372000.0,2.13,0.12,0.08,0.52
2000-08-01,600772,64.36,64.48,64.64,63.7,3878,6379000.0,1.46,0.19,0.12,0.61
2000-08-02,600772,63.89,64.25,64.87,63.89,2720,4491000.0,1.52,-0.36,-0.23,0.43
2000-08-03,600772,64.25,64.01,64.48,63.89,4284,7027000.0,0.92,-0.37,-0.24,0.68
2000-08-04,600772,63.93,63.31,63.93,63.23,4396,7142000.0,1.09,-1.09,-0.7,0.7
2000-08-07,600772,63.11,63.27,63.62,62.53,3158,5088000.0,1.72,-0.06,-0.04,0.5
2000-08-08,600772,63.27,63.7,64.25,63.27,3406,5533000.0,1.55,0.68,0.43,0.54
2000-08-09,600772,63.74,64.67,64.99,63.7,4440,7346000.0,2.03,1.52,0.97,0.7
2000-08-10,600772,64.71,65.18,65.18,64.32,6193,10282000.0,1.33,0.79,0.51,0.98
2000-08-11,600772,65.26,64.36,65.65,64.25,4865,8051000.0,2.15,-1.26,-0.82,0.77
2000-08-14,600772,64.4,64.17,64.87,63.7,3485,5710000.0,1.82,-0.3,-0.19,0.55
2000-08-15,600772,64.09,63.82,64.48,63.7,4056,6642000.0,1.22,-0.55,-0.35,0.64
2000-08-16,600772,64.09,64.48,65.18,63.82,3521,5804000.0,2.13,1.03,0.66,0.56
2000-08-17,600772,64.64,65.06,65.42,64.48,4899,8144000.0,1.46,0.9,0.58,0.78
2000-08-18,600772,65.26,65.96,66.74,65.26,11338,19178000.0,2.27,1.38,0.9,1.79
2000-08-21,600772,66.43,65.69,66.9,65.69,8578,14545000.0,1.83,-0.41,-0.27,1.36
2000-08-22,600772,65.73,66.27,67.99,65.65,20305,34790000.0,3.56,0.88,0.58,3.21
2000-08-23,600772,66.04,67.56,68.73,62.61,19236,32694000.0,9.23,1.95,1.29,3.04
2000-08-24,600772,67.6,68.3,69.08,66.62,22330,38948000.0,3.64,1.1,0.74,3.53
2000-08-25,600772,68.38,68.38,69.16,67.6,12202,21344000.0,2.28,0.12,0.08,1.93
2000-08-28,600772,69.16,70.37,70.68,68.38,25343,45262000.0,3.36,2.91,1.99,4.01
2000-08-29,600772,70.37,69.63,70.52,69.2,11803,21067000.0,1.88,-1.05,-0.74,1.87
2000-08-30,600772,69.63,67.76,69.94,67.6,10187,17853000.0,3.36,-2.69,-1.87,1.61
2000-08-31,600772,67.21,65.57,67.52,65.57,12341,20986000.0,2.88,-3.23,-2.19,1.95
2000-09-01,600772,65.26,65.53,66.2,64.99,9405,15795000.0,1.85,-0.06,-0.04,1.49
2000-09-04,600772,65.65,67.17,67.4,65.65,8874,15141000.0,2.67,2.5,1.64,1.4
2000-09-05,600772,67.4,65.22,67.4,64.48,4999,8475000.0,4.35,-2.9,-1.95,0.79
2000-09-06,600772,65.22,65.65,66.23,64.79,7343,12338000.0,2.21,0.66,0.43,1.16
2000-09-07,600772,66.43,66.12,66.82,65.38,3195,5396000.0,2.19,0.72,0.47,0.51
2000-09-08,600772,66.39,66.08,66.39,65.84,2891,4888000.0,0.83,-0.06,-0.04,0.46
2000-09-11,600772,66.04,65.26,66.43,64.67,4204,7038000.0,2.66,-1.24,-0.82,0.67
2000-09-12,600772,65.26,65.61,66.04,64.95,3565,5972000.0,1.67,0.54,0.35,0.56
2000-09-13,600772,66.12,67.52,68.38,65.65,13434,23236000.0,4.16,2.91,1.91,2.13
2000-09-14,600772,67.72,66.74,68.11,66.31,4947,8471000.0,2.67,-1.16,-0.78,0.78
2000-09-15,600772,66.62,65.81,67.01,65.69,3169,5358000.0,1.98,-1.39,-0.93,0.5
2000-09-18,600772,65.81,65.84,67.4,65.65,2880,4886000.0,2.66,0.05,0.03,0.46
2000-09-19,600772,65.42,63.43,65.61,63.31,4651,7671000.0,3.49,-3.66,-2.41,0.74
2000-09-20,600772,63.43,64.13,64.6,62.92,3270,5328000.0,2.65,1.1,0.7,0.52
2000-09-21,600772,64.01,63.66,64.67,63.5,2288,3751000.0,1.82,-0.73,-0.47,0.36
2000-09-22,600772,63.5,63.19,63.5,63.0,2571,4157000.0,0.79,-0.74,-0.47,0.41
2000-09-25,600772,63.11,61.98,63.5,61.87,2330,3720000.0,2.58,-1.91,-1.21,0.37
2000-09-26,600772,61.98,61.83,62.92,61.75,1669,2648000.0,1.89,-0.24,-0.15,0.26
2000-09-27,600772,62.92,62.84,62.92,61.91,1057,1687000.0,1.63,1.63,1.01,0.17
2000-09-28,600772,62.92,60.97,62.92,60.58,2584,4082000.0,3.72,-2.98,-1.87,0.41
2000-09-29,600772,61.16,61.75,62.18,61.16,2041,3222000.0,1.67,1.28,0.78,0.32
2000-10-09,600772,61.75,60.97,62.92,60.38,3350,5215000.0,4.11,-1.26,-0.78,0.53
2000-10-10,600772,61.36,63.23,63.54,60.97,3661,5825000.0,4.22,3.71,2.26,0.58
2000-10-11,600772,63.19,62.49,63.31,62.14,2213,3545000.0,1.85,-1.17,-0.74,0.35
2000-10-12,600772,62.37,61.4,62.37,61.2,3276,5151000.0,1.87,-1.74,-1.09,0.52
2000-10-13,600772,61.36,61.4,62.45,61.09,2547,4010000.0,2.21,0.0,0.0,0.4
2000-10-16,600772,61.55,62.53,63.89,61.4,3137,5045000.0,4.06,1.84,1.13,0.5
2000-10-17,600772,62.33,63.47,63.93,62.33,2195,3563000.0,2.56,1.5,0.94,0.35
2000-10-18,600772,63.47,62.96,63.47,62.53,1349,2171000.0,1.48,-0.8,-0.51,0.21
2000-10-19,600772,63.31,64.09,64.75,62.92,4504,7373000.0,2.91,1.79,1.13,0.71
2000-10-20,600772,63.54,64.52,64.75,63.31,2550,4179000.0,2.25,0.67,0.43,0.4
2000-10-23,600772,64.87,64.6,65.42,64.32,3636,6008000.0,1.7,0.12,0.08,0.58
2000-10-24,600772,64.87,63.89,64.87,63.5,2102,3455000.0,2.12,-1.1,-0.71,0.33
2000-10-25,600772,64.01,64.21,64.4,63.7,2272,3720000.0,1.1,0.5,0.32,0.36
2000-10-26,600772,64.25,63.23,64.25,63.23,2213,3605000.0,1.59,-1.53,-0.98,0.35
2000-10-27,600772,63.15,63.08,63.5,62.45,3501,5621000.0,1.66,-0.24,-0.15,0.55
2000-10-30,600772,63.23,64.01,64.71,62.53,3374,5474000.0,3.46,1.47,0.93,0.53
2000-10-31,600772,64.01,64.05,64.87,64.01,2601,4285000.0,1.34,0.06,0.04,0.41
2000-11-01,600772,63.89,63.89,64.48,63.62,1485,2432000.0,1.34,-0.25,-0.16,0.24
2000-11-02,600772,63.89,64.83,65.45,63.82,5583,9291000.0,2.55,1.47,0.94,0.88
2000-11-03,600772,65.18,64.4,65.26,63.97,2031,3358000.0,1.99,-0.66,-0.43,0.32
2000-11-06,600772,64.32,64.48,64.48,63.5,1892,3094000.0,1.52,0.12,0.08,0.3
2000-11-07,600772,64.6,65.45,65.45,64.32,2946,4893000.0,1.75,1.5,0.97,0.47
2000-11-08,600772,65.45,65.65,65.73,64.87,3671,6143000.0,1.31,0.31,0.2,0.58
2000-11-09,600772,65.65,65.03,65.65,64.71,3918,6520000.0,1.43,-0.94,-0.62,0.62
2000-11-10,600772,65.65,66.0,67.01,64.91,8467,14321000.0,3.23,1.49,0.97,1.34
2000-11-13,600772,66.04,66.82,67.6,65.88,8988,15376000.0,2.61,1.24,0.82,1.42
2000-11-14,600772,67.13,66.82,67.13,65.96,5886,10022000.0,1.75,0.0,0.0,0.93
2000-11-15,600772,66.82,66.04,67.21,66.0,4925,8360000.0,1.81,-1.17,-0.78,0.78
2000-11-16,600772,66.35,66.66,66.78,66.04,5703,9693000.0,1.12,0.94,0.62,0.9
2000-11-17,600772,66.74,66.98,68.18,66.59,9178,15842000.0,2.39,0.48,0.32,1.45
2000-11-20,600772,66.9,67.6,68.22,66.82,7962,13760000.0,2.09,0.93,0.62,1.26
2000-11-21,600772,67.72,67.91,68.57,67.33,7583,13207000.0,1.83,0.46,0.31,1.2
2000-11-22,600772,67.91,69.12,69.63,67.68,16263,28755000.0,2.87,1.78,1.21,2.57
2000-11-23,600772,69.55,69.71,70.72,68.77,20383,36446000.0,2.82,0.85,0.59,3.23
2000-11-24,600772,69.86,66.66,70.41,66.47,14138,24680000.0,5.65,-4.38,-3.05,2.24
2000-11-27,600772,66.12,67.17,67.4,65.69,7203,12335000.0,2.57,0.77,0.51,1.14
2000-11-28,600772,67.6,67.6,67.99,67.13,4819,8311000.0,1.28,0.64,0.43,0.76
2000-11-29,600772,67.6,67.01,68.18,66.62,5078,8741000.0,2.31,-0.87,-0.59,0.8
2000-11-30,600772,67.21,66.74,67.21,66.47,2818,4817000.0,1.1,-0.4,-0.27,0.45
2000-12-01,600772,67.21,67.6,68.38,66.86,3523,6099000.0,2.28,1.29,0.86,0.56
2000-12-04,600772,67.4,69.74,70.33,67.4,13389,23866000.0,4.33,3.17,2.14,2.12
2000-12-05,600772,70.13,69.74,70.33,69.16,6326,11274000.0,1.68,0.0,0.0,1.0
2000-12-06,600772,69.55,68.18,70.06,67.99,6237,11032000.0,2.97,-2.24,-1.56,0.99
2000-12-07,600772,67.99,67.6,68.38,67.25,4478,7761000.0,1.66,-0.85,-0.58,0.71
2000-12-08,600772,67.68,69.82,70.29,67.6,8899,15775000.0,3.98,3.28,2.22,1.41
2000-12-11,600772,69.82,69.74,70.84,69.12,16052,28826000.0,2.46,-0.11,-0.08,2.54
2000-12-12,600772,69.67,72.08,72.2,69.35,26188,47802000.0,4.09,3.36,2.34,4.14
2000-12-13,600772,72.28,72.24,72.47,71.5,14730,27121000.0,1.35,0.22,0.16,2.33
2000-12-14,600772,72.28,71.85,73.64,70.33,16754,30989000.0,4.58,-0.54,-0.39,2.65
2000-12-15,600772,71.5,69.82,71.81,69.63,10273,18513000.0,3.03,-2.83,-2.03,1.63
2000-12-19,600772,70.33,71.66,72.55,70.33,8659,15888000.0,3.18,2.64,1.84,1.37
2000-12-20,600772,71.66,71.66,72.28,70.72,7742,14161000.0,2.18,0.0,0.0,1.23
2000-12-21,600772,71.69,72.94,74.15,71.66,18044,33838000.0,3.47,1.79,1.28,2.86
2000-12-22,600772,73.02,73.14,73.68,72.59,9002,16842000.0,1.49,0.27,0.2,1.42
2000-12-25,600772,72.86,74.39,74.93,72.75,14689,27994000.0,2.98,1.71,1.25,2.32
2000-12-26,600772,74.39,73.84,74.81,73.25,8234,15559000.0,2.1,-0.74,-0.55,1.3
2000-12-27,600772,74.23,75.05,76.18,73.84,16648,32093000.0,3.17,1.64,1.21,2.64
2000-12-28,600772,74.81,75.67,75.98,73.25,11035,21114000.0,3.64,0.83,0.62,1.75
2000-12-29,600772,75.71,76.84,78.05,75.01,18146,35704000.0,4.02,1.55,1.17,2.87
2001-01-02,600772,77.66,81.05,82.34,77.66,43259,89519000.0,6.09,5.48,4.21,6.85
2001-01-03,600772,81.33,82.22,82.65,80.0,27412,57078000.0,3.27,1.44,1.17,4.34
2001-01-04,600772,82.42,80.7,82.61,80.39,18917,39449000.0,2.7,-1.85,-1.52,2.99
2001-01-05,600772,80.47,81.25,82.22,80.27,14357,29820000.0,2.42,0.68,0.55,2.27
2001-01-08,600772,81.33,77.97,82.61,77.78,20747,42216000.0,5.94,-4.04,-3.28,3.28
2001-01-09,600772,77.58,76.92,78.68,75.98,14264,28089000.0,3.46,-1.35,-1.05,2.26
2001-01-10,600772,76.96,78.01,78.13,76.76,9503,18860000.0,1.78,1.42,1.09,1.5
2001-01-11,600772,78.01,76.18,78.32,76.18,11486,22542000.0,2.74,-2.35,-1.83,1.82
2001-01-12,600772,75.79,74.97,76.1,74.23,11308,21691000.0,2.45,-1.59,-1.21,1.79
2001-01-15,600772,73.45,71.46,75.4,70.72,15493,29117000.0,6.24,-4.68,-3.51,2.45
2001-01-16,600772,70.41,73.06,73.33,70.33,8359,15331000.0,4.2,2.24,1.6,1.32
2001-01-17,600772,72.67,72.59,73.25,71.97,3731,6927000.0,1.75,-0.64,-0.47,0.59
2001-01-18,600772,72.98,72.44,73.02,72.28,4833,8997000.0,1.02,-0.21,-0.15,0.76
2001-01-19,600772,72.67,72.9,73.22,72.28,6600,12302000.0,1.3,0.64,0.46,1.04
2001-02-05,600772,72.94,69.63,73.76,69.55,8537,15544000.0,5.78,-4.49,-3.27,1.35
2001-02-06,600772,69.35,68.77,69.35,65.65,7198,12406000.0,5.31,-1.24,-0.86,1.14
2001-02-07,600772,68.77,67.01,69.08,66.43,3657,6310000.0,3.85,-2.56,-1.76,0.58
2001-02-08,600772,67.21,66.62,68.69,66.43,3325,5729000.0,3.37,-0.58,-0.39,0.53
2001-02-09,600772,67.17,67.68,68.38,67.17,3716,6444000.0,1.82,1.59,1.06,0.59
2001-02-12,600772,67.4,67.29,67.52,66.43,3312,5668000.0,1.61,-0.58,-0.39,0.52
2001-02-13,600772,67.29,68.57,68.69,66.66,3064,5346000.0,3.02,1.9,1.28,0.48
2001-02-14,600772,68.38,68.46,68.69,67.29,1763,3077000.0,2.04,-0.16,-0.11,0.28
2001-02-15,600772,68.57,66.94,68.57,66.43,3507,6027000.0,3.13,-2.22,-1.52,0.56
2001-02-16,600772,66.43,65.96,66.98,64.79,4031,6779000.0,3.27,-1.46,-0.98,0.64
2001-02-19,600772,65.84,65.06,65.92,64.09,4572,7586000.0,2.77,-1.36,-0.9,0.72
2001-02-20,600772,65.26,65.34,66.82,65.03,3582,6030000.0,2.75,0.43,0.28,0.57
2001-02-21,600772,65.22,62.14,65.22,62.06,7836,12617000.0,4.84,-4.9,-3.2,1.24
2001-02-22,600772,62.06,61.71,62.33,61.01,5494,8693000.0,2.12,-0.69,-0.43,0.87
2001-02-23,600772,61.36,61.87,62.14,60.97,5795,9111000.0,1.9,0.26,0.16,0.92
2001-02-26,600772,62.42,65.56,65.79,62.05,6545,10642000.0,6.04,5.96,3.69,0.86
2001-02-27,600772,65.98,65.79,66.12,64.71,3256,5347000.0,2.15,0.35,0.23,0.43
2001-02-28,600772,65.56,65.88,66.35,65.18,2191,3630000.0,1.78,0.14,0.09,0.29
2001-03-01,600772,65.88,65.79,66.16,64.76,1869,3086000.0,2.13,-0.14,-0.09,0.25
2001-03-02,600772,66.35,66.73,67.33,66.02,3048,5094000.0,1.99,1.43,0.94,0.4
2001-03-05,600772,66.73,65.6,67.05,65.18,3830,6334000.0,2.8,-1.69,-1.13,0.51
2001-03-06,600772,66.12,64.71,66.12,63.54,3710,6041000.0,3.93,-1.36,-0.89,0.49
2001-03-07,600772,64.71,64.99,65.79,64.57,4364,7153000.0,1.89,0.43,0.28,0.58
2001-03-08,600772,64.99,64.11,64.99,64.01,6606,10708000.0,1.51,-1.35,-0.88,0.87
2001-03-09,600772,64.11,64.99,65.65,64.11,9900,16143000.0,2.4,1.37,0.88,1.31
2001-03-12,600772,64.99,69.63,71.69,64.99,14424,24933000.0,10.31,7.14,4.64,1.9
2001-03-13,600772,69.63,69.63,70.42,67.99,7838,13562000.0,3.49,0.0,0.0,1.03
2001-03-14,600772,69.39,70.24,70.56,68.93,3877,6759000.0,2.34,0.88,0.61,0.51
2001-03-15,600772,70.33,70.52,71.97,70.33,4953,8742000.0,2.33,0.4,0.28,0.65
2001-03-16,600772,70.7,69.21,70.8,68.93,3749,6491000.0,2.65,-1.86,-1.31,0.49
2001-03-19,600772,69.16,69.39,70.24,68.08,2352,4059000.0,3.12,0.26,0.18,0.31
2001-03-20,600772,69.77,70.8,70.8,69.39,2965,5182000.0,2.03,2.03,1.41,0.39
2001-03-21,600772,70.8,70.75,71.97,70.24,5530,9784000.0,2.44,-0.07,-0.05,0.73
2001-03-22,600772,70.8,71.73,71.97,70.24,5744,10157000.0,2.45,1.39,0.98,0.76
2001-03-23,600772,71.64,69.63,71.64,69.39,5156,9068000.0,3.14,-2.93,-2.1,0.68
2001-03-26,600772,68.93,70.24,70.38,68.27,3571,6199000.0,3.03,0.88,0.61,0.47
2001-03-27,600772,71.27,71.64,72.11,70.33,5364,9515000.0,2.53,1.99,1.4,0.71
2001-03-28,600772,71.97,71.27,72.2,71.08,4350,7702000.0,1.56,-0.52,-0.37,0.57
2001-03-29,600772,71.31,70.14,71.55,70.0,3767,6621000.0,2.17,-1.59,-1.13,0.5
2001-03-30,600772,69.86,69.96,70.99,69.63,3544,6195000.0,1.94,-0.26,-0.18,0.47
2001-04-02,600772,71.73,71.13,71.73,70.33,4751,8397000.0,2.0,1.67,1.17,0.63
2001-04-03,600772,71.13,73.51,74.07,70.8,13689,24617000.0,4.6,3.35,2.38,1.81
2001-04-05,600772,72.11,73.14,73.42,71.36,7017,12584000.0,2.8,-0.5,-0.37,0.93
2001-04-06,600772,71.73,70.52,73.04,70.52,8593,15258000.0,3.45,-3.58,-2.62,1.13
2001-04-09,600772,70.42,68.69,70.7,68.04,11580,19890000.0,3.77,-2.6,-1.83,1.53
2001-04-10,600772,68.69,69.16,70.14,68.46,5955,10268000.0,2.45,0.68,0.47,0.79
2001-04-11,600772,69.3,68.6,69.82,68.22,5880,10067000.0,2.31,-0.81,-0.56,0.78
2001-04-12,600772,68.46,67.48,68.5,66.96,12665,21410000.0,2.24,-1.63,-1.12,1.67
2001-04-13,600772,67.29,67.99,68.93,67.05,5311,9019000.0,2.79,0.76,0.51,0.7
2001-04-16,600772,68.04,67.76,68.41,67.1,7812,13237000.0,1.93,-0.34,-0.23,1.03
2001-04-17,600772,67.8,67.33,68.04,66.77,12526,21090000.0,1.87,-0.63,-0.43,1.65
2001-04-18,600772,67.43,66.68,67.94,66.49,6953,11644000.0,2.15,-0.97,-0.65,0.92
2001-04-19,600772,66.68,66.12,66.73,65.84,6526,10842000.0,1.33,-0.84,-0.56,0.86
2001-04-20,600772,66.16,67.01,68.46,66.12,6347,10747000.0,3.54,1.35,0.89,0.84
2001-04-23,600772,66.96,67.8,67.99,66.59,3515,5940000.0,2.09,1.18,0.79,0.46
2001-04-24,600772,67.99,67.33,68.36,66.91,4838,8199000.0,2.14,-0.69,-0.47,0.64
2001-04-25,600772,67.52,66.4,68.22,66.12,4808,8100000.0,3.12,-1.38,-0.93,0.63
2001-04-26,600772,66.4,64.85,66.4,64.71,5171,8495000.0,2.55,-2.33,-1.55,0.68
2001-04-27,600772,64.85,64.81,65.42,64.62,5239,8560000.0,1.23,-0.06,-0.04,0.69
2001-04-30,600772,64.81,64.06,65.6,63.08,9981,16062000.0,3.89,-1.16,-0.75,1.32
2001-05-09,600772,65.65,65.65,66.45,65.09,5543,9177000.0,2.12,2.48,1.59,0.73
2001-05-10,600772,65.88,67.48,67.94,65.74,7133,11972000.0,3.35,2.79,1.83,0.94
2001-05-11,600772,67.94,67.15,67.99,66.73,2835,4767000.0,1.87,-0.49,-0.33,0.37
2001-05-14,600772,67.52,67.05,67.62,66.16,4250,7112000.0,2.17,-0.15,-0.1,0.56
2001-05-15,600772,67.05,66.59,67.52,66.02,5993,9992000.0,2.24,-0.69,-0.46,0.79
2001-05-16,600772,66.63,67.94,68.18,66.49,5343,9004000.0,2.54,2.03,1.35,0.7
2001-05-17,600772,67.99,66.87,68.13,66.59,3783,6344000.0,2.27,-1.57,-1.07,0.5
2001-05-18,600772,66.87,66.35,67.8,66.12,4411,7366000.0,2.51,-0.78,-0.52,0.58
2001-05-21,600772,66.35,65.28,66.59,65.09,7972,13114000.0,2.26,-1.61,-1.07,1.05
2001-05-22,600772,65.42,66.82,67.05,65.18,5883,9767000.0,2.86,2.36,1.54,0.78
2001-05-23,600772,67.05,66.87,67.8,65.74,5097,8564000.0,3.08,0.07,0.05,0.67
2001-05-24,600772,66.91,69.63,70.1,66.45,11753,19967000.0,5.46,4.13,2.76,1.55
2001-05-25,600772,70.1,68.79,70.1,67.99,9334,16043000.0,3.03,-1.21,-0.84,1.23
2001-05-28,600772,70.1,69.63,70.24,68.83,8028,13887000.0,2.05,1.22,0.84,1.06
2001-05-29,600772,69.67,69.96,70.33,69.44,8606,14981000.0,1.28,0.47,0.33,1.14
2001-05-30,600772,70.33,70.24,70.33,69.77,7249,12636000.0,0.8,0.4,0.28,0.96
2001-05-31,600772,70.33,69.02,70.7,68.69,10275,17814000.0,2.86,-1.74,-1.22,1.36
2001-06-01,600772,68.93,68.55,68.97,67.76,6703,11443000.0,1.75,-0.68,-0.47,0.88
2001-06-04,600772,70.33,71.45,71.55,69.02,11040,19296000.0,3.69,4.23,2.9,1.46
2001-06-05,600772,71.45,71.73,72.53,70.99,15131,26936000.0,2.16,0.39,0.28,2.0
2001-06-06,600772,72.62,71.59,72.67,70.38,9282,16442000.0,3.19,-0.2,-0.14,1.22
2001-06-07,600772,72.58,71.08,72.58,70.61,6444,11435000.0,2.75,-0.71,-0.51,0.85
2001-06-08,600772,72.44,71.87,72.44,71.03,7692,13668000.0,1.98,1.11,0.79,1.01
2001-06-11,600772,72.67,72.67,73.98,71.78,23618,42578000.0,3.06,1.11,0.8,3.12
2001-06-12,600772,72.67,74.78,75.01,72.2,21403,38978000.0,3.87,2.9,2.11,2.82
2001-06-13,600772,74.92,75.1,75.48,74.35,17370,32194000.0,1.51,0.43,0.32,2.29
2001-06-14,600772,75.1,71.64,75.24,71.36,18347,33340000.0,5.17,-4.61,-3.46,2.42
2001-06-15,600772,71.64,72.62,73.56,70.7,13196,23679000.0,3.99,1.37,0.98,1.74
2001-06-18,600772,72.9,71.22,74.07,70.8,11155,20010000.0,4.5,-1.93,-1.4,1.47
2001-06-19,600772,71.22,71.17,71.73,70.8,5393,9544000.0,1.31,-0.07,-0.05,0.71
2001-06-20,600772,71.27,70.1,71.73,69.91,4820,8510000.0,2.56,-1.5,-1.07,0.64
2001-06-21,600772,70.14,71.22,71.45,69.82,4950,8665000.0,2.33,1.6,1.12,0.65
2001-06-22,600772,71.13,71.73,71.83,70.94,5146,9136000.0,1.25,0.72,0.51,0.68
2001-06-25,600772,71.73,72.67,73.09,71.03,4725,8459000.0,2.87,1.31,0.94,0.62
2001-06-26,600772,72.67,72.76,73.14,72.25,4858,8754000.0,1.22,0.12,0.09,0.64
2001-06-27,600772,72.76,72.81,74.4,72.44,7293,13240000.0,2.69,0.07,0.05,0.96
2001-06-28,600772,73.04,71.73,73.61,71.31,7707,13791000.0,3.16,-1.48,-1.08,1.02
2001-06-29,600772,71.5,70.84,72.06,70.33,7626,13470000.0,2.41,-1.24,-0.89,1.01
2001-07-02,600772,71.36,70.1,71.83,69.86,5382,9411000.0,2.78,-1.04,-0.74,0.71
2001-07-03,600772,69.86,70.33,70.33,69.07,3888,6756000.0,1.8,0.33,0.23,0.51
2001-07-04,600772,70.33,69.35,70.7,69.21,3315,5740000.0,2.12,-1.39,-0.98,0.44
2001-07-05,600772,69.3,68.08,69.49,67.52,5801,9915000.0,2.84,-1.83,-1.27,0.77
2001-07-06,600772,67.99,67.9,68.55,67.52,2829,4810000.0,1.51,-0.26,-0.18,0.37
2001-07-09,600772,67.99,67.57,68.46,67.52,3284,5570000.0,1.38,-0.49,-0.33,0.43
2001-07-10,600772,68.36,68.6,68.74,67.99,2004,3426000.0,1.11,1.52,1.03,0.26
2001-07-11,600772,68.46,67.05,68.46,66.59,4398,7423000.0,2.73,-2.26,-1.55,0.58
2001-07-12,600772,67.15,67.05,67.48,66.49,2537,4248000.0,1.48,0.0,0.0,0.33
2001-07-13,600772,67.38,67.05,67.52,66.82,2100,3530837.0,1.04,0.0,0.0,0.28
2001-07-16,600772,65.7,67.52,68.93,65.7,2783,4722000.0,4.82,0.7,0.47,0.37
2001-07-17,600772,67.52,66.73,67.52,66.02,2834,4735000.0,2.22,-1.17,-0.79,0.37
2001-07-18,600772,67.05,67.38,68.04,67.01,1642,2771000.0,1.54,0.97,0.65,0.22
2001-07-19,600772,67.94,67.66,67.94,67.24,1546,2613000.0,1.04,0.42,0.28,0.2
2001-07-20,600772,67.99,68.69,69.02,67.71,4624,7881000.0,1.94,1.52,1.03,0.61
2001-07-23,600772,68.79,67.99,69.21,67.94,3021,5160000.0,1.85,-1.02,-0.7,0.4
2001-07-24,600772,67.99,67.15,67.99,67.01,3333,5631000.0,1.44,-1.24,-0.84,0.44
2001-07-25,600772,67.15,66.4,67.43,66.07,2347,3930000.0,2.03,-1.12,-0.75,0.31
2001-07-26,600772,66.26,64.99,66.59,64.2,3117,5117000.0,3.6,-2.12,-1.41,0.41
2001-07-27,600772,63.78,59.57,65.7,58.68,10331,16062000.0,10.8,-8.34,-5.42,1.36
2001-07-30,600772,58.63,52.45,58.63,52.45,11421,16261000.0,10.37,-11.95,-7.12,1.51
2001-07-31,600772,52.31,52.87,55.26,51.61,9066,12663000.0,6.96,0.8,0.42,1.2
2001-08-01,600772,54.42,56.52,56.52,53.95,6867,9808000.0,4.86,6.9,3.65,0.91
2001-08-02,600772,56.66,55.82,56.76,53.72,5329,7554000.0,5.38,-1.24,-0.7,0.7
2001-08-03,600772,55.35,55.78,56.06,54.79,1683,2413000.0,2.28,-0.07,-0.04,0.22
2001-08-06,600772,55.73,53.58,55.78,52.55,2866,3989000.0,5.79,-3.94,-2.2,0.38
2001-08-07,600772,53.44,54.79,54.89,52.59,1929,2694000.0,4.29,2.26,1.21,0.25
2001-08-08,600772,54.89,54.0,54.89,53.95,1804,2539000.0,1.72,-1.44,-0.79,0.24
2001-08-09,600772,54.18,55.03,55.12,54.18,2424,3437000.0,1.74,1.91,1.03,0.32
2001-08-10,600772,55.12,55.78,56.76,54.65,3457,4964000.0,3.83,1.36,0.75,0.46
2001-08-13,600772,55.78,56.2,56.29,55.59,2204,3180000.0,1.25,0.75,0.42,0.29
2001-08-14,600772,56.29,55.63,57.23,54.89,2080,3012000.0,4.16,-1.01,-0.57,0.27
2001-08-15,600772,55.82,55.82,55.92,54.42,1660,2362000.0,2.7,0.34,0.19,0.22
2001-08-16,600772,55.82,54.18,55.82,54.18,1273,1803000.0,2.94,-2.94,-1.64,0.17
2001-08-17,600772,54.04,54.32,55.17,54.0,1273,1795000.0,2.16,0.26,0.14,0.17
2001-08-20,600772,53.29,54.51,55.35,53.29,628,889000.0,3.79,0.35,0.19,0.08
2001-08-21,600772,54.51,54.7,55.35,54.42,1292,1834000.0,1.71,0.35,0.19,0.17
2001-08-22,600772,54.42,53.2,54.7,52.45,3155,4372000.0,4.11,-2.74,-1.5,0.42
2001-08-23,600772,52.45,53.34,53.39,51.98,1270,1744000.0,2.65,0.26,0.14,0.17
2001-08-24,600772,53.34,53.39,54.0,53.01,1101,1527000.0,1.86,0.09,0.05,0.15
2001-08-27,600772,53.34,50.44,53.34,50.44,2824,3798000.0,5.43,-5.53,-2.95,0.37
2001-08-28,600772,50.21,49.69,50.21,48.33,3099,4032000.0,3.73,-1.49,-0.75,0.41
2001-08-29,600772,51.84,51.05,51.84,50.81,929,1243000.0,2.07,2.74,1.36,0.12
2001-08-30,600772,50.91,50.3,51.56,50.3,797,1059000.0,2.47,-1.47,-0.75,0.11
2001-08-31,600772,50.11,50.44,51.05,50.11,563,745000.0,1.87,0.28,0.14,0.07
2001-09-03,600772,50.44,49.27,50.49,48.71,841,1099000.0,3.53,-2.32,-1.17,0.11
2001-09-04,600772,49.27,50.39,50.44,49.27,1573,2072000.0,2.37,2.27,1.12,0.21
2001-09-05,600772,51.14,51.05,51.61,50.39,2588,3464000.0,2.42,1.31,0.66,0.34
2001-09-06,600772,51.14,51.1,51.42,50.67,1220,1631000.0,1.47,0.1,0.05,0.16
2001-09-07,600772,51.14,49.41,51.14,49.27,1773,2332000.0,3.66,-3.31,-1.69,0.23
2001-09-10,600772,49.04,50.21,50.39,48.24,3844,4984000.0,4.35,1.62,0.8,0.51
2001-09-11,600772,50.39,50.77,51.33,50.39,2059,2742000.0,1.87,1.12,0.56,0.27
2001-09-12,600772,51.05,56.99,56.99,51.05,47800,68917000.0,11.7,12.25,6.22,6.31
2001-09-13,600772,56.99,54.18,57.32,54.18,17494,24901000.0,5.51,-4.93,-2.81,2.31
2001-09-14,600772,53.29,55.12,57.46,52.55,19241,27425000.0,9.06,1.73,0.94,2.54
2001-09-17,600772,55.17,55.17,56.76,54.7,8381,12041000.0,3.74,0.09,0.05,1.11
2001-09-18,600772,55.17,55.26,56.34,53.95,5220,7401000.0,4.33,0.16,0.09,0.69
2001-09-19,600772,55.35,55.26,55.35,53.95,5056,7122000.0,2.53,0.0,0.0,0.67
2001-09-20,600772,55.82,57.09,58.07,55.45,17868,26255000.0,4.74,3.31,1.83,2.36
2001-09-21,600772,57.18,57.93,58.4,56.76,16167,23976000.0,2.87,1.47,0.84,2.13
2001-09-24,600772,58.4,56.71,58.54,56.57,4425,6509000.0,3.4,-2.11,-1.22,0.58
2001-09-25,600772,56.57,54.56,56.85,54.32,7505,10680000.0,4.46,-3.79,-2.15,0.99
2001-09-26,600772,54.09,53.25,54.42,53.25,4138,5774000.0,2.14,-2.4,-1.31,0.55
2001-09-27,600772,53.25,51.94,53.72,50.58,4629,6295000.0,5.9,-2.46,-1.31,0.61
2001-09-28,600772,51.61,52.31,52.64,51.24,2490,3380000.0,2.7,0.71,0.37,0.33
2001-10-08,600772,54.0,52.83,54.65,52.08,3018,4170000.0,4.91,0.99,0.52,0.4
2001-10-09,600772,52.55,52.92,53.11,50.67,2407,3256000.0,4.62,0.17,0.09,0.32
2001-10-10,600772,53.15,49.27,53.15,49.04,3040,4027000.0,7.77,-6.9,-3.65,0.4
2001-10-11,600772,49.36,44.82,50.49,44.64,6063,7543000.0,11.87,-9.03,-4.45,0.8
2001-10-12,600772,44.82,45.39,47.4,41.45,7325,8741000.0,13.28,1.27,0.57,0.97
2001-10-15,600772,45.39,45.06,46.32,44.12,2926,3551000.0,4.85,-0.73,-0.33,0.39
2001-10-16,600772,45.06,42.53,45.1,41.78,3317,3875000.0,7.37,-5.61,-2.53,0.44
2001-10-17,600772,44.5,43.0,44.5,42.72,3103,3652000.0,4.19,1.11,0.47,0.41
2001-10-18,600772,42.86,42.16,43.14,41.78,1577,1816000.0,3.16,-1.95,-0.84,0.21
2001-10-19,600772,42.3,38.18,42.3,36.77,5791,6230000.0,13.12,-9.44,-3.98,0.76
2001-10-22,600772,37.34,33.97,37.48,33.83,5658,5648000.0,9.56,-11.03,-4.21,0.75
2001-10-23,600772,38.51,38.51,38.51,37.1,6856,7295000.0,4.15,13.36,4.54,0.9
2001-10-24,600772,41.31,43.09,43.51,41.13,16374,18891000.0,6.18,11.89,4.58,2.16
2001-10-25,600772,43.0,41.22,43.0,40.85,5929,6754000.0,4.99,-4.34,-1.87,0.78
2001-10-26,600772,40.0,39.96,41.08,38.97,5265,5792000.0,5.12,-3.06,-1.26,0.69
2001-10-29,600772,40.38,41.13,41.31,39.77,2342,2609000.0,3.85,2.93,1.17,0.31
2001-10-30,600772,41.78,40.89,42.25,40.89,2888,3290000.0,3.31,-0.58,-0.24,0.38
2001-10-31,600772,40.85,40.8,40.85,39.91,2089,2309000.0,2.3,-0.22,-0.09,0.28
2001-11-01,600772,40.85,41.59,42.11,40.85,1977,2239000.0,3.09,1.94,0.79,0.26
2001-11-02,600772,41.78,40.85,41.78,40.61,1300,1464000.0,2.81,-1.78,-0.74,0.17
2001-11-05,600772,40.05,40.19,40.38,39.82,1719,1896000.0,1.37,-1.62,-0.66,0.23
2001-11-06,600772,40.05,39.35,40.38,39.11,1832,2008000.0,3.16,-2.09,-0.84,0.24
2001-11-07,600772,38.97,35.89,38.97,35.6,4405,4566000.0,8.56,-8.79,-3.46,0.58
2001-11-08,600772,33.26,35.98,36.12,33.26,2818,2805000.0,7.97,0.25,0.09,0.37
2001-11-09,600772,36.59,36.68,37.06,35.28,2032,2069000.0,4.95,1.95,0.7,0.27
2001-11-12,600772,37.06,36.87,37.48,36.63,1507,1567000.0,2.32,0.52,0.19,0.2
2001-11-13,600772,36.63,36.17,36.63,35.23,1290,1306000.0,3.8,-1.9,-0.7,0.17
2001-11-14,600772,36.87,36.07,36.87,35.93,930,952000.0,2.6,-0.28,-0.1,0.12
2001-11-15,600772,36.17,36.68,37.01,36.17,847,870000.0,2.33,1.69,0.61,0.11
2001-11-16,600772,40.99,36.91,41.5,36.63,4804,5128000.0,13.28,0.63,0.23,0.63
2001-11-19,600772,37.38,37.71,37.71,36.59,4804,5128192.0,3.03,2.17,0.8,0.63
2001-11-20,600772,37.94,39.25,39.58,37.62,2404,2499446.0,5.2,4.08,1.54,0.32
2001-11-21,600772,39.49,39.96,40.14,38.97,3114,3404120.0,2.98,1.81,0.71,0.41
2001-11-22,600772,39.96,41.08,41.31,39.72,4261,4746000.0,3.98,2.8,1.12,0.56
2001-11-23,600772,41.31,41.03,41.97,40.8,4730,5353000.0,2.85,-0.12,-0.05,0.62
2001-11-26,600772,39.86,40.0,40.52,39.21,3740,4100000.0,3.19,-2.51,-1.03,0.49
2001-11-27,600772,39.91,40.38,40.71,39.86,1983,2192000.0,2.13,0.95,0.38,0.26
2001-11-28,600772,40.47,41.13,41.55,40.47,4211,4733000.0,2.67,1.86,0.75,0.56
2001-11-29,600772,41.08,41.22,41.64,40.71,3208,3617000.0,2.26,0.22,0.09,0.42
2001-11-30,600772,41.22,42.11,42.25,41.22,3544,4053000.0,2.5,2.16,0.89,0.47
2001-12-03,600772,42.53,42.95,43.14,42.16,5446,6322000.0,2.33,1.99,0.84,0.72
2001-12-04,600772,43.09,42.67,43.09,42.11,3688,4267000.0,2.28,-0.65,-0.28,0.49
2001-12-05,600772,42.62,41.97,43.65,41.78,5446,6327859.0,4.38,-1.64,-0.7,0.72
2001-12-06,600772,41.69,42.16,42.16,41.31,2996,3415457.0,2.03,0.45,0.19,0.4
2001-12-07,600772,42.25,43.47,43.56,41.97,6493,7599799.0,3.77,3.11,1.31,0.86
2001-12-10,600772,44.5,45.48,45.99,44.4,19828,24102842.0,3.66,4.62,2.01,2.62
2001-12-11,600772,45.48,44.68,45.53,44.59,6356,7666640.0,2.07,-1.76,-0.8,0.84
2001-12-12,600772,44.59,43.65,44.59,43.47,4918,5827033.0,2.51,-2.31,-1.03,0.65
2001-12-13,600772,42.72,41.78,43.75,41.78,4021,4661196.0,4.51,-4.28,-1.87,0.53
2001-12-14,600772,41.31,41.36,42.25,40.85,2833,3199383.0,3.35,-1.01,-0.42,0.37
2001-12-17,600772,41.22,41.08,41.41,40.71,2085,2338606.0,1.69,-0.68,-0.28,0.28
2001-12-18,600772,41.13,42.02,42.06,40.85,1878,2129453.0,2.95,2.29,0.94,0.25
2001-12-19,600772,42.06,41.97,42.95,41.83,2128,2456868.0,2.67,-0.12,-0.05,0.28
2001-12-20,600772,41.78,40.8,41.78,40.61,2115,2372241.0,2.79,-2.79,-1.17,0.28
2001-12-21,600772,40.8,41.31,41.36,40.8,1153,1298755.0,1.37,1.25,0.51,0.15
2001-12-24,600772,41.5,39.11,41.55,38.79,1392,1531812.0,6.68,-5.33,-2.2,0.18
2001-12-25,600772,38.83,39.25,39.44,38.6,1490,1612723.0,2.15,0.36,0.14,0.2
2001-12-26,600772,39.49,39.91,40.0,39.25,1267,1383823.0,1.91,1.68,0.66,0.17
2001-12-27,600772,39.91,39.82,40.75,39.58,1046,1157193.0,2.93,-0.23,-0.09,0.14
2001-12-28,600772,40.42,40.14,40.42,39.35,1160,1274740.0,2.69,0.8,0.32,0.15
2001-12-31,600772,40.75,40.52,40.8,39.91,1035,1151183.0,2.22,0.95,0.38,0.14
2002-01-04,600772,40.47,38.51,40.47,38.41,961,1045609.0,5.08,-4.96,-2.01,0.13
2002-01-07,600772,36.54,37.48,38.04,36.54,1505,1571669.0,3.9,-2.67,-1.03,0.2
2002-01-08,600772,37.48,37.15,37.9,37.1,1002,1051419.0,2.13,-0.88,-0.33,0.13
2002-01-09,600772,37.1,35.74,37.1,35.46,1720,1758968.0,4.41,-3.8,-1.41,0.23
2002-01-10,600772,35.32,36.68,37.43,34.39,3070,3070317.0,8.51,2.63,0.94,0.4
2002-01-11,600772,36.68,35.28,36.68,35.28,1555,1568895.0,3.82,-3.82,-1.4,0.21
2002-01-14,600772,34.39,33.69,35.09,33.59,2184,2140873.0,4.25,-4.51,-1.59,0.29
2002-01-15,600772,33.36,31.95,34.2,31.86,2300,2204357.0,6.95,-5.16,-1.74,0.3
2002-01-16,600772,31.86,32.47,33.22,31.72,1749,1635381.0,4.69,1.63,0.52,0.23
2002-01-17,600772,32.66,28.21,32.66,28.12,4024,3550876.0,13.98,-13.12,-4.26,0.53
2002-01-18,600772,26.81,26.9,28.16,25.96,5306,4358766.0,7.8,-4.64,-1.31,0.7
2002-01-21,600772,26.57,23.53,26.57,23.53,4974,3837832.0,11.3,-12.53,-3.37,0.66
2002-01-22,600772,23.06,21.0,24.47,20.25,4834,3534542.0,17.93,-10.75,-2.53,0.64
2002-01-23,600772,17.73,23.16,23.53,17.73,23848,15547478.0,27.62,10.29,2.16,3.15
2002-01-24,600772,21.94,25.07,26.34,20.3,32534,24225767.0,26.08,8.25,1.91,4.29
2002-01-25,600772,24.42,24.61,25.78,23.67,15565,12022782.0,8.42,-1.83,-0.46,2.05
2002-01-28,600772,24.47,21.24,25.07,21.0,9878,7319275.0,16.54,-13.69,-3.37,1.3
2002-01-29,600772,21.14,23.11,23.81,20.44,6260,4566402.0,15.87,8.8,1.87,0.83
2002-01-30,600772,22.97,24.47,24.84,22.97,8232,6292222.0,8.09,5.88,1.36,1.09
2002-01-31,600772,24.93,27.32,27.51,24.93,15139,12333064.0,10.54,11.65,2.85,2.0
2002-02-01,600772,27.04,26.67,27.93,26.34,9028,7425712.0,5.82,-2.38,-0.65,1.19
2002-02-04,600772,26.81,27.93,28.07,25.96,6649,5502910.0,7.91,4.72,1.26,0.88
2002-02-05,600772,27.7,28.63,28.91,26.81,8506,7240830.0,7.52,2.51,0.7,1.12
2002-02-06,600772,29.1,26.76,29.38,26.57,7852,6612678.0,9.81,-6.53,-1.87,1.04
2002-02-07,600772,26.81,28.12,28.68,26.81,4823,4081566.0,6.99,5.08,1.36,0.64
2002-02-08,600772,28.63,27.55,28.77,27.51,4651,3950625.0,4.48,-2.03,-0.57,0.61
2002-02-25,600772,28.72,28.68,29.15,27.98,4563,3906636.0,4.25,4.1,1.13,0.6
2002-02-26,600772,28.21,29.24,29.24,27.98,4623,3970260.0,4.39,1.95,0.56,0.61
2002-02-27,600772,29.57,30.46,31.95,29.43,12655,11525254.0,8.62,4.17,1.22,1.67
2002-02-28,600772,30.5,30.55,31.25,30.13,6228,5609839.0,3.68,0.3,0.09,0.82
2002-03-01,600772,30.32,29.33,30.55,29.15,4848,4282617.0,4.58,-3.99,-1.22,0.64
2002-03-04,600772,29.61,31.39,31.39,29.57,9123,8276002.0,6.21,7.02,2.06,1.2
2002-03-05,600772,31.39,31.95,32.33,31.39,8547,7964886.0,2.99,1.78,0.56,1.13
2002-03-06,600772,32.38,31.95,33.22,31.72,11270,10567940.0,4.69,0.0,0.0,1.49
2002-03-07,600772,31.95,33.08,33.26,31.53,9601,9010273.0,5.41,3.54,1.13,1.27
2002-03-08,600772,33.17,34.76,35.0,33.17,16338,15956746.0,5.53,5.08,1.68,2.16
2002-03-11,600772,35.23,37.06,37.06,34.76,13857,14011762.0,6.62,6.62,2.3,1.83
2002-03-12,600772,37.1,36.63,37.57,35.7,15059,15466148.0,5.05,-1.16,-0.43,1.99
2002-03-13,600772,36.17,34.25,36.59,34.2,9712,9712458.0,6.52,-6.5,-2.38,1.28
2002-03-14,600772,33.59,36.21,36.4,33.59,7909,7820153.0,8.2,5.72,1.96,1.04
2002-03-15,600772,36.4,34.29,36.59,34.2,8299,8326419.0,6.6,-5.3,-1.92,1.09
2002-03-18,600772,34.76,34.29,36.17,34.06,5157,5092052.0,6.15,0.0,0.0,0.68
2002-03-19,600772,34.29,36.45,36.54,34.29,6847,6889508.0,6.56,6.3,2.16,0.9
2002-03-20,600772,36.54,39.68,39.82,36.35,22909,24204153.0,9.52,8.86,3.23,3.02
2002-03-21,600772,40.42,39.91,41.31,39.68,43820,48658800.0,4.11,0.58,0.23,5.78
2002-03-22,600772,39.86,38.97,39.86,38.41,8766,9457942.0,3.63,-2.36,-0.94,1.16
2002-03-25,600772,38.97,38.83,39.35,38.04,5511,5920926.0,3.36,-0.36,-0.14,0.73
2002-03-26,600772,38.97,39.11,39.96,38.51,6241,6767950.0,3.73,0.72,0.28,0.82
2002-03-27,600772,39.82,38.74,39.82,38.04,5421,5833393.0,4.55,-0.95,-0.37,0.72
2002-03-28,600772,39.07,38.46,39.3,38.04,5638,6048234.0,3.25,-0.72,-0.28,0.74
2002-03-29,600772,38.41,36.26,38.41,35.93,9094,9401761.0,6.45,-5.72,-2.2,1.2
2002-04-01,600772,35.98,35.6,36.26,34.34,5818,5820522.0,5.3,-1.82,-0.66,0.77
2002-04-02,600772,35.28,34.2,35.6,34.11,4389,4331308.0,4.19,-3.93,-1.4,0.58
2002-04-03,600772,34.2,36.21,37.52,34.2,11496,11794709.0,9.71,5.88,2.01,1.52
2002-04-04,600772,36.87,37.2,37.24,35.7,7637,7850172.0,4.25,2.73,0.99,1.01
2002-04-05,600772,37.57,37.1,38.46,37.01,6532,6873983.0,3.9,-0.27,-0.1,0.86
2002-04-08,600772,36.31,36.63,37.1,36.26,3445,3545976.0,2.26,-1.27,-0.47,0.45
2002-04-09,600772,37.48,39.58,40.38,37.1,17437,19044693.0,8.95,8.05,2.95,2.3
2002-04-10,600772,39.44,38.97,39.86,38.74,7685,8339116.0,2.83,-1.54,-0.61,1.01
2002-04-11,600772,38.97,37.62,39.68,37.57,5656,6050309.0,5.41,-3.46,-1.35,0.75
2002-04-12,600772,38.04,39.68,39.72,37.8,11257,12218329.0,5.1,5.48,2.06,1.48
2002-04-15,600772,39.91,40.05,40.33,38.74,9131,10013023.0,4.01,0.93,0.37,1.2
2002-04-16,600772,39.96,39.49,40.71,39.44,5124,5616747.0,3.17,-1.4,-0.56,0.68
2002-04-17,600772,39.21,39.49,39.58,38.83,3359,3646924.0,1.9,0.0,0.0,0.44
2002-04-18,600772,38.6,38.88,39.86,38.6,3807,4142272.0,3.19,-1.54,-0.61,0.5
2002-04-19,600772,38.41,39.16,39.21,37.9,6758,7212585.0,3.37,0.72,0.28,0.89
2002-04-22,600772,38.32,39.54,40.1,38.32,3995,4363652.0,4.55,0.97,0.38,0.53
2002-04-23,600772,39.68,40.61,40.75,38.74,10485,11625492.0,5.08,2.71,1.07,1.38
2002-04-24,600772,40.61,41.27,42.11,40.47,18471,20942398.0,4.04,1.63,0.66,2.44
2002-04-25,600772,41.31,41.83,42.16,40.61,10080,11436057.0,3.76,1.36,0.56,1.33
2002-04-26,600772,42.95,41.5,43.05,41.36,7428,8505002.0,4.04,-0.79,-0.33,0.98
2002-04-29,600772,41.78,42.44,42.72,41.55,7739,8895433.0,2.82,2.27,0.94,1.02
2002-04-30,600772,42.44,43.98,44.03,42.16,12909,15152156.0,4.41,3.63,1.54,1.7
2002-05-08,600772,44.5,43.89,44.54,43.05,4986,5874563.0,3.39,-0.2,-0.09,0.66
2002-05-09,600772,43.37,42.81,43.75,42.25,5620,6563254.0,3.42,-2.46,-1.08,0.74
2002-05-10,600772,42.72,41.17,43.09,40.99,6877,7816128.0,4.91,-3.83,-1.64,0.91
2002-05-13,600772,41.17,41.31,41.78,40.28,6455,7244088.0,3.64,0.34,0.14,0.85
2002-05-14,600772,41.31,41.45,42.25,41.31,2787,3171741.0,2.28,0.34,0.14,0.37
2002-05-15,600772,41.22,40.52,41.36,40.28,4072,4545588.0,2.61,-2.24,-0.93,0.54
2002-05-16,600772,39.96,37.38,40.14,37.15,10151,10832318.0,7.38,-7.75,-3.14,1.34
2002-05-17,600772,37.38,38.79,39.4,37.24,7059,7487787.0,5.78,3.77,1.41,0.93
2002-05-20,600772,38.69,37.62,38.69,36.17,3961,4115501.0,6.5,-3.02,-1.17,0.52
2002-05-21,600772,38.69,40.8,40.85,37.8,8071,8817938.0,8.11,8.45,3.18,1.06
2002-05-22,600772,40.38,41.78,42.16,39.91,6665,7468850.0,5.51,2.4,0.98,0.88
2002-05-23,600772,42.16,41.88,42.81,41.55,7708,8863152.0,3.02,0.24,0.1,1.02
2002-05-24,600772,41.59,40.85,41.83,40.38,8224,9224459.0,3.46,-2.46,-1.03,1.08
2002-05-27,600772,41.31,41.27,42.62,41.03,11189,12734640.0,3.89,1.03,0.42,1.48
2002-05-28,600772,43.89,40.14,44.03,39.11,6635,7407538.0,11.92,-2.74,-1.13,0.88
2002-05-29,600772,39.91,38.65,40.24,38.46,3935,4241574.0,4.43,-3.71,-1.49,0.52
2002-05-30,600772,38.46,38.46,39.21,37.15,2924,3097619.0,5.33,-0.49,-0.19,0.39
2002-05-31,600772,38.51,37.34,38.74,36.87,3696,3889097.0,4.86,-2.91,-1.12,0.49
2002-06-03,600772,37.01,35.37,37.01,35.18,5092,5150285.0,4.9,-5.28,-1.97,0.67
2002-06-04,600772,35.37,35.28,36.31,34.29,3960,3958717.0,5.71,-0.25,-0.09,0.52
2002-06-05,600772,36.17,34.34,36.17,34.25,2192,2160809.0,5.44,-2.66,-0.94,0.29
2002-06-06,600772,34.29,36.82,38.04,33.87,4940,5044120.0,12.14,7.22,2.48,0.65
2002-06-07,600772,36.73,37.06,37.52,36.31,3552,3687924.0,3.29,0.65,0.24,0.47
2002-06-10,600772,36.73,35.93,37.29,35.7,1680,1711732.0,4.29,-3.05,-1.13,0.22
2002-06-11,600772,35.93,36.31,36.91,35.93,1332,1364189.0,2.73,1.06,0.38,0.18
2002-06-12,600772,37.01,35.93,37.01,35.65,1149,1167188.0,3.75,-1.05,-0.38,0.15
2002-06-13,600772,35.84,35.14,35.84,34.34,3038,3056021.0,4.17,-2.2,-0.79,0.4
2002-06-14,600772,35.04,34.76,35.14,34.34,1799,1775762.0,2.28,-1.08,-0.38,0.24
2002-06-17,600772,34.29,34.53,34.76,33.92,741,729242.0,2.42,-0.66,-0.23,0.1
2002-06-18,600772,35.6,36.17,36.35,35.23,1779,1797159.0,3.24,4.75,1.64,0.23
2002-06-19,600772,36.17,35.23,36.17,35.23,1073,1078661.0,2.6,-2.6,-0.94,0.14
2002-06-20,600772,35.37,35.46,36.17,35.32,1161,1168878.0,2.41,0.65,0.23,0.15
2002-06-21,600772,35.7,37.57,38.41,35.7,7890,8249908.0,7.64,5.95,2.11,1.04
2002-06-24,600772,42.48,42.48,42.48,40.1,25334,28881799.0,6.33,13.07,4.91,3.34
2002-06-25,600772,42.48,40.85,42.53,40.42,13693,15562407.0,4.97,-3.84,-1.63,1.81
2002-06-26,600772,40.14,40.0,40.75,39.25,6720,7398503.0,3.67,-2.08,-0.85,0.89
2002-06-27,600772,40.05,39.58,41.03,38.88,5320,5827000.0,5.38,-1.05,-0.42,0.7
2002-06-28,600772,39.58,38.97,39.86,37.99,8082,8704492.0,4.72,-1.54,-0.61,1.07
2002-07-02,600772,38.97,39.44,39.44,38.08,3105,3356603.0,3.49,1.21,0.47,0.41
2002-07-03,600772,39.44,39.44,39.91,39.21,4573,4992221.0,1.77,0.0,0.0,0.6
2002-07-04,600772,39.58,40.0,40.61,39.58,4984,5508847.0,2.61,1.42,0.56,0.66
2002-07-05,600772,41.08,40.66,44.12,40.57,34667,39702887.0,8.88,1.65,0.66,4.57
2002-07-08,600772,40.85,41.97,42.16,40.66,10555,11932092.0,3.69,3.22,1.31,1.39
2002-07-09,600772,42.16,41.83,42.44,41.59,6152,7024662.0,2.03,-0.33,-0.14,0.81
2002-07-10,600772,41.36,40.28,41.78,39.91,6892,7694521.0,4.47,-3.71,-1.55,0.91
2002-07-11,600772,42.02,40.89,42.02,40.33,7373,8313365.0,4.2,1.51,0.61,0.97
2002-07-12,600772,40.75,40.61,41.31,40.52,2913,3265297.0,1.93,-0.68,-0.28,0.38
2002-07-15,600772,40.33,39.4,40.33,39.21,5013,5470741.0,2.76,-2.98,-1.21,0.66
2002-07-16,600772,39.25,39.68,40.57,39.25,1877,2059778.0,3.35,0.71,0.28,0.25
2002-07-17,600772,39.63,39.91,40.0,39.44,2007,2199330.0,1.41,0.58,0.23,0.26
2002-07-18,600772,39.91,40.19,40.47,39.77,1674,1852201.0,1.75,0.7,0.28,0.22
2002-07-19,600772,40.38,39.96,40.47,39.54,2404,2646236.0,2.31,-0.57,-0.23,0.32
2002-07-22,600772,39.96,39.35,40.33,39.21,2208,2404703.0,2.8,-1.53,-0.61,0.29
2002-07-23,600772,39.35,38.79,39.58,38.65,2969,3210912.0,2.36,-1.42,-0.56,0.39
2002-07-24,600772,38.97,38.41,39.3,38.27,1927,2072173.0,2.66,-0.98,-0.38,0.25
2002-07-25,600772,37.01,37.24,38.88,37.01,2758,2899922.0,4.87,-3.05,-1.17,0.36
2002-07-26,600772,37.34,37.48,37.8,37.24,1762,1845481.0,1.5,0.64,0.24,0.23
2002-07-29,600772,37.57,37.24,37.76,36.77,2004,2090966.0,2.64,-0.64,-0.24,0.26
2002-07-30,600772,37.48,37.99,38.27,37.48,1640,1736543.0,2.12,2.01,0.75,0.22
2002-07-31,600772,37.1,37.1,38.04,37.01,1686,1758462.0,2.71,-2.34,-0.89,0.22
2002-08-01,600772,37.1,36.87,37.34,36.4,2546,2629585.0,2.53,-0.62,-0.23,0.34
2002-08-02,600772,36.17,36.63,36.87,36.17,1251,1288472.0,1.9,-0.65,-0.24,0.17
2002-08-05,600772,36.63,36.21,36.73,36.12,1732,1770000.0,1.67,-1.15,-0.42,0.23
2002-08-06,600772,36.17,36.63,37.24,36.12,1779,1833254.0,3.09,1.16,0.42,0.23
2002-08-07,600772,36.87,37.15,37.24,36.49,1337,1381094.0,2.05,1.42,0.52,0.18
2002-08-08,600772,37.1,36.59,37.1,36.45,874,899273.0,1.75,-1.51,-0.56,0.12
2002-08-09,600772,36.63,36.26,36.63,36.17,1056,1081609.0,1.26,-0.9,-0.33,0.14
2002-08-12,600772,36.03,35.18,36.03,35.0,3068,3069886.0,2.84,-2.98,-1.08,0.4
2002-08-13,600772,35.14,35.37,35.65,35.14,1382,1387249.0,1.45,0.54,0.19,0.18
2002-08-14,600772,35.37,35.79,36.17,35.37,1100,1109898.0,2.26,1.19,0.42,0.15
2002-08-15,600772,35.79,35.56,36.54,35.46,754,761280.0,3.02,-0.64,-0.23,0.1
2002-08-16,600772,35.04,36.07,36.26,34.81,1004,1015471.0,4.08,1.43,0.51,0.13
2002-08-19,600772,36.07,36.59,37.06,36.07,1981,2041036.0,2.74,1.44,0.52,0.26
2002-08-20,600772,37.01,36.87,37.01,36.4,1555,1604164.0,1.67,0.77,0.28,0.21
2002-08-21,600772,37.2,38.27,39.54,37.2,14162,15201107.0,6.35,3.8,1.4,1.87
2002-08-22,600772,37.57,38.23,38.83,37.57,4551,4835839.0,3.29,-0.1,-0.04,0.6
2002-08-23,600772,38.23,37.76,38.6,37.66,1917,2028615.0,2.46,-1.23,-0.47,0.25
2002-08-26,600772,37.94,37.06,37.94,36.96,2756,2875456.0,2.6,-1.85,-0.7,0.36
2002-08-27,600772,37.1,37.8,37.94,37.1,1842,1935891.0,2.27,2.0,0.74,0.24
2002-08-28,600772,38.13,37.57,38.27,37.29,1660,1747000.0,2.59,-0.61,-0.23,0.22
2002-08-29,600772,38.04,37.66,38.04,37.57,1317,1386601.0,1.25,0.24,0.09,0.17
2002-08-30,600772,37.57,37.15,37.71,37.1,1518,1587273.0,1.62,-1.35,-0.51,0.2
2002-09-02,600772,37.01,37.15,37.34,37.01,995,1035340.0,0.89,0.0,0.0,0.13
2002-09-03,600772,37.2,37.2,37.66,37.1,727,759870.0,1.51,0.13,0.05,0.1
2002-09-04,600772,37.57,36.87,37.57,36.87,1185,1230712.0,1.88,-0.89,-0.33,0.16
2002-09-05,600772,37.1,36.07,37.1,35.98,1826,1870613.0,3.04,-2.17,-0.8,0.24
2002-09-06,600772,36.07,35.93,36.35,35.79,1727,1758585.0,1.55,-0.39,-0.14,0.23
2002-09-09,600772,35.84,36.49,37.1,35.84,2725,2805317.0,3.51,1.56,0.56,0.36
2002-09-10,600772,36.59,36.4,37.06,35.93,1065,1090696.0,3.1,-0.25,-0.09,0.14
2002-09-11,600772,36.63,36.12,36.63,35.6,1290,1307252.0,2.83,-0.77,-0.28,0.17
2002-09-12,600772,36.17,36.12,36.31,35.98,783,798772.0,0.91,0.0,0.0,0.1
2002-09-13,600772,35.93,35.89,36.12,35.7,879,890033.0,1.16,-0.64,-0.23,0.12
2002-09-16,600772,35.23,35.98,36.03,35.23,1007,1012870.0,2.23,0.25,0.09,0.13
2002-09-17,600772,35.7,35.46,35.7,35.46,886,891603.0,0.67,-1.45,-0.52,0.12
2002-09-18,600772,35.7,35.23,35.7,35.18,1034,1035490.0,1.47,-0.65,-0.23,0.14
2002-09-19,600772,35.0,35.79,35.79,34.81,1473,1470878.0,2.78,1.59,0.56,0.19
2002-09-20,600772,35.93,35.28,35.93,35.28,438,440955.0,1.82,-1.42,-0.51,0.06
2002-09-23,600772,35.23,35.32,35.46,35.0,597,597816.0,1.3,0.11,0.04,0.08
2002-09-24,600772,35.51,35.7,35.98,35.46,1495,1512318.0,1.47,1.08,0.38,0.2
2002-09-25,600772,35.93,35.6,35.93,35.32,673,677989.0,1.71,-0.28,-0.1,0.09
2002-09-26,600772,35.65,35.32,35.7,35.23,850,852538.0,1.32,-0.79,-0.28,0.11
2002-09-27,600772,35.51,35.09,35.51,35.0,1199,1200342.0,1.44,-0.65,-0.23,0.16
2002-10-08,600772,35.14,34.11,35.14,33.87,1180,1158380.0,3.62,-2.79,-0.98,0.16
2002-10-09,600772,32.89,32.66,33.36,32.66,1275,1212667.0,2.05,-4.25,-1.45,0.17
2002-10-10,600772,32.14,31.81,32.75,31.72,1514,1412105.0,3.15,-2.6,-0.85,0.2
2002-10-11,600772,31.95,32.09,32.52,31.72,1270,1183322.0,2.51,0.88,0.28,0.17
2002-10-14,600772,31.95,32.19,32.28,31.3,1089,1007816.0,3.05,0.31,0.1,0.14
2002-10-15,600772,32.19,31.95,32.19,31.58,565,524969.0,1.89,-0.75,-0.24,0.07
2002-10-16,600772,32.14,32.33,32.66,31.95,1467,1373736.0,2.22,1.19,0.38,0.19
2002-10-17,600772,32.47,31.16,32.47,31.02,1329,1225039.0,4.48,-3.62,-1.17,0.18
2002-10-18,600772,31.16,29.99,31.16,29.24,2863,2542718.0,6.16,-3.75,-1.17,0.38
2002-10-21,600772,30.27,29.85,30.32,29.52,897,790757.0,2.67,-0.47,-0.14,0.12
2002-10-22,600772,29.85,30.36,30.36,29.38,6597,5867748.0,3.28,1.71,0.51,0.87
2002-10-23,600772,30.5,30.36,30.5,29.66,3801,3381234.0,2.77,0.0,0.0,0.5
2002-10-24,600772,30.32,29.85,30.32,29.38,3232,2848438.0,3.1,-1.68,-0.51,0.43
2002-10-25,600772,29.43,27.88,30.08,27.65,3274,2827897.0,8.14,-6.6,-1.97,0.43
2002-10-28,600772,27.98,26.76,27.98,26.67,2399,1982467.0,4.7,-4.02,-1.12,0.32
2002-10-29,600772,26.71,27.98,28.02,26.57,1485,1231018.0,5.42,4.56,1.22,0.2
2002-10-30,600772,27.93,27.88,28.12,27.51,1153,969767.0,2.18,-0.36,-0.1,0.15
2002-10-31,600772,27.74,27.79,28.3,27.6,1080,912013.0,2.51,-0.32,-0.09,0.14
2002-11-01,600772,27.7,27.32,27.88,27.23,1084,903736.0,2.34,-1.69,-0.47,0.14
2002-11-04,600772,27.55,28.21,28.21,27.55,1500,1266523.0,2.42,3.26,0.89,0.2
2002-11-05,600772,28.68,29.71,29.89,28.68,4753,4170152.0,4.29,5.32,1.5,0.63
2002-11-06,600772,29.71,29.75,30.08,29.43,2700,2384119.0,2.19,0.13,0.04,0.36
2002-11-07,600772,29.75,29.33,29.75,29.05,2166,1889018.0,2.35,-1.41,-0.42,0.29
2002-11-08,600772,29.38,27.98,30.08,27.98,2340,2013009.0,7.16,-4.6,-1.35,0.31
2002-11-11,600772,27.98,26.9,28.3,26.85,1586,1321525.0,5.18,-3.86,-1.08,0.21
2002-11-12,600772,26.81,26.62,27.98,26.43,2886,2370571.0,5.76,-1.04,-0.28,0.38
2002-11-13,600772,26.81,26.76,26.81,25.87,2069,1678283.0,3.53,0.53,0.14,0.27
2002-11-14,600772,26.81,25.92,26.85,25.87,1638,1325488.0,3.66,-3.14,-0.84,0.22
2002-11-15,600772,25.87,26.01,26.57,25.68,1590,1278933.0,3.43,0.35,0.09,0.21
2002-11-18,600772,25.92,24.98,25.92,24.93,1049,828488.0,3.81,-3.96,-1.03,0.14
2002-11-19,600772,24.93,25.17,25.68,24.28,1456,1130447.0,5.6,0.76,0.19,0.19
2002-11-20,600772,25.26,24.04,25.26,23.53,1948,1490271.0,6.87,-4.49,-1.13,0.26
2002-11-21,600772,23.58,22.97,24.0,22.97,2039,1526450.0,4.28,-4.45,-1.07,0.27
2002-11-22,600772,22.97,23.25,24.0,22.36,1857,1373541.0,7.14,1.22,0.28,0.24
2002-11-25,600772,23.25,23.58,23.67,22.83,862,643130.0,3.61,1.42,0.33,0.11
2002-11-27,600772,22.97,22.55,22.97,21.19,2859,2057362.0,7.55,-4.37,-1.03,0.38
2002-11-28,600772,22.27,23.44,23.53,22.03,1751,1287099.0,6.65,3.95,0.89,0.23
2002-11-29,600772,23.53,24.47,24.84,23.44,3813,2927330.0,5.97,4.39,1.03,0.5
2002-12-02,600772,24.7,24.04,24.7,23.67,2754,2093755.0,4.21,-1.76,-0.43,0.36
2002-12-03,600772,24.04,25.26,25.31,23.81,2992,2309467.0,6.24,5.07,1.22,0.39
2002-12-04,600772,25.92,25.4,26.24,25.36,10175,8102600.0,3.48,0.55,0.14,1.34
2002-12-05,600772,25.31,24.61,25.31,23.95,2093,1610993.0,5.35,-3.11,-0.79,0.28
2002-12-06,600772,24.7,24.33,24.89,24.0,1267,976337.0,3.62,-1.14,-0.28,0.17
2002-12-09,600772,23.81,23.95,24.37,23.81,591,449935.0,2.3,-1.56,-0.38,0.08
2002-12-10,600772,21.33,22.64,24.84,21.33,2219,1644884.0,14.66,-5.47,-1.31,0.29
2002-12-11,600772,22.83,23.06,23.25,22.36,1440,1052375.0,3.93,1.86,0.42,0.19
2002-12-12,600772,23.06,23.25,23.53,22.97,873,650893.0,2.43,0.82,0.19,0.12
2002-12-13,600772,22.17,24.04,24.14,22.17,2181,1635615.0,8.47,3.4,0.79,0.29
2002-12-16,600772,24.14,24.56,24.7,24.0,3067,2355469.0,2.91,2.16,0.52,0.4
2002-12-17,600772,24.14,24.79,24.93,23.9,1349,1046380.0,4.19,0.94,0.23,0.18
2002-12-18,600772,24.79,28.44,28.44,24.79,16682,14130798.0,14.72,14.72,3.65,2.2
2002-12-19,600772,28.91,30.32,30.46,28.58,58759,51320836.0,6.61,6.61,1.88,7.75
2002-12-20,600772,30.08,29.47,30.08,28.72,26796,23415347.0,4.49,-2.8,-0.85,3.53
2002-12-23,600772,29.33,29.1,29.99,28.68,17980,15674840.0,4.45,-1.26,-0.37,2.37
2002-12-24,600772,28.77,29.1,29.89,28.68,9781,8513376.0,4.16,0.0,0.0,1.29
2002-12-25,600772,29.61,29.52,32.33,29.43,26683,24011564.0,9.97,1.44,0.42,3.52
2002-12-26,600772,29.01,26.62,29.24,26.57,14342,12135871.0,9.04,-9.82,-2.9,1.89
2002-12-27,600772,26.53,27.51,28.68,26.06,19724,16559525.0,9.84,3.34,0.89,2.6
2002-12-30,600772,27.04,27.09,27.98,26.85,7251,6027687.0,4.11,-1.53,-0.42,0.96
2002-12-31,600772,26.81,25.68,27.74,25.64,8146,6615165.0,7.75,-5.2,-1.41,1.07
2003-01-02,600772,25.4,24.04,25.45,23.53,8046,6148227.0,7.48,-6.39,-1.64,1.06
2003-01-03,600772,23.9,24.79,24.89,23.53,6967,5356923.0,5.66,3.12,0.75,0.92
2003-01-06,600772,24.79,26.34,26.53,23.9,8851,6991303.0,10.61,6.25,1.55,1.17
2003-01-07,600772,26.34,25.73,26.53,25.03,8024,6411582.0,5.69,-2.32,-0.61,1.06
2003-01-08,600772,26.34,26.76,26.81,25.31,6842,5498245.0,5.83,4.0,1.03,0.9
2003-01-09,600772,26.76,27.84,27.98,26.38,14689,12165870.0,5.98,4.04,1.08,1.94
2003-01-10,600772,28.21,26.85,28.21,26.81,8922,7459793.0,5.03,-3.56,-0.99,1.18
2003-01-13,600772,26.9,27.65,27.93,26.81,5665,4704452.0,4.17,2.98,0.8,0.75
2003-01-14,600772,27.51,29.15,29.85,27.27,17183,14826923.0,9.33,5.42,1.5,2.27
2003-01-15,600772,29.61,28.4,29.61,28.12,13649,11742742.0,5.11,-2.57,-0.75,1.8
2003-01-16,600772,28.44,28.96,29.05,28.12,7182,6166319.0,3.27,1.97,0.56,0.95
2003-01-17,600772,29.52,29.66,31.3,29.38,23876,21300922.0,6.63,2.42,0.7,3.15
2003-01-20,600772,29.66,30.97,31.02,29.61,18922,17025668.0,4.75,4.42,1.31,2.5
2003-01-21,600772,31.06,29.94,31.44,29.85,12260,11031618.0,5.13,-3.33,-1.03,1.62
2003-01-22,600772,29.15,31.25,33.17,29.15,23501,21719823.0,13.43,4.38,1.31,3.1
2003-01-23,600772,31.02,30.32,31.25,30.08,9097,8191440.0,3.74,-2.98,-0.93,1.2
2003-01-24,600772,30.36,31.44,31.95,29.85,15060,13716786.0,6.93,3.69,1.12,1.99
2003-01-27,600772,31.72,31.49,31.77,31.02,8265,7580280.0,2.39,0.16,0.05,1.09
2003-01-28,600772,31.39,31.3,31.58,30.55,6995,6367008.0,3.27,-0.6,-0.19,0.92
2003-01-29,600772,31.11,30.69,31.49,30.55,6580,5980100.0,3.0,-1.95,-0.61,0.87
2003-02-10,600772,31.25,32.89,33.78,31.25,34017,32332872.0,8.24,7.17,2.2,4.49
2003-02-11,600772,32.75,33.12,33.26,32.0,8452,7974851.0,3.83,0.7,0.23,1.11
2003-02-12,600772,33.12,33.03,33.26,32.33,10606,10070675.0,2.81,-0.27,-0.09,1.4
2003-02-13,600772,33.12,33.92,34.06,32.66,17971,17296087.0,4.24,2.69,0.89,2.37
2003-02-14,600772,33.64,33.87,34.06,33.36,9434,9131608.0,2.06,-0.15,-0.05,1.24
2003-02-17,600772,34.15,32.84,34.67,32.42,13722,13191509.0,6.64,-3.04,-1.03,1.81
2003-02-18,600772,32.66,31.95,32.89,31.81,8848,8257755.0,3.29,-2.71,-0.89,1.17
2003-02-19,600772,32.0,32.56,32.61,31.72,4464,4166460.0,2.79,1.91,0.61,0.59
2003-02-20,600772,32.61,32.23,32.8,32.05,3649,3420106.0,2.3,-1.01,-0.33,0.48
2003-02-21,600772,32.23,31.63,32.75,31.44,7321,6822581.0,4.06,-1.86,-0.6,0.97
2003-02-24,600772,31.63,31.49,32.14,31.39,3663,3380418.0,2.37,-0.44,-0.14,0.48
2003-02-25,600772,31.49,32.52,32.61,31.39,4923,4602972.0,3.87,3.27,1.03,0.65
2003-02-26,600772,32.66,32.33,32.8,31.95,2643,2479253.0,2.61,-0.58,-0.19,0.35
2003-02-27,600772,32.05,32.47,33.08,32.05,4931,4658580.0,3.19,0.43,0.14,0.65
2003-02-28,600772,32.66,32.0,32.66,31.58,4219,3922496.0,3.33,-1.45,-0.47,0.56
2003-03-03,600772,31.63,32.0,32.09,31.39,3801,3511840.0,2.19,0.0,0.0,0.5
2003-03-04,600772,32.09,31.77,32.28,31.53,3268,3023930.0,2.34,-0.72,-0.23,0.43
2003-03-05,600772,31.95,32.09,32.19,31.58,2801,2591376.0,1.92,1.01,0.32,0.37
2003-03-06,600772,32.09,30.92,32.14,30.88,3893,3558477.0,3.93,-3.65,-1.17,0.51
2003-03-07,600772,31.02,31.25,31.58,31.02,2966,2713506.0,1.81,1.07,0.33,0.39
2003-03-10,600772,31.25,30.69,32.23,30.55,9663,8896089.0,5.38,-1.79,-0.56,1.27
2003-03-11,600772,30.74,30.27,31.02,29.8,3758,3352532.0,3.98,-1.37,-0.42,0.5
2003-03-12,600772,30.32,29.89,30.74,29.29,3567,3142205.0,4.79,-1.26,-0.38,0.47
2003-03-13,600772,29.61,29.19,29.8,29.15,2724,2381761.0,2.17,-2.34,-0.7,0.36
2003-03-14,600772,29.1,28.58,29.61,28.3,4126,3550388.0,4.49,-2.09,-0.61,0.54
2003-03-17,600772,29.15,32.61,32.61,28.82,28714,26316585.0,13.26,14.1,4.03,3.79
2003-03-18,600772,32.94,32.84,33.87,31.86,57167,54467705.0,6.16,0.71,0.23,7.54
2003-03-19,600772,32.38,32.61,32.66,31.11,21334,19859273.0,4.72,-0.7,-0.23,2.81
2003-03-20,600772,32.33,32.89,34.53,31.91,39599,38186173.0,8.03,0.86,0.28,5.22
2003-03-21,600772,32.33,32.33,32.8,31.25,20230,18758488.0,4.71,-1.7,-0.56,2.67
2003-03-24,600772,31.72,31.44,32.09,31.35,10642,9804760.0,2.29,-2.75,-0.89,1.4
2003-03-25,600772,31.77,32.0,32.84,31.58,16331,15320481.0,4.01,1.78,0.56,2.15
2003-03-26,600772,31.86,30.36,31.86,30.08,13929,12631129.0,5.56,-5.13,-1.64,1.84
2003-03-27,600772,30.08,31.11,31.77,29.15,15241,13576513.0,8.63,2.47,0.75,2.01
2003-03-28,600772,31.11,31.25,31.72,30.41,12125,11057377.0,4.21,0.45,0.14,1.6
2003-03-31,600772,30.55,31.49,32.28,30.46,7343,6755893.0,5.82,0.77,0.24,0.97
2003-04-01,600772,31.72,31.58,31.81,31.11,8685,7973805.0,2.22,0.29,0.09,1.15
2003-04-02,600772,31.3,31.49,31.58,30.64,8522,7765826.0,2.98,-0.28,-0.09,1.12
2003-04-03,600772,31.49,30.69,31.49,30.64,6355,5758357.0,2.7,-2.54,-0.8,0.84
2003-04-04,600772,30.32,30.13,30.64,29.85,8219,7317381.0,2.57,-1.82,-0.56,1.08
2003-04-07,600772,29.99,29.29,30.13,29.15,9038,7908841.0,3.25,-2.79,-0.84,1.19
2003-04-08,600772,29.19,29.61,30.22,29.15,5751,5054647.0,3.65,1.09,0.32,0.76
2003-04-09,600772,29.52,29.57,29.61,29.15,6932,6051252.0,1.55,-0.14,-0.04,0.91
2003-04-10,600772,29.57,28.72,29.61,28.3,13749,11834642.0,4.43,-2.87,-0.85,1.81
2003-04-11,600772,28.72,28.07,28.72,27.23,16430,13851085.0,5.19,-2.26,-0.65,2.17
2003-04-14,600772,27.51,28.35,28.82,26.85,11697,9922876.0,7.02,1.0,0.28,1.54
2003-04-15,600772,28.35,30.27,30.32,28.35,12291,10753077.0,6.95,6.77,1.92,1.62
2003-04-16,600772,30.27,29.15,30.92,28.91,10850,9560654.0,6.64,-3.7,-1.12,1.43
2003-04-17,600772,28.91,29.01,30.18,28.58,6798,5918550.0,5.49,-0.48,-0.14,0.9
2003-04-18,600772,29.15,28.49,29.61,27.98,6500,5540291.0,5.62,-1.79,-0.52,0.86
2003-04-21,600772,28.82,28.91,29.33,28.4,7975,6900537.0,3.26,1.47,0.42,1.05
2003-04-22,600772,28.91,29.1,29.61,28.68,3502,3041921.0,3.22,0.66,0.19,0.46
2003-04-23,600772,29.15,27.84,29.61,27.74,5848,5004987.0,6.43,-4.33,-1.26,0.77
2003-04-24,600772,27.84,26.34,27.84,26.24,6929,5696660.0,5.75,-5.39,-1.5,0.91
2003-04-25,600772,26.15,25.87,27.04,25.82,3557,2875266.0,4.63,-1.78,-0.47,0.47
2003-04-28,600772,25.4,25.82,25.87,24.0,6220,4830869.0,7.23,-0.19,-0.05,0.82
2003-04-29,600772,25.82,24.51,25.82,24.47,4643,3593579.0,5.23,-5.07,-1.31,0.61
2003-04-30,600772,24.51,25.12,26.53,24.51,4765,3763370.0,8.24,2.49,0.61,0.63
2003-05-12,600772,24.93,23.48,24.93,23.44,5954,4527911.0,5.93,-6.53,-1.64,0.79
2003-05-13,600772,23.48,22.08,24.23,22.03,5689,4176931.0,9.37,-5.96,-1.4,0.75
2003-05-14,600772,22.13,24.42,25.21,22.13,9125,6933004.0,13.95,10.6,2.34,1.2
2003-05-15,600772,24.47,24.89,25.17,24.0,6715,5178984.0,4.79,1.92,0.47,0.89
2003-05-16,600772,25.64,25.17,25.68,24.51,5979,4691033.0,4.7,1.12,0.28,0.79
2003-05-19,600772,25.31,25.59,25.73,24.98,6084,4809616.0,2.98,1.67,0.42,0.8
2003-05-21,600772,24.56,25.17,25.73,24.56,3524,2775081.0,4.57,-1.64,-0.42,0.46
2003-05-22,600772,25.26,25.68,25.73,24.98,3909,3092162.0,2.98,2.03,0.51,0.52
2003-05-23,600772,25.73,26.01,26.29,25.17,5456,4366478.0,4.36,1.29,0.33,0.72
2003-05-26,600772,26.38,27.37,27.41,25.87,9254,7544329.0,5.92,5.23,1.36,1.22
2003-05-27,600772,27.98,28.49,29.43,27.79,32280,27805714.0,5.99,4.09,1.12,4.26
2003-05-28,600772,28.35,27.37,28.35,27.27,8381,7022898.0,3.79,-3.93,-1.12,1.11
2003-05-29,600772,27.41,28.12,28.21,26.81,7234,6026804.0,5.12,2.74,0.75,0.95
2003-05-30,600772,28.58,27.74,28.58,27.41,5317,4463165.0,4.16,-1.35,-0.38,0.7
2003-06-02,600772,27.74,27.18,28.12,26.95,3807,3148488.0,4.22,-2.02,-0.56,0.5
2003-06-03,600772,27.46,26.99,27.7,26.95,3622,3002011.0,2.76,-0.7,-0.19,0.48
2003-06-04,600772,27.04,27.46,27.51,26.81,3291,2720077.0,2.59,1.74,0.47,0.43
2003-06-05,600772,27.27,26.71,27.27,26.71,3107,2551100.0,2.04,-2.73,-0.75,0.41
2003-06-06,600772,26.34,26.9,27.41,26.15,3653,3007457.0,4.72,0.71,0.19,0.48
2003-06-09,600772,26.76,26.76,27.37,26.71,2521,2075253.0,2.45,-0.52,-0.14,0.33
2003-06-10,600772,26.76,27.09,27.27,26.76,1851,1525539.0,1.91,1.23,0.33,0.24
2003-06-11,600772,27.09,27.74,28.68,27.09,11565,9758385.0,5.87,2.4,0.65,1.53
2003-06-12,600772,27.85,27.24,27.91,27.07,3860,2676096.0,3.03,-1.8,-0.5,0.42
2003-06-13,600772,27.24,27.07,27.46,26.79,3667,2522060.0,2.46,-0.62,-0.17,0.4
2003-06-16,600772,26.9,27.12,27.35,26.9,1710,1178795.0,1.66,0.18,0.05,0.19
2003-06-17,600772,27.18,27.29,27.46,27.18,1868,1292811.0,1.03,0.63,0.17,0.21
2003-06-18,600772,27.29,26.73,27.29,26.67,3040,2082646.0,2.27,-2.05,-0.56,0.33
2003-06-19,600772,26.9,25.83,26.9,25.55,3212,2142082.0,5.05,-3.37,-0.9,0.35
2003-06-20,600772,25.83,25.78,26.45,25.66,1932,1290710.0,3.06,-0.19,-0.05,0.21
2003-06-23,600772,25.78,25.66,26.28,25.55,1848,1229273.0,2.83,-0.47,-0.12,0.2
2003-06-24,600772,25.61,25.66,25.89,25.5,1684,1114684.0,1.52,0.0,0.0,0.19
2003-06-25,600772,26.06,25.33,26.06,25.27,1140,752712.0,3.08,-1.29,-0.33,0.13
2003-06-26,600772,25.78,25.33,25.78,24.99,1880,1234101.0,3.12,0.0,0.0,0.21
2003-06-27,600772,25.55,24.37,25.55,24.37,1750,1135940.0,4.66,-3.79,-0.96,0.19
2003-06-30,600772,24.37,23.59,24.48,23.25,2152,1366304.0,5.05,-3.2,-0.78,0.24
2003-07-01,600772,23.64,23.59,24.37,23.31,1727,1087408.0,4.49,0.0,0.0,0.19
2003-07-02,600772,23.81,24.04,24.09,23.53,1522,959018.0,2.37,1.91,0.45,0.17
2003-07-03,600772,24.04,24.09,24.32,24.04,1356,862208.0,1.16,0.21,0.05,0.15
2003-07-04,600772,24.6,26.06,27.46,24.54,12262,8285915.0,12.12,8.18,1.97,1.35
2003-07-07,600772,25.94,25.55,25.94,25.05,2842,1873268.0,3.42,-1.96,-0.51,0.31
2003-07-08,600772,25.5,25.83,26.0,25.27,3111,2055640.0,2.86,1.1,0.28,0.34
2003-07-09,600772,25.83,25.1,25.83,24.93,1661,1089094.0,3.48,-2.83,-0.73,0.18
2003-07-10,600772,24.88,25.72,25.94,24.82,2850,1883089.0,4.46,2.47,0.62,0.31
2003-07-11,600772,25.61,25.21,25.61,25.21,1985,1306833.0,1.56,-1.98,-0.51,0.22
2003-07-14,600772,25.05,26.11,26.62,25.05,5675,3803752.0,6.23,3.57,0.9,0.62
2003-07-15,600772,26.11,26.39,26.45,25.83,2789,1870738.0,2.37,1.07,0.28,0.31
2003-07-16,600772,26.39,26.34,26.56,25.66,2057,1379896.0,3.41,-0.19,-0.05,0.23
2003-07-17,600772,26.11,25.94,26.23,25.5,3106,2072203.0,2.77,-1.52,-0.4,0.34
2003-07-18,600772,25.89,24.88,25.89,24.82,3532,2318036.0,4.12,-4.09,-1.06,0.39
2003-07-21,600772,24.37,23.98,24.82,23.81,4073,2584048.0,4.06,-3.62,-0.9,0.45
2003-07-22,600772,24.09,24.32,24.77,23.98,1711,1089837.0,3.29,1.42,0.34,0.19
2003-07-23,600772,24.32,24.71,24.82,24.32,1635,1050714.0,2.06,1.6,0.39,0.18
2003-07-24,600772,24.82,23.98,24.82,23.98,1258,809242.0,3.4,-2.95,-0.73,0.14
2003-07-25,600772,24.09,23.7,24.48,23.53,1941,1223541.0,3.96,-1.17,-0.28,0.21
2003-07-28,600772,23.59,23.64,24.09,23.31,1261,787483.0,3.29,-0.25,-0.06,0.14
2003-07-29,600772,23.81,23.81,23.92,23.64,974,612795.0,1.18,0.72,0.17,0.11
2003-07-30,600772,23.98,23.81,24.2,23.47,1587,997773.0,3.07,0.0,0.0,0.17
2003-07-31,600772,23.53,23.81,24.09,23.53,661,416733.0,2.35,0.0,0.0,0.07
2003-08-01,600772,23.81,23.81,24.09,23.59,850,533667.0,2.1,0.0,0.0,0.09
2003-08-04,600772,23.81,24.32,24.37,23.59,1672,1061370.0,3.28,2.14,0.51,0.18
2003-08-05,600772,24.32,24.99,25.05,24.15,3368,2176926.0,3.7,2.75,0.67,0.37
2003-08-06,600772,24.99,25.21,25.21,24.6,2960,1918938.0,2.44,0.88,0.22,0.33
2003-08-07,600772,25.21,24.99,25.21,24.43,2313,1506679.0,3.09,-0.87,-0.22,0.25
2003-08-08,600772,24.82,24.99,25.21,24.6,3221,2088913.0,2.44,0.0,0.0,0.35
2003-08-11,600772,24.99,24.37,25.1,24.04,3110,1991862.0,4.24,-2.48,-0.62,0.34
2003-08-12,600772,24.43,24.32,24.71,24.32,2756,1770085.0,1.6,-0.21,-0.05,0.3
2003-08-13,600772,24.82,24.09,24.82,24.09,1626,1038459.0,3.0,-0.95,-0.23,0.18
2003-08-14,600772,24.09,23.75,24.37,23.7,1391,879865.0,2.78,-1.41,-0.34,0.15
2003-08-15,600772,23.75,23.98,24.04,23.7,1324,833818.0,1.43,0.97,0.23,0.15
2003-08-18,600772,24.32,23.59,24.32,23.53,916,576487.0,3.29,-1.63,-0.39,0.1
2003-08-19,600772,23.53,23.64,23.81,23.53,1130,708057.0,1.19,0.21,0.05,0.12
2003-08-20,600772,23.64,23.59,23.81,23.47,1325,829247.0,1.44,-0.21,-0.05,0.15
2003-08-21,600772,23.42,22.91,23.7,22.69,1807,1118216.0,4.28,-2.88,-0.68,0.2
2003-08-22,600772,23.14,22.91,23.47,22.8,1184,729600.0,2.92,0.0,0.0,0.13
2003-08-25,600772,22.91,22.35,22.91,22.13,1715,1035637.0,3.4,-2.44,-0.56,0.19
2003-08-26,600772,22.18,22.35,22.58,22.18,727,439777.0,1.79,0.0,0.0,0.08
2003-08-27,600772,22.41,22.35,22.46,22.24,854,515600.0,0.98,0.0,0.0,0.09
2003-08-28,600772,22.52,22.69,24.32,22.29,2813,1750529.0,9.08,1.52,0.34,0.31
2003-08-29,600772,22.29,22.63,22.69,22.13,1995,1203019.0,2.47,-0.26,-0.06,0.22
2003-09-01,600772,22.52,23.08,23.19,22.52,1737,1064910.0,2.96,1.99,0.45,0.19
2003-09-02,600772,23.08,22.86,23.36,22.8,1231,756667.0,2.43,-0.95,-0.22,0.14
2003-09-03,600772,22.86,23.19,23.25,22.69,1218,747934.0,2.45,1.44,0.33,0.13
2003-09-04,600772,22.97,23.14,23.47,22.97,1476,915393.0,2.16,-0.22,-0.05,0.16
2003-09-05,600772,23.14,22.41,23.25,22.41,1439,876472.0,3.63,-3.15,-0.73,0.16
2003-09-08,600772,22.41,22.41,22.41,22.13,1607,966659.0,1.25,0.0,0.0,0.18
2003-09-09,600772,22.41,22.52,22.91,22.41,701,425004.0,2.23,0.49,0.11,0.08
2003-09-10,600772,22.52,22.46,22.63,22.41,640,387539.0,0.98,-0.27,-0.06,0.07
2003-09-11,600772,22.46,22.46,22.63,22.41,738,447704.0,0.98,0.0,0.0,0.08
2003-09-12,600772,22.41,21.62,22.41,21.51,1645,983190.0,4.01,-3.74,-0.84,0.18
2003-09-15,600772,21.28,21.28,22.07,21.17,1244,731963.0,4.16,-1.57,-0.34,0.14
2003-09-16,600772,21.23,21.62,21.68,20.83,1019,592751.0,3.99,1.6,0.34,0.11
2003-09-17,600772,21.73,20.78,21.73,20.72,1114,643648.0,4.67,-3.89,-0.84,0.12
2003-09-18,600772,20.5,20.39,21.0,20.33,1315,751103.0,3.22,-1.88,-0.39,0.14
2003-09-19,600772,20.55,19.99,20.55,19.88,1114,629318.0,3.29,-1.96,-0.4,0.12
2003-09-22,600772,20.44,20.27,20.44,19.94,1093,615461.0,2.5,1.4,0.28,0.12
2003-09-23,600772,20.27,20.78,20.78,20.05,924,527860.0,3.6,2.52,0.51,0.1
2003-09-24,600772,20.78,20.83,20.95,20.5,793,455721.0,2.17,0.24,0.05,0.09
2003-09-25,600772,21.17,21.34,23.08,21.17,7775,4637730.0,9.17,2.45,0.51,0.85
2003-09-26,600772,21.34,20.95,21.34,20.61,1965,1137368.0,3.42,-1.83,-0.39,0.22
2003-09-29,600772,20.72,19.77,20.72,19.32,2105,1177333.0,6.68,-5.63,-1.18,0.23
2003-09-30,600772,19.88,19.94,20.22,19.54,1181,659427.0,3.44,0.86,0.17,0.13
2003-10-08,600772,19.94,20.1,20.22,19.77,768,431648.0,2.26,0.8,0.16,0.08
2003-10-09,600772,19.94,19.71,20.22,19.65,1106,618407.0,2.84,-1.94,-0.39,0.12
2003-10-10,600772,19.65,20.67,20.67,19.65,1840,1044075.0,5.18,4.87,0.96,0.2
2003-10-13,600772,20.78,20.61,20.78,20.5,1907,1093213.0,1.35,-0.29,-0.06,0.21
2003-10-14,600772,20.44,20.16,20.55,19.88,870,491743.0,3.25,-2.18,-0.45,0.1
2003-10-15,600772,19.88,19.65,20.5,19.6,1188,666098.0,4.46,-2.53,-0.51,0.13
2003-10-16,600772,19.65,19.37,19.77,19.32,1263,697328.0,2.29,-1.42,-0.28,0.14
2003-10-17,600772,19.43,19.6,19.82,19.43,654,364226.0,2.01,1.19,0.23,0.07
2003-10-20,600772,19.43,19.21,19.71,18.76,778,428850.0,4.85,-1.99,-0.39,0.09
2003-10-21,600772,19.32,19.04,19.32,18.76,710,385064.0,2.92,-0.88,-0.17,0.08
2003-10-22,600772,19.04,19.88,19.94,19.04,1797,999405.0,4.73,4.41,0.84,0.2
2003-10-23,600772,19.6,19.94,20.16,19.6,1593,889862.0,2.82,0.3,0.06,0.18
2003-10-24,600772,19.82,19.26,19.82,19.15,1259,692707.0,3.36,-3.41,-0.68,0.14
2003-10-27,600772,18.19,17.07,18.19,16.96,2961,1532345.0,6.39,-11.37,-2.19,0.33
2003-10-28,600772,17.63,16.57,17.75,16.51,4289,2186423.0,7.26,-2.93,-0.5,0.47
2003-10-29,600772,16.57,15.56,16.85,15.11,3097,1527228.0,10.5,-6.1,-1.01,0.34
2003-10-30,600772,15.39,14.94,15.39,14.83,2177,1031843.0,3.6,-3.98,-0.62,0.24
2003-10-31,600772,14.83,15.27,15.61,14.21,2815,1334543.0,9.37,2.21,0.33,0.31
2003-11-03,600772,14.83,15.33,15.78,14.77,2980,1430796.0,6.61,0.39,0.06,0.33
2003-11-04,600772,15.39,16.23,16.79,15.39,6157,3059580.0,9.13,5.87,0.9,0.68
2003-11-05,600772,16.23,16.4,16.51,15.44,4177,2056274.0,6.59,1.05,0.17,0.46
2003-11-06,600772,16.51,15.78,16.51,15.39,3492,1702793.0,6.83,-3.78,-0.62,0.38
2003-11-07,600772,15.56,16.62,17.41,15.56,10590,5350350.0,11.72,5.32,0.84,1.16
2003-11-10,600772,16.29,16.23,16.34,15.44,2912,1422066.0,5.42,-2.35,-0.39,0.32
2003-11-11,600772,15.95,16.06,16.34,15.67,1839,903333.0,4.13,-1.05,-0.17,0.2
2003-11-12,600772,16.06,15.44,16.06,14.83,1996,961102.0,7.66,-3.86,-0.62,0.22
2003-11-13,600772,15.11,15.22,15.5,14.83,2079,989551.0,4.34,-1.42,-0.22,0.23
2003-11-14,600772,15.22,15.84,15.84,15.22,1355,656035.0,4.07,4.07,0.62,0.15
2003-11-17,600772,15.84,16.45,17.63,15.84,7091,3603564.0,11.3,3.85,0.61,0.78
2003-11-18,600772,16.12,16.06,16.23,15.61,2337,1144949.0,3.77,-2.37,-0.39,0.26
2003-11-19,600772,15.84,16.57,16.79,15.84,3192,1590589.0,5.92,3.18,0.51,0.35
2003-11-20,600772,16.51,17.91,18.19,16.51,11088,5740992.0,10.14,8.09,1.34,1.22
2003-11-21,600772,18.31,17.52,19.04,17.24,13341,7051925.0,10.05,-2.18,-0.39,1.47
2003-11-24,600772,17.97,18.81,19.54,17.97,11559,6240391.0,8.96,7.36,1.29,1.27
2003-11-25,600772,18.87,19.09,19.6,18.48,13230,7228002.0,5.95,1.49,0.28,1.45
2003-11-26,600772,19.15,20.55,22.13,18.81,27426,15889995.0,17.39,7.65,1.46,3.01
2003-11-27,600772,20.5,19.37,20.61,19.32,9321,5213595.0,6.28,-5.74,-1.18,1.02
2003-11-28,600772,19.15,19.09,19.6,18.19,5841,3173481.0,7.28,-1.45,-0.28,0.64
2003-12-01,600772,19.6,20.5,20.5,19.6,8059,4559987.0,4.71,7.39,1.41,0.89
2003-12-02,600772,20.89,20.16,21.0,19.94,6195,3527907.0,5.17,-1.66,-0.34,0.68
2003-12-03,600772,20.55,20.83,21.68,20.55,11939,6931728.0,5.61,3.32,0.67,1.31
2003-12-04,600772,20.78,20.44,20.78,19.65,5946,3383321.0,5.42,-1.87,-0.39,0.65
2003-12-05,600772,20.55,20.39,20.72,19.94,3414,1930303.0,3.82,-0.24,-0.05,0.38
2003-12-08,600772,21.34,20.67,22.46,20.61,13523,8000733.0,9.07,1.37,0.28,1.49
2003-12-09,600772,20.44,20.44,20.55,19.65,5345,3015320.0,4.35,-1.11,-0.23,0.59
2003-12-10,600772,20.39,21.0,21.06,19.99,3752,2157213.0,5.23,2.74,0.56,0.41
2003-12-11,600772,21.28,20.78,21.51,20.55,3885,2244251.0,4.57,-1.05,-0.22,0.43
2003-12-12,600772,20.72,20.33,20.72,20.16,3498,1986106.0,2.69,-2.17,-0.45,0.38
2003-12-15,600772,20.44,20.27,20.72,20.05,2433,1384078.0,3.3,-0.3,-0.06,0.27
2003-12-16,600772,20.55,20.22,20.67,19.43,3563,1998956.0,6.12,-0.25,-0.05,0.39
2003-12-17,600772,20.22,19.15,20.22,19.09,7718,4273677.0,5.59,-5.29,-1.07,0.85
2003-12-18,600772,18.81,17.86,18.81,16.9,10005,5240758.0,9.97,-6.74,-1.29,1.1
2003-12-19,600772,17.63,18.08,18.98,17.63,7033,3719305.0,7.56,1.23,0.22,0.77
2003-12-22,600772,18.64,21.06,21.06,18.53,40810,23417233.0,13.99,16.48,2.98,4.49
2003-12-23,600772,21.4,22.01,23.64,21.12,44601,26978984.0,11.97,4.51,0.95,4.9
2003-12-24,600772,21.62,22.41,22.58,20.78,17075,10150953.0,8.18,1.82,0.4,1.88
2003-12-25,600772,22.41,22.69,22.97,21.9,13644,8249125.0,4.77,1.25,0.28,1.5
2003-12-26,600772,22.24,21.9,22.52,21.56,7397,4400891.0,4.23,-3.48,-0.79,0.81
2003-12-29,600772,21.9,21.23,21.9,20.72,5607,3265079.0,5.39,-3.06,-0.67,0.62
2003-12-30,600772,21.0,21.4,21.45,20.55,6484,3740461.0,4.24,0.8,0.17,0.71
2003-12-31,600772,21.28,20.5,21.28,20.5,3331,1921374.0,3.64,-4.21,-0.9,0.37
2004-01-02,600772,20.55,20.89,21.45,19.82,6419,3680419.0,7.95,1.9,0.39,0.71
2004-01-05,600772,20.72,20.89,20.95,19.94,9466,5376207.0,4.83,0.0,0.0,1.04
2004-01-06,600772,20.89,19.71,20.89,19.65,9309,5236409.0,5.94,-5.65,-1.18,1.02
2004-01-07,600772,19.6,20.16,20.55,18.98,10713,6023161.0,7.97,2.28,0.45,1.18
2004-01-08,600772,20.1,20.72,20.78,19.32,11481,6446058.0,7.24,2.78,0.56,1.26
2004-01-09,600772,20.72,19.94,20.78,19.88,9461,5355303.0,4.34,-3.76,-0.78,1.04
2004-01-12,600772,19.88,22.29,22.35,19.43,21970,12827190.0,14.64,11.79,2.35,2.41
2004-01-13,600772,22.24,21.9,22.24,21.34,13630,8081579.0,4.04,-1.75,-0.39,1.5
2004-01-14,600772,21.62,22.29,23.59,21.0,21978,13351562.0,11.83,1.78,0.39,2.42
2004-01-15,600772,22.29,21.51,22.63,21.4,10609,6335672.0,5.52,-3.5,-0.78,1.17
2004-01-16,600772,21.12,21.73,22.13,21.12,7018,4149646.0,4.7,1.02,0.22,0.77
2004-01-29,600772,22.13,23.47,23.81,22.01,17318,10668229.0,8.28,8.01,1.74,1.9
2004-01-30,600772,23.47,22.13,23.47,22.13,10357,6305961.0,5.71,-5.71,-1.34,1.14
2004-02-02,600772,22.69,22.8,24.6,21.96,9797,5973698.0,11.93,3.03,0.67,1.08
2004-02-03,600772,22.69,23.08,23.25,22.41,10347,6355591.0,3.68,1.23,0.28,1.14
2004-02-04,600772,23.08,23.81,23.92,22.8,23143,14451781.0,4.85,3.16,0.73,2.54
2004-02-05,600772,23.81,24.2,24.26,23.19,17819,11164966.0,4.49,1.64,0.39,1.96
2004-02-06,600772,24.2,24.88,25.44,23.25,31796,20569136.0,9.05,2.81,0.68,3.49
2004-02-09,600772,25.44,25.72,26.06,25.16,24607,16233469.0,3.62,3.38,0.84,2.7
2004-02-10,600772,25.72,25.05,25.89,24.77,18019,11806341.0,4.35,-2.6,-0.67,1.98
2004-02-11,600772,25.21,24.37,25.33,23.98,13227,8471531.0,5.39,-2.71,-0.68,1.45
2004-02-12,600772,24.37,25.61,25.78,24.37,15200,9912517.0,5.79,5.09,1.24,1.67
2004-02-13,600772,25.61,25.05,25.61,24.65,8826,5758953.0,3.75,-2.19,-0.56,0.97
2004-02-16,600772,25.05,26.51,26.56,24.93,26532,17801494.0,6.51,5.83,1.46,2.92
2004-02-17,600772,27.12,26.45,27.35,26.06,31419,21324416.0,4.87,-0.23,-0.06,3.45
2004-02-18,600772,26.51,27.91,27.97,26.06,30379,20875280.0,7.22,5.52,1.46,3.34
2004-02-19,600772,28.08,27.46,28.19,27.12,16120,11217705.0,3.83,-1.61,-0.45,1.77
2004-02-20,600772,27.18,27.18,27.24,26.67,8690,5953543.0,2.08,-1.02,-0.28,0.96
2004-02-23,600772,27.18,25.5,27.35,25.5,13812,9343880.0,6.81,-6.18,-1.68,1.52
2004-02-24,600772,24.93,24.82,25.5,24.09,12609,8105530.0,5.53,-2.67,-0.68,1.39
2004-02-25,600772,24.93,23.92,25.78,23.81,8153,5297668.0,7.94,-3.63,-0.9,0.9
2004-02-26,600772,23.92,23.19,24.37,22.69,9505,5900621.0,7.02,-3.05,-0.73,1.04
2004-02-27,600772,23.19,23.87,23.92,23.19,5666,3537382.0,3.15,2.93,0.68,0.62
2004-03-01,600772,23.75,24.26,24.26,23.08,5962,3738113.0,4.94,1.63,0.39,0.66
2004-03-02,600772,24.48,24.32,24.48,23.7,6070,3852556.0,3.22,0.25,0.06,0.67
2004-03-03,600772,24.26,23.25,24.48,23.25,5081,3206749.0,5.06,-4.4,-1.07,0.56
2004-03-04,600772,22.97,23.64,23.75,22.74,5499,3407742.0,4.34,1.68,0.39,0.6
2004-03-05,600772,23.7,23.36,24.26,23.31,3928,2464007.0,4.02,-1.18,-0.28,0.43
2004-03-08,600772,23.81,22.97,24.15,22.97,5421,3396565.0,5.05,-1.67,-0.39,0.6
2004-03-09,600772,22.97,23.81,24.15,22.8,10630,6676194.0,5.88,3.66,0.84,1.17
2004-03-10,600772,24.15,24.99,25.05,24.15,19564,12580040.0,3.78,4.96,1.18,2.15
2004-03-11,600772,24.99,24.71,25.27,24.54,9943,6446641.0,2.92,-1.12,-0.28,1.09
2004-03-12,600772,24.88,24.32,25.05,24.2,5478,3509806.0,3.44,-1.58,-0.39,0.6
2004-03-15,600772,24.37,24.93,25.1,24.37,8111,5259851.0,3.0,2.51,0.61,0.89
2004-03-16,600772,24.99,25.5,25.66,24.71,11133,7285719.0,3.81,2.29,0.57,1.22
2004-03-17,600772,25.78,26.34,26.56,25.78,22579,15195918.0,3.06,3.29,0.84,2.48
2004-03-18,600772,26.62,24.82,26.62,24.65,10726,7127882.0,7.48,-5.77,-1.52,1.18
2004-03-19,600772,24.82,25.44,25.55,24.82,6496,4250720.0,2.94,2.5,0.62,0.71
2004-03-22,600772,25.44,25.38,25.66,24.99,5006,3281533.0,2.63,-0.24,-0.06,0.55
2004-03-23,600772,25.38,24.6,25.38,24.48,5918,3827151.0,3.55,-3.07,-0.78,0.65
2004-03-24,600772,24.6,24.37,24.88,24.15,5359,3451215.0,2.97,-0.93,-0.23,0.59
2004-03-25,600772,24.2,24.6,24.71,24.09,4694,3001321.0,2.54,0.94,0.23,0.52
2004-03-26,600772,24.93,24.65,24.93,24.15,4083,2632213.0,3.17,0.2,0.05,0.45
2004-03-29,600772,24.54,24.26,24.65,24.15,4331,2769896.0,2.03,-1.58,-0.39,0.48
2004-03-30,600772,24.26,24.2,24.32,23.98,3559,2261832.0,1.4,-0.25,-0.06,0.39
2004-03-31,600772,23.53,24.09,24.6,20.61,27305,16885443.0,16.49,-0.45,-0.11,3.0
2004-04-01,600772,23.92,23.59,23.92,23.31,16203,10123982.0,2.53,-2.08,-0.5,1.78
2004-04-02,600772,23.59,23.59,24.04,23.53,10705,6718243.0,2.16,0.0,0.0,1.18
2004-04-05,600772,23.59,22.91,23.75,22.58,17391,10685169.0,4.96,-2.88,-0.68,1.91
2004-04-06,600772,22.69,23.47,23.47,22.52,13344,8224463.0,4.15,2.44,0.56,1.47
2004-04-07,600772,23.36,23.36,23.7,22.97,11538,7153668.0,3.11,-0.47,-0.11,1.27
2004-04-08,600772,23.25,23.47,23.53,22.91,9179,5665737.0,2.65,0.47,0.11,1.01
2004-04-09,600772,23.53,23.25,23.98,23.19,22055,13862526.0,3.37,-0.94,-0.22,2.42
2004-04-12,600772,23.25,22.69,23.25,22.46,7433,4541849.0,3.4,-2.41,-0.56,0.82
2004-04-13,600772,23.36,23.81,25.05,23.36,26158,16702151.0,7.45,4.94,1.12,2.88
2004-04-14,600772,23.64,22.8,23.75,22.58,8660,5303566.0,4.91,-4.24,-1.01,0.95
2004-04-15,600772,22.91,21.56,23.02,21.56,9210,5491120.0,6.4,-5.44,-1.24,1.01
2004-04-16,600772,21.45,20.89,21.96,18.87,8662,4973225.0,14.33,-3.11,-0.67,0.95
2004-04-19,600772,20.72,20.16,20.89,19.94,3668,2079072.0,4.55,-3.49,-0.73,0.4
2004-04-20,600772,19.88,19.82,20.33,19.65,3623,2031054.0,3.37,-1.69,-0.34,0.4
2004-04-21,600772,19.82,20.1,20.27,19.77,2548,1434962.0,2.52,1.41,0.28,0.28
2004-04-22,600772,19.88,20.61,20.78,19.77,3174,1788208.0,5.02,2.54,0.51,0.35
2004-04-23,600772,20.61,19.88,20.61,19.65,4454,2503391.0,4.66,-3.54,-0.73,0.49
2004-04-26,600772,19.88,20.27,20.33,19.65,2312,1297462.0,3.42,1.96,0.39,0.25
2004-04-27,600772,20.27,20.33,20.44,19.65,2682,1510035.0,3.9,0.3,0.06,0.29
2004-04-28,600772,20.39,20.89,21.06,20.33,10288,5916682.0,3.59,2.75,0.56,1.13
2004-04-29,600772,20.55,20.22,21.0,20.16,3667,2100098.0,4.02,-3.21,-0.67,0.4
2004-04-30,600772,20.22,19.6,20.5,19.32,3901,2174309.0,5.84,-3.07,-0.62,0.43
2004-05-10,600772,19.6,19.71,20.44,19.32,2277,1273774.0,5.71,0.56,0.11,0.25
2004-05-11,600772,19.65,19.94,20.16,19.32,1816,1011989.0,4.26,1.17,0.23,0.2
2004-05-12,600772,20.05,20.61,20.83,19.6,3977,2260089.0,6.17,3.36,0.67,0.44
2004-05-13,600772,20.55,20.89,21.0,20.33,3221,1855857.0,3.25,1.36,0.28,0.35
2004-05-14,600772,20.89,20.67,20.89,19.88,3140,1785279.0,4.83,-1.05,-0.22,0.35
2004-05-17,600772,20.67,20.05,20.67,19.82,2511,1414896.0,4.11,-3.0,-0.62,0.28
2004-05-18,600772,19.77,20.33,20.39,19.77,2018,1133108.0,3.09,1.4,0.28,0.22
2004-05-19,600772,20.39,20.39,20.89,20.05,3586,2053318.0,4.13,0.3,0.06,0.39
2004-05-20,600772,20.16,19.99,20.61,19.82,2583,1453959.0,3.87,-1.96,-0.4,0.28
2004-05-21,600772,20.16,20.61,20.67,19.77,2527,1429702.0,4.5,3.1,0.62,0.28
2004-05-24,600772,20.72,20.55,20.72,20.44,2074,1185299.0,1.36,-0.29,-0.06,0.23
2004-05-25,600772,20.72,19.99,20.72,19.77,2760,1555842.0,4.62,-2.73,-0.56,0.3
2004-05-26,600772,20.05,20.22,20.55,19.43,3921,2190769.0,5.6,1.15,0.23,0.43
2004-05-27,600772,21.34,23.42,23.42,21.0,46557,28241321.0,11.97,15.83,3.2,5.12
2004-05-28,600772,24.26,23.19,24.54,22.8,51794,32456663.0,7.43,-0.98,-0.23,5.69
2004-05-31,600772,22.97,23.25,23.59,22.91,16372,10133006.0,2.93,0.26,0.06,1.8
2004-06-01,600772,23.42,23.87,24.04,23.14,17242,10775038.0,3.87,2.67,0.62,1.9
2004-06-02,600772,23.81,23.7,23.81,22.86,16655,10330931.0,3.98,-0.71,-0.17,1.83
2004-06-03,600772,23.53,23.14,23.53,22.74,10122,6253533.0,3.33,-2.36,-0.56,1.11
2004-06-04,600772,23.08,23.59,23.81,22.86,14625,9122847.0,4.11,1.94,0.45,1.61
2004-06-07,600772,23.75,21.45,23.75,21.45,12278,7387424.0,9.75,-9.07,-2.14,1.35
2004-06-08,600772,21.0,19.49,21.17,18.92,18051,10121398.0,10.49,-9.14,-1.96,1.98
2004-06-09,600772,19.32,17.75,19.88,17.24,12770,6844214.0,13.55,-8.93,-1.74,1.4
2004-06-10,600772,17.75,17.18,18.14,16.96,10330,5356878.0,6.65,-3.21,-0.57,1.14
2004-06-11,600772,17.52,17.63,18.19,17.35,7402,3860907.0,4.89,2.62,0.45,0.81
2004-06-14,600772,17.41,16.34,17.75,16.0,5656,2858342.0,9.93,-7.32,-1.29,0.62
2004-06-15,600772,16.4,17.07,17.18,16.17,4165,2091961.0,6.18,4.47,0.73,0.46
2004-06-16,600772,17.07,17.8,19.49,16.51,12429,6586310.0,17.46,4.28,0.73,1.37
2004-06-17,600772,17.8,16.9,17.91,16.79,5445,2794984.0,6.29,-5.06,-0.9,0.6
2004-06-18,600772,16.9,17.35,17.52,16.73,4178,2137633.0,4.67,2.66,0.45,0.46
2004-06-22,600772,18.08,17.63,18.08,17.46,4870,2541328.0,3.57,1.61,0.28,0.54
2004-06-23,600772,17.63,17.3,17.63,16.73,2741,1399807.0,5.1,-1.87,-0.33,0.3
2004-06-24,600772,17.3,16.9,17.52,16.85,2021,1029330.0,3.87,-2.31,-0.4,0.22
2004-06-25,600772,16.62,16.51,17.24,16.45,3198,1611820.0,4.67,-2.31,-0.39,0.35
2004-06-28,600772,16.51,15.61,16.57,15.39,3745,1818135.0,7.15,-5.45,-0.9,0.41
2004-06-29,600772,15.44,15.89,16.17,14.99,2664,1287877.0,7.56,1.79,0.28,0.29
2004-06-30,600772,16.23,15.5,16.34,15.39,1625,790677.0,5.98,-2.45,-0.39,0.18
2004-07-01,600772,15.39,16.4,16.51,15.39,4168,2062574.0,7.23,5.81,0.9,0.46
2004-07-02,600772,15.95,16.23,16.4,15.95,2601,1283823.0,2.74,-1.04,-0.17,0.29
2004-07-05,600772,16.23,16.34,16.4,15.72,1884,925501.0,4.19,0.68,0.11,0.21
2004-07-06,600772,16.57,16.73,17.13,16.51,2605,1314010.0,3.79,2.39,0.39,0.29
2004-07-07,600772,16.73,16.17,16.73,16.12,1453,721845.0,3.65,-3.35,-0.56,0.16
2004-07-08,600772,16.06,16.4,16.45,15.67,1168,574860.0,4.82,1.42,0.23,0.13
2004-07-09,600772,16.29,16.79,17.52,16.29,4836,2462358.0,7.5,2.38,0.39,0.53
2004-07-12,600772,16.85,15.89,16.85,15.61,1958,961756.0,7.39,-5.36,-0.9,0.22
2004-07-13,600772,15.89,15.78,16.12,15.44,1386,675100.0,4.28,-0.69,-0.11,0.15
2004-07-14,600772,15.78,15.67,16.4,15.16,2121,1024614.0,7.86,-0.7,-0.11,0.23
2004-07-15,600772,15.72,16.06,16.17,15.39,1682,822039.0,4.98,2.49,0.39,0.18
2004-07-16,600772,16.06,16.85,17.02,15.67,5471,2744372.0,8.41,4.92,0.79,0.6
2004-07-19,600772,16.85,17.3,17.35,16.45,4865,2472848.0,5.34,2.67,0.45,0.53
2004-07-20,600772,17.3,17.46,17.8,16.57,7751,3997794.0,7.11,0.92,0.16,0.85
2004-07-21,600772,17.18,17.35,17.52,16.85,3642,1867440.0,3.84,-0.63,-0.11,0.4
2004-07-22,600772,17.41,16.06,17.46,16.0,3394,1704509.0,8.41,-7.44,-1.29,0.37
2004-07-23,600772,16.06,16.29,16.45,15.67,2602,1273743.0,4.86,1.43,0.23,0.29
2004-07-26,600772,15.95,15.27,15.95,15.05,2526,1214827.0,5.52,-6.26,-1.02,0.28
2004-07-27,600772,14.99,14.94,15.39,14.83,2449,1158462.0,3.67,-2.16,-0.33,0.27
2004-07-28,600772,14.99,15.33,15.39,14.94,1334,633805.0,3.01,2.61,0.39,0.15
2004-07-29,600772,15.39,15.78,15.95,15.39,2767,1342010.0,3.65,2.94,0.45,0.3
2004-07-30,600772,15.95,15.56,15.95,15.16,1750,844863.0,5.01,-1.39,-0.22,0.19
2004-08-02,600772,15.56,15.39,15.95,14.83,2106,1022910.0,7.2,-1.09,-0.17,0.23
2004-08-03,600772,15.27,16.79,16.9,14.99,10105,5029241.0,12.41,9.1,1.4,1.11
2004-08-04,600772,16.45,17.13,17.8,16.29,14480,7420128.0,8.99,2.03,0.34,1.59
2004-08-05,600772,16.96,16.17,17.07,16.12,5894,2947575.0,5.55,-5.6,-0.96,0.65
2004-08-06,600772,16.34,15.95,16.45,15.78,2342,1151973.0,4.14,-1.36,-0.22,0.26
2004-08-09,600772,16.12,16.0,16.23,15.67,1710,835342.0,3.51,0.31,0.05,0.19
2004-08-10,600772,15.84,16.12,16.23,15.67,1492,732312.0,3.5,0.75,0.12,0.16
2004-08-11,600772,15.95,15.44,16.23,15.44,2708,1319653.0,4.9,-4.22,-0.68,0.3
2004-08-12,600772,15.39,15.05,15.39,14.88,3058,1452349.0,3.3,-2.53,-0.39,0.34
2004-08-13,600772,15.05,15.39,15.67,14.94,1653,789990.0,4.85,2.26,0.34,0.18
2004-08-16,600772,15.39,15.33,15.72,15.05,1450,692973.0,4.35,-0.39,-0.06,0.16
2004-08-17,600772,15.05,15.05,15.33,14.83,1805,855099.0,3.26,-1.83,-0.28,0.2
2004-08-18,600772,15.16,15.05,15.39,14.99,1796,855143.0,2.66,0.0,0.0,0.2
2004-08-19,600772,14.99,12.58,14.99,12.47,6415,2851910.0,16.74,-16.41,-2.47,0.71
2004-08-20,600772,12.3,12.58,12.86,11.46,2482,1048008.0,11.13,0.0,0.0,0.27
2004-08-23,600772,11.96,12.35,12.52,11.96,1155,490454.0,4.45,-1.83,-0.23,0.13
2004-08-24,600772,12.35,12.97,13.14,12.3,2509,1091685.0,6.8,5.02,0.62,0.28
2004-08-25,600772,13.14,12.97,13.59,12.86,1844,810367.0,5.63,0.0,0.0,0.2
2004-08-26,600772,12.97,13.37,14.43,12.97,6973,3148954.0,11.26,3.08,0.4,0.77
2004-08-27,600772,13.14,12.19,13.14,12.02,3339,1426267.0,8.38,-8.83,-1.18,0.37
2004-08-30,600772,11.74,12.35,12.47,11.68,1465,619219.0,6.48,1.31,0.16,0.16
2004-08-31,600772,12.58,13.14,13.37,12.58,3125,1368110.0,6.4,6.4,0.79,0.34
2004-09-01,600772,13.14,12.86,13.53,12.75,2142,941515.0,5.94,-2.13,-0.28,0.24
2004-09-02,600772,12.86,12.97,13.25,12.13,2489,1073363.0,8.71,0.86,0.11,0.27
2004-09-03,600772,12.97,13.03,13.31,12.58,1506,657826.0,5.63,0.46,0.06,0.17
2004-09-06,600772,13.14,13.08,13.14,12.8,1294,565276.0,2.61,0.38,0.05,0.14
2004-09-07,600772,12.92,13.08,13.2,12.86,976,426187.0,2.6,0.0,0.0,0.11
2004-09-08,600772,13.2,12.75,13.2,12.58,1921,832498.0,4.74,-2.52,-0.33,0.21
2004-09-09,600772,12.92,12.07,12.92,12.02,1771,755315.0,7.06,-5.33,-0.68,0.19
2004-09-10,600772,11.74,12.07,12.19,11.51,2085,869812.0,5.63,0.0,0.0,0.23
2004-09-13,600772,11.96,11.4,11.96,11.34,1930,797825.0,5.14,-5.55,-0.67,0.21
2004-09-14,600772,11.74,12.3,12.3,11.74,2567,1081662.0,4.91,7.89,0.9,0.28
2004-09-15,600772,12.47,13.53,14.15,12.02,8449,3757086.0,17.32,10.0,1.23,0.93
2004-09-16,600772,13.42,13.87,13.87,13.14,6832,3061357.0,5.4,2.51,0.34,0.75
2004-09-17,600772,13.76,14.6,14.71,13.48,12395,5683114.0,8.87,5.26,0.73,1.36
2004-09-20,600772,14.6,16.23,16.23,14.54,19021,9072872.0,11.58,11.16,1.63,2.09
2004-09-21,600772,16.23,15.44,16.23,14.71,13750,6634299.0,9.37,-4.87,-0.79,1.51
2004-09-22,600772,15.22,16.4,16.96,15.11,27710,13739283.0,11.98,6.22,0.96,3.05
2004-09-23,600772,17.63,17.24,18.48,16.62,43221,22399610.0,11.34,5.12,0.84,4.75
2004-09-24,600772,16.96,15.89,17.58,15.84,20375,10231354.0,10.09,-7.83,-1.35,2.24
2004-09-27,600772,15.84,14.66,16.4,14.38,7500,3598156.0,12.71,-7.74,-1.23,0.82
2004-09-28,600772,15.11,15.67,15.95,14.77,6351,3044118.0,8.05,6.89,1.01,0.7
2004-09-29,600772,15.67,14.83,15.67,14.71,3606,1705459.0,6.13,-5.36,-0.84,0.4
2004-09-30,600772,14.94,14.21,15.27,14.15,3546,1638958.0,7.55,-4.18,-0.62,0.39
2004-10-08,600772,14.66,15.33,15.39,14.6,4859,2296982.0,5.56,7.88,1.12,0.53
2004-10-11,600772,15.33,16.17,17.52,14.6,15526,7767808.0,19.05,5.48,0.84,1.71
2004-10-12,600772,15.95,15.56,16.17,15.27,4601,2229503.0,5.57,-3.77,-0.61,0.51
2004-10-13,600772,15.56,16.57,16.79,15.39,10044,4974561.0,9.0,6.49,1.01,1.1
2004-10-14,600772,16.57,15.11,16.73,15.11,6629,3229372.0,9.78,-8.81,-1.46,0.73
2004-10-15,600772,14.88,13.76,15.67,12.47,7463,3397975.0,21.18,-8.93,-1.35,0.82
2004-10-18,600772,13.7,13.48,13.81,13.31,2679,1200639.0,3.63,-2.03,-0.28,0.29
2004-10-19,600772,13.48,12.92,14.21,12.92,4758,2130475.0,9.57,-4.15,-0.56,0.52
2004-10-20,600772,12.8,13.2,13.59,12.63,3561,1555870.0,7.43,2.17,0.28,0.39
2004-10-21,600772,13.48,15.67,15.67,13.2,45598,21995994.0,18.71,18.71,2.47,5.01
2004-10-22,600772,15.67,16.0,16.17,14.99,38872,18840336.0,7.53,2.11,0.33,4.27
2004-10-25,600772,15.67,14.99,15.95,14.66,18407,8752273.0,8.06,-6.31,-1.01,2.02
2004-10-26,600772,14.71,13.48,15.27,12.35,15565,6926646.0,19.48,-10.07,-1.51,1.71
2004-10-27,600772,12.75,13.7,13.98,12.35,8999,3945297.0,12.09,1.63,0.22,0.99
2004-10-28,600772,13.7,13.25,13.7,12.92,11310,5002769.0,5.69,-3.28,-0.45,1.24
2004-10-29,600772,12.86,12.58,12.92,12.02,8612,3698008.0,6.79,-5.06,-0.67,0.95
2004-11-01,600772,12.58,12.47,12.8,12.3,4756,2043321.0,3.97,-0.87,-0.11,0.52
2004-11-02,600772,12.35,11.79,12.58,11.4,7023,2926992.0,9.46,-5.45,-0.68,0.77
2004-11-03,600772,11.79,12.52,12.52,11.51,4616,1941393.0,8.57,6.19,0.73,0.51
2004-11-04,600772,12.35,12.3,12.52,12.02,6098,2588221.0,3.99,-1.76,-0.22,0.67
2004-11-05,600772,12.58,13.2,13.31,12.35,11562,5034970.0,7.8,7.32,0.9,1.27
2004-11-08,600772,13.2,13.14,13.42,12.8,8170,3586668.0,4.7,-0.45,-0.06,0.9
2004-11-09,600772,13.14,13.37,13.59,12.92,6307,2801852.0,5.1,1.75,0.23,0.69
2004-11-10,600772,13.65,14.43,14.54,13.08,18223,8238063.0,10.92,7.93,1.06,2.0
2004-11-11,600772,14.43,13.76,14.71,13.7,12707,5835479.0,7.0,-4.64,-0.67,1.4
2004-11-12,600772,13.25,13.37,13.93,13.08,7306,3248433.0,6.18,-2.83,-0.39,0.8
2004-11-15,600772,13.37,13.65,13.76,13.37,3404,1520398.0,2.92,2.09,0.28,0.37
2004-11-16,600772,13.93,13.53,13.93,13.37,2488,1111886.0,4.1,-0.88,-0.12,0.27
2004-11-17,600772,13.59,12.86,13.59,12.8,3604,1580056.0,5.84,-4.95,-0.67,0.4
2004-11-18,600772,12.86,13.25,13.37,12.58,4121,1802532.0,6.14,3.03,0.39,0.45
2004-11-19,600772,13.31,13.87,13.87,13.14,7695,3449200.0,5.51,4.68,0.62,0.85
2004-11-22,600772,13.93,13.98,14.21,13.59,6559,2975876.0,4.47,0.79,0.11,0.72
2004-11-23,600772,14.04,14.21,14.6,13.98,9649,4456710.0,4.43,1.65,0.23,1.06
2004-11-24,600772,14.21,13.48,14.21,13.42,4107,1852179.0,5.56,-5.14,-0.73,0.45
2004-11-25,600772,13.42,13.98,14.1,13.14,3588,1611766.0,7.12,3.71,0.5,0.39
2004-11-26,600772,13.87,13.87,14.26,13.59,3693,1678480.0,4.79,-0.79,-0.11,0.41
2004-11-29,600772,13.87,13.42,13.87,13.25,3034,1357844.0,4.47,-3.24,-0.45,0.33
2004-11-30,600772,13.31,14.43,14.54,13.31,13212,6063130.0,9.17,7.53,1.01,1.45
2004-12-01,600772,14.38,14.1,14.6,13.87,6664,3051426.0,5.06,-2.29,-0.33,0.73
2004-12-02,600772,14.49,14.99,15.05,14.1,21178,9917868.0,6.74,6.31,0.89,2.33
2004-12-03,600772,15.22,14.54,15.33,14.49,12854,6022398.0,5.6,-3.0,-0.45,1.41
2004-12-06,600772,14.54,14.21,15.05,14.1,7879,3667360.0,6.53,-2.27,-0.33,0.87
2004-12-07,600772,13.98,13.65,14.38,13.53,5777,2617963.0,5.98,-3.94,-0.56,0.63
2004-12-08,600772,13.7,13.76,14.21,13.42,4156,1883382.0,5.79,0.81,0.11,0.46
2004-12-09,600772,13.7,13.81,14.38,13.48,3577,1615636.0,6.54,0.36,0.05,0.39
2004-12-10,600772,13.7,12.52,13.76,12.3,9959,4329506.0,10.57,-9.34,-1.29,1.09
2004-12-13,600772,12.47,12.3,12.69,12.07,3820,1623331.0,4.95,-1.76,-0.22,0.42
2004-12-14,600772,12.3,12.41,12.75,12.19,1653,706670.0,4.55,0.89,0.11,0.18
2004-12-15,600772,12.41,12.3,12.52,11.51,3999,1669425.0,8.14,-0.89,-0.11,0.44
2004-12-16,600772,12.41,12.02,12.47,11.9,1587,672110.0,4.63,-2.28,-0.28,0.17
2004-12-17,600772,11.96,11.96,12.07,11.74,1763,738237.0,2.75,-0.5,-0.06,0.19
2004-12-20,600772,11.9,11.74,12.02,11.51,1805,748153.0,4.26,-1.84,-0.22,0.2
2004-12-21,600772,11.9,11.74,12.02,11.62,1038,431818.0,3.41,0.0,0.0,0.11
2004-12-22,600772,11.85,12.47,12.47,11.85,1990,844798.0,5.28,6.22,0.73,0.22
2004-12-23,600772,12.92,11.96,12.92,11.96,1873,795056.0,7.7,-4.09,-0.51,0.21
2004-12-24,600772,11.74,11.96,12.13,11.74,1160,486844.0,3.26,0.0,0.0,0.13
2004-12-27,600772,11.74,12.02,12.13,11.74,1371,574440.0,3.26,0.5,0.06,0.15
2004-12-28,600772,12.35,11.74,12.35,11.74,1024,428697.0,5.07,-2.33,-0.28,0.11
2004-12-29,600772,12.02,11.68,12.02,11.68,1548,644788.0,2.9,-0.51,-0.06,0.17
2004-12-30,600772,11.96,10.28,11.96,10.22,6398,2549900.0,14.9,-11.99,-1.4,0.7
2004-12-31,600772,10.22,9.1,10.56,8.65,6880,2553121.0,18.58,-11.48,-1.18,0.76
2005-01-04,600772,9.04,9.38,9.43,8.76,2299,844733.0,7.36,3.08,0.28,0.25
2005-01-05,600772,9.32,9.83,9.88,9.21,3644,1372993.0,7.14,4.8,0.45,0.4
2005-01-06,600772,9.88,9.88,9.94,9.38,4218,1591229.0,5.7,0.51,0.05,0.46
2005-01-07,600772,10.0,10.11,10.44,9.88,7434,2883373.0,5.67,2.33,0.23,0.82
2005-01-10,600772,10.11,10.0,10.11,9.66,1867,714367.0,4.45,-1.09,-0.11,0.21
2005-01-11,600772,10.0,9.88,10.28,9.71,2258,866296.0,5.7,-1.2,-0.12,0.25
2005-01-12,600772,9.83,9.77,10.0,9.6,1991,758993.0,4.05,-1.11,-0.11,0.22
2005-01-13,600772,9.77,10.11,10.16,9.66,2614,999818.0,5.12,3.48,0.34,0.29
2005-01-14,600772,10.11,9.77,10.22,9.77,2138,821193.0,4.45,-3.36,-0.34,0.24
2005-01-17,600772,9.21,8.93,9.55,8.7,2581,953291.0,8.7,-8.6,-0.84,0.28
2005-01-18,600772,9.1,9.38,9.49,8.93,1635,602470.0,6.27,5.04,0.45,0.18
2005-01-19,600772,9.32,9.38,9.49,9.1,1514,562661.0,4.16,0.0,0.0,0.17
2005-01-20,600772,9.21,9.66,10.33,9.21,4411,1686816.0,11.94,2.99,0.28,0.48
2005-01-21,600772,9.49,9.77,10.0,8.82,4342,1625848.0,12.22,1.14,0.11,0.48
2005-01-24,600772,9.94,10.33,10.67,9.94,8620,3359284.0,7.47,5.73,0.56,0.95
2005-01-25,600772,10.33,10.05,10.33,9.83,2522,967757.0,4.84,-2.71,-0.28,0.28
2005-01-26,600772,12.24,10.84,12.24,10.73,23537,9613649.0,15.02,7.86,0.79,2.59
2005-01-27,600772,10.28,10.0,10.39,9.88,6244,2406291.0,4.7,-7.75,-0.84,0.69
2005-01-28,600772,9.83,9.21,10.16,9.1,2855,1076560.0,10.6,-7.9,-0.79,0.31
2005-01-31,600772,8.93,8.59,9.15,8.59,3273,1189782.0,6.08,-6.73,-0.62,0.36
2005-02-01,600772,8.59,8.14,8.87,8.09,2983,1070716.0,9.08,-5.24,-0.45,0.33
2005-02-02,600772,8.09,9.27,9.38,7.69,3760,1358753.0,20.76,13.88,1.13,0.41
2005-02-03,600772,8.98,8.54,9.38,8.42,4116,1501142.0,10.36,-7.87,-0.73,0.45
2005-02-04,600772,6.51,6.51,7.41,6.51,12307,3974409.0,10.54,-23.77,-2.03,1.35
2005-02-16,600772,6.4,7.02,7.08,5.84,10610,3432661.0,19.05,7.83,0.51,1.17
2005-02-17,600772,6.74,7.3,7.36,6.51,6733,2232246.0,12.11,3.99,0.28,0.74
2005-02-18,600772,7.3,7.13,7.3,6.96,5084,1690419.0,4.66,-2.33,-0.17,0.56
2005-02-21,600772,7.02,7.52,7.58,6.79,6959,2338199.0,11.08,5.47,0.39,0.76
2005-02-22,600772,7.81,9.43,9.43,7.81,15457,5717417.0,21.54,25.4,1.91,1.7
2005-02-23,600772,10.22,10.89,11.51,10.11,63986,25571321.0,14.85,15.48,1.46,7.03
2005-02-24,600772,10.33,10.39,10.61,9.66,21180,8152527.0,8.72,-4.59,-0.5,2.33
2005-02-25,600772,10.22,9.88,10.5,9.77,14719,5694100.0,7.03,-4.91,-0.51,1.62
2005-02-28,600772,9.77,10.22,10.28,9.49,9068,3466715.0,8.0,3.44,0.34,1.0
2005-03-01,600772,10.16,9.83,10.16,9.6,5740,2187370.0,5.48,-3.82,-0.39,0.63
2005-03-02,600772,10.22,9.77,11.17,9.77,12086,4742755.0,14.24,-0.61,-0.06,1.33
2005-03-03,600772,9.49,9.49,9.6,8.76,7826,2884145.0,8.6,-2.87,-0.28,0.86
2005-03-04,600772,9.6,8.98,9.6,8.98,3641,1347204.0,6.53,-5.37,-0.51,0.4
2005-03-07,600772,8.87,8.76,9.15,8.65,3436,1247924.0,5.57,-2.45,-0.22,0.38
2005-03-08,600772,8.93,9.71,9.77,8.82,6298,2339050.0,10.84,10.84,0.95,0.69
2005-03-09,600772,9.77,9.49,10.11,9.38,5102,1924282.0,7.52,-2.27,-0.22,0.56
2005-03-10,600772,9.49,8.82,9.55,8.82,4825,1766689.0,7.69,-7.06,-0.67,0.53
2005-03-11,600772,9.1,9.6,9.94,9.1,10673,4026372.0,9.52,8.84,0.78,1.17
2005-03-14,600772,9.38,9.04,9.43,8.76,4762,1742876.0,6.98,-5.83,-0.56,0.52
2005-03-15,600772,9.1,8.65,9.32,8.65,4603,1675341.0,7.41,-4.31,-0.39,0.51
2005-03-16,600772,8.54,8.09,8.59,7.81,5255,1831537.0,9.02,-6.47,-0.56,0.58
2005-03-17,600772,7.81,7.97,8.54,7.81,2475,869842.0,9.02,-1.48,-0.12,0.27
2005-03-18,600772,7.97,6.96,8.09,6.68,5009,1683919.0,17.69,-12.67,-1.01,0.55
2005-03-21,600772,7.13,7.47,7.47,6.74,3459,1154475.0,10.49,7.33,0.51,0.38
2005-03-22,600772,7.47,6.4,7.69,6.4,4347,1418437.0,17.27,-14.32,-1.07,0.48
2005-03-23,600772,6.68,8.2,8.2,6.57,9474,3331291.0,25.47,28.13,1.8,1.04
2005-03-24,600772,8.42,7.86,8.42,6.4,15981,5507320.0,24.63,-4.15,-0.34,1.76
2005-03-25,600772,7.86,7.81,8.2,7.52,8063,2782914.0,8.65,-0.64,-0.05,0.89
2005-03-28,600772,7.52,7.24,7.81,6.74,5135,1699447.0,13.7,-7.3,-0.57,0.56
2005-03-29,600772,6.68,7.02,7.36,6.68,2707,903154.0,9.39,-3.04,-0.22,0.3
2005-03-30,600772,6.79,6.57,7.13,6.46,3688,1201804.0,9.54,-6.41,-0.45,0.41
2005-03-31,600772,6.35,6.57,6.57,5.84,5651,1784109.0,11.11,0.0,0.0,0.62
2005-04-01,600772,6.74,7.19,7.52,6.23,6904,2265866.0,19.63,9.44,0.62,0.76
2005-04-04,600772,7.19,9.04,9.04,6.68,46439,16751760.0,32.82,25.73,1.85,5.1
2005-04-05,600772,8.54,8.2,8.93,7.97,23276,8253515.0,10.62,-9.29,-0.84,2.56
2005-04-06,600772,8.2,8.59,9.27,8.09,20078,7195658.0,14.39,4.76,0.39,2.21
2005-04-07,600772,8.48,8.59,8.98,7.97,19323,6913999.0,11.76,0.0,0.0,2.12
2005-04-08,600772,7.02,7.75,7.92,6.57,36107,12125296.0,15.72,-9.78,-0.84,3.97
2005-04-11,600772,7.36,7.64,7.69,6.96,25024,8396466.0,9.42,-1.42,-0.11,2.75
2005-04-12,600772,7.92,7.08,8.25,7.02,16100,5463871.0,16.1,-7.33,-0.56,1.77
2005-04-13,600772,7.08,7.69,7.81,6.96,15077,5091104.0,12.01,8.62,0.61,1.66
2005-04-14,600772,7.97,7.13,8.03,6.96,12972,4371091.0,13.91,-7.28,-0.56,1.43
2005-04-15,600772,6.63,6.12,6.91,6.12,9350,3003282.0,11.08,-14.17,-1.01,1.03
2005-04-18,600772,6.12,6.46,6.51,6.06,5665,1802276.0,7.35,5.56,0.34,0.62
2005-04-19,600772,6.29,6.23,6.51,5.9,4902,1546256.0,9.44,-3.56,-0.23,0.54
2005-04-20,600772,6.12,5.9,6.12,5.84,4595,1434490.0,4.49,-5.3,-0.33,0.51
2005-04-21,600772,5.84,6.12,6.68,5.84,8262,2607241.0,14.24,3.73,0.22,0.91
2005-04-22,600772,6.12,4.38,6.18,4.38,10464,2989483.0,29.41,-28.43,-1.74,1.15
2005-04-25,600772,2.81,2.81,3.59,2.81,6304,1617553.0,17.81,-35.84,-1.57,0.69
2005-04-26,600772,1.4,2.47,2.75,1.4,13609,3306539.0,48.04,-12.1,-0.34,1.5
2005-04-27,600772,2.64,2.02,2.98,1.96,5799,1427072.0,41.3,-18.22,-0.45,0.64
2005-04-28,600772,2.13,2.19,2.36,1.4,9750,2348180.0,47.52,8.42,0.17,1.07
2005-04-29,600772,1.91,1.8,2.13,1.68,7359,1761635.0,20.55,-17.81,-0.39,0.81
2005-05-10,600772,1.12,1.12,1.12,1.12,306,69156.0,0.0,-37.78,-0.68,0.03
2005-05-11,600772,0.5,0.5,0.5,0.5,165,35475.0,0.0,-55.36,-0.62,0.02
2005-05-12,600772,-0.11,-0.11,-0.11,-0.11,233,47532.0,0.0,-122.0,-0.61,0.03
2005-05-13,600772,-0.11,-0.67,-0.11,-0.67,835,162122.0,-509.09,-509.09,-0.56,0.09
2005-05-16,600772,-1.24,-1.24,-1.24,-1.24,843,155112.0,0.0,-85.07,-0.57,0.09
2005-05-17,600772,-1.74,-0.79,-0.73,-1.74,37471,6714466.0,-81.45,36.29,0.45,4.12
2005-05-18,600772,-1.24,-0.84,-0.56,-1.35,25423,4768939.0,-100.0,-6.33,-0.05,2.79
2005-05-19,600772,-0.96,-0.9,-0.73,-1.07,13908,2646391.0,-40.48,-7.14,-0.06,1.53
2005-05-20,600772,-0.9,-1.41,-0.9,-1.41,18488,3401167.0,-56.67,-56.67,-0.51,2.03
2005-05-23,600772,-1.46,-1.91,-1.46,-1.91,13276,2288090.0,-31.91,-35.46,-0.5,1.46
2005-05-24,600772,-2.25,-1.69,-1.63,-2.3,11805,2045021.0,-35.08,11.52,0.22,1.3
2005-05-25,600772,-1.8,-1.46,-1.41,-1.91,10881,1939141.0,-29.59,13.61,0.23,1.2
2005-05-26,600772,-1.57,-1.57,-1.41,-1.69,9983,1787255.0,-19.18,-7.53,-0.11,1.1
2005-05-27,600772,-1.57,-1.52,-1.41,-1.8,8264,1470390.0,-24.84,3.18,0.05,0.91
2005-05-30,600772,-1.52,-1.46,-1.41,-1.69,7545,1348998.0,-18.42,3.95,0.06,0.83
2005-05-31,600772,-1.46,-1.24,-1.18,-1.63,12027,2186697.0,-30.82,15.07,0.22,1.32
2005-06-01,600772,-1.24,-1.63,-1.24,-1.74,11419,2025162.0,-40.32,-31.45,-0.39,1.26
2005-06-02,600772,-1.74,-1.69,-1.57,-1.8,5472,964946.0,-14.11,-3.68,-0.06,0.6
2005-06-03,600772,-1.74,-1.74,-1.63,-1.91,4413,773768.0,-16.57,-2.96,-0.05,0.49
2005-06-06,600772,-1.85,-1.74,-1.69,-2.02,4950,855523.0,-18.97,0.0,0.0,0.54
2005-06-07,600772,-1.69,-1.8,-1.63,-1.85,6976,1222162.0,-12.64,-3.45,-0.06,0.77
2005-06-08,600772,-1.91,-1.29,-1.29,-1.97,23152,4170770.0,-37.78,28.33,0.51,2.54
2005-06-09,600772,-1.29,-1.12,-1.01,-1.29,19070,3534533.0,-21.71,13.18,0.17,2.1
2005-06-10,600772,-1.12,-0.9,-0.79,-1.29,26382,4936378.0,-44.64,19.64,0.22,2.9
2005-06-13,600772,-0.34,-0.67,-0.34,-0.84,30033,5900047.0,-55.56,25.56,0.23,3.3
2005-06-14,600772,-0.79,-0.62,-0.17,-0.96,21008,4102779.0,-117.91,7.46,0.05,2.31
2005-06-15,600772,-0.62,-1.18,-0.51,-1.18,10959,2067651.0,-108.06,-90.32,-0.56,1.2
2005-06-16,600772,-1.46,-1.46,-1.18,-1.69,12006,2145507.0,-43.22,-23.73,-0.28,1.32
2005-06-17,600772,-1.46,-1.46,-1.35,-1.63,6034,1078937.0,-19.18,0.0,0.0,0.66
2005-06-20,600772,-1.35,-1.41,-1.29,-1.97,12143,2140382.0,-46.58,3.42,0.05,1.33
2005-06-21,600772,-1.46,-1.29,-1.24,-1.63,10236,1861262.0,-27.66,8.51,0.12,1.13
2005-06-22,600772,-1.18,-0.84,-0.79,-1.29,31420,5982486.0,-38.76,34.88,0.45,3.45
2005-06-23,600772,-1.01,-1.24,-0.84,-1.35,10323,1915088.0,-60.71,-47.62,-0.4,1.13
2005-06-24,600772,-1.35,-1.29,-1.18,-1.63,6213,1124041.0,-36.29,-4.03,-0.05,0.68
2005-06-28,600772,-1.12,-0.9,-0.79,-1.29,19390,3648588.0,-38.76,30.23,0.39,2.13
2005-06-29,600772,-0.9,-1.12,-0.9,-1.24,6926,1290076.0,-37.78,-24.44,-0.22,0.76
2005-06-30,600772,-1.29,-1.63,-1.24,-1.63,9536,1704496.0,-34.82,-45.54,-0.51,1.05
2005-07-01,600772,-1.8,-2.14,-1.8,-2.14,7501,1276769.0,-20.86,-31.29,-0.51,0.82
2005-07-04,600772,-2.53,-2.58,-2.47,-2.58,2997,479681.0,-5.14,-20.56,-0.44,0.33
2005-07-05,600772,-2.58,-2.7,-2.42,-2.98,6426,1012383.0,-21.71,-4.65,-0.12,0.71
2005-07-06,600772,-2.7,-2.25,-2.25,-2.87,18947,3133368.0,-22.96,16.67,0.45,2.08
2005-07-07,600772,-2.42,-2.47,-2.25,-2.7,8394,1360245.0,-20.0,-9.78,-0.22,0.92
2005-07-08,600772,-2.58,-2.92,-2.42,-2.92,8178,1287421.0,-20.24,-18.22,-0.45,0.9
2005-07-11,600772,-3.31,-3.37,-2.7,-3.37,9135,1362296.0,-22.95,-15.41,-0.45,1.0
2005-07-12,600772,-3.76,-3.6,-3.48,-3.76,14159,1981331.0,-8.31,-6.82,-0.23,1.56
2005-07-13,600772,-3.71,-3.82,-3.54,-3.88,9012,1254891.0,-9.44,-6.11,-0.22,0.99
2005-07-14,600772,-3.88,-3.76,-3.76,-3.99,8929,1223621.0,-6.02,1.57,0.06,0.98
2005-07-15,600772,-3.88,-3.65,-3.65,-3.93,9455,1318969.0,-7.45,2.93,0.11,1.04
2005-07-18,600772,-3.71,-4.04,-3.71,-4.04,5485,737376.0,-9.04,-10.68,-0.39,0.6
2005-07-19,600772,-4.44,-4.44,-4.04,-4.44,10177,1298101.0,-9.9,-9.9,-0.4,1.12
2005-07-20,600772,-4.55,-4.38,-4.33,-4.55,5702,725180.0,-4.95,1.35,0.06,0.63
2005-07-21,600772,-4.33,-4.27,-4.27,-4.49,6846,880931.0,-5.02,2.51,0.11,0.75
2005-07-22,600772,-4.33,-4.1,-3.93,-4.44,11965,1574518.0,-11.94,3.98,0.17,1.32
2005-07-25,600772,-4.1,-3.93,-3.76,-4.27,10183,1382793.0,-12.44,4.15,0.17,1.12
2005-07-26,600772,-3.99,-3.88,-3.82,-4.04,8864,1209711.0,-5.6,1.27,0.05,0.97
2005-07-27,600772,-3.88,-3.82,-3.82,-4.04,8116,1103215.0,-5.67,1.55,0.06,0.89
2005-07-28,600772,-3.82,-3.6,-3.54,-3.88,18319,2586376.0,-8.9,5.76,0.22,2.01
2005-07-29,600772,-3.82,-3.82,-3.71,-3.99,13383,1834375.0,-7.78,-6.11,-0.22,1.47
2005-08-01,600772,-3.88,-3.71,-3.48,-3.99,13269,1876399.0,-13.35,2.88,0.11,1.46
2005-08-02,600772,-3.71,-3.31,-3.31,-3.76,24430,3563421.0,-12.13,10.78,0.4,2.69
2005-08-03,600772,-3.2,-3.2,-2.92,-3.31,29445,4408066.0,-11.78,3.32,0.11,3.24
2005-08-04,600772,-3.26,-3.31,-3.2,-3.6,12078,1762124.0,-12.5,-3.44,-0.11,1.33
2005-08-05,600772,-3.31,-3.09,-3.09,-3.37,12854,1910403.0,-8.46,6.65,0.22,1.41
2005-08-08,600772,-3.09,-2.7,-2.7,-3.2,17531,2684853.0,-16.18,12.62,0.39,1.93
2005-08-09,600772,-2.7,-2.64,-2.53,-2.98,20064,3144662.0,-16.67,2.22,0.06,2.21
2005-08-10,600772,-2.53,-2.3,-2.25,-2.64,24689,4031479.0,-14.77,12.88,0.34,2.71
2005-08-11,600772,-2.3,-1.97,-1.97,-2.42,26203,4401194.0,-19.57,14.35,0.33,2.88
2005-08-12,600772,-1.91,-2.25,-1.63,-2.3,32910,5644008.0,-34.01,-14.21,-0.28,3.62
2005-08-15,600772,-2.58,-2.14,-2.02,-2.58,14582,2427547.0,-24.89,4.89,0.11,1.6
2005-08-16,600772,-2.14,-1.69,-1.69,-2.25,36667,6376744.0,-26.17,21.03,0.45,4.03
2005-08-17,600772,-1.46,-1.18,-1.18,-1.57,30145,5552669.0,-23.08,30.18,0.51,3.31
2005-08-18,600772,-0.73,-1.69,-0.67,-1.69,17376,3310057.0,-86.44,-43.22,-0.51,1.91
2005-08-19,600772,-1.18,-1.29,-1.18,-2.14,46416,8392767.0,-56.8,23.67,0.4,5.1
2005-08-22,600772,-1.46,-1.29,-1.24,-1.69,24360,4374040.0,-34.88,0.0,0.0,2.68
2005-08-23,600772,-1.18,-1.41,-1.07,-1.63,15007,2727951.0,-43.41,-9.3,-0.12,1.65
2005-08-24,600772,-1.24,-1.63,-1.24,-1.91,25208,4418950.0,-47.52,-15.6,-0.22,2.77
2005-08-25,600772,-1.57,-1.12,-1.12,-1.69,42478,7839204.0,-34.97,31.29,0.51,4.67
2005-08-26,600772,-0.62,-0.62,-0.62,-0.73,21058,4105823.0,-9.82,44.64,0.5,2.31
2005-08-29,600772,-0.06,-0.06,-0.06,-0.56,56297,11501275.0,-80.65,90.32,0.56,6.19
2005-08-30,600772,0.17,-0.34,0.5,-0.62,88107,18376555.0,-1866.67,-466.67,-0.28,9.68
2005-08-31,600772,-0.84,0.22,0.22,-0.9,43375,8638532.0,-329.41,164.71,0.56,4.77
2005-09-01,600772,0.84,0.84,0.84,0.22,19181,4223682.0,281.82,281.82,0.62,2.11
2005-09-02,600772,1.46,1.46,1.46,1.46,2414,560018.0,0.0,73.81,0.62,0.27
2005-09-05,600772,2.13,2.13,2.13,2.13,993,242399.0,0.0,45.89,0.67,0.11
2005-09-06,600772,2.81,2.81,2.81,2.81,2192,561198.0,0.0,31.92,0.68,0.24
2005-09-07,600772,3.54,3.54,3.54,2.75,114578,30569628.0,28.11,25.98,0.73,12.59
2005-09-08,600772,3.54,2.92,3.82,2.81,71868,18688871.0,28.53,-17.51,-0.62,7.9
2005-09-09,600772,2.92,2.58,3.2,2.25,39542,10079405.0,32.53,-11.64,-0.34,4.35
2005-09-12,600772,2.58,2.98,3.09,2.47,25590,6558368.0,24.03,15.5,0.4,2.81
2005-09-13,600772,3.03,2.86,3.03,2.58,24478,6248523.0,15.1,-4.03,-0.12,2.69
2005-09-14,600772,2.86,2.98,3.03,2.13,57664,14388007.0,31.47,4.2,0.12,6.34
2005-09-15,600772,2.86,3.14,3.42,2.58,51130,13366140.0,28.19,5.37,0.16,5.62
2005-09-16,600772,3.09,3.2,3.48,2.69,33250,8665511.0,25.16,1.91,0.06,3.65
2005-09-19,600772,3.09,3.93,3.93,2.92,51493,14078639.0,31.56,22.81,0.73,5.66
2005-09-20,600772,4.15,4.55,4.72,3.87,56490,15965679.0,21.63,15.78,0.62,6.21
2005-09-21,600772,4.49,3.76,5.11,3.76,47080,13304780.0,29.67,-17.36,-0.79,5.17
2005-09-22,600772,3.31,2.98,3.37,2.98,16864,4377931.0,10.37,-20.74,-0.78,1.85
2005-09-23,600772,2.25,2.25,2.25,2.25,3877,953742.0,0.0,-24.5,-0.73,0.43
2005-09-26,600772,1.63,1.57,1.63,1.57,1441,337244.0,2.67,-30.22,-0.68,0.16
2005-09-27,600772,0.9,1.18,2.19,0.9,44123,9983120.0,82.17,-24.84,-0.39,4.85
2005-09-28,600772,0.95,0.56,1.07,0.56,23906,5196851.0,43.22,-52.54,-0.62,2.63
2005-09-29,600772,0.56,0.73,0.84,0.22,24801,5377123.0,110.71,30.36,0.17,2.73
2005-09-30,600772,0.67,0.11,0.9,0.11,24374,5160855.0,108.22,-84.93,-0.62,2.68
2005-10-10,600772,0.0,-0.34,0.22,-0.34,13521,2751445.0,509.09,-409.09,-0.45,1.49
2005-10-11,600772,-0.34,0.22,0.22,-0.45,6463,1346148.0,-197.06,164.71,0.56,0.71
2005-10-12,600772,0.84,0.84,0.84,0.56,10626,2338021.0,127.27,281.82,0.62,1.17
2005-10-13,600772,1.12,0.79,1.46,0.73,39755,8947677.0,86.9,-5.95,-0.05,4.37
2005-10-14,600772,0.22,0.22,0.79,0.17,10929,2325483.0,78.48,-72.15,-0.57,1.2
2005-10-17,600772,0.22,0.67,0.84,0.06,15247,3329520.0,354.55,204.55,0.45,1.68
2005-10-18,600772,0.45,0.67,0.84,0.11,16846,3617453.0,108.96,0.0,0.0,1.85
2005-10-19,600772,0.67,0.62,0.84,0.39,11776,2561448.0,67.16,-7.46,-0.05,1.29
2005-10-20,600772,0.56,0.22,0.56,0.0,12484,2616809.0,90.32,-64.52,-0.4,1.37
2005-10-21,600772,0.17,0.22,0.34,-0.06,7037,1471756.0,181.82,0.0,0.0,0.77
2005-10-24,600772,0.22,0.06,0.22,-0.17,5881,1215325.0,177.27,-72.73,-0.16,0.65
2005-10-25,600772,0.0,0.17,0.62,0.0,10635,2250585.0,1033.33,183.33,0.11,1.17
2005-10-26,600772,0.11,-0.39,0.11,-0.39,12595,2529770.0,294.12,-329.41,-0.56,1.38
2005-10-27,600772,-0.9,-0.9,-0.45,-0.96,10750,2057590.0,-130.77,-130.77,-0.51,1.18
2005-10-28,600772,-0.73,-0.79,-0.34,-1.12,12113,2333381.0,-86.67,12.22,0.11,1.33
2005-10-31,600772,-1.29,-0.51,-0.39,-1.35,8487,1641588.0,-121.52,35.44,0.28,0.93
2005-11-01,600772,-0.51,-0.73,-0.45,-1.01,7456,1440625.0,-109.8,-43.14,-0.22,0.82
2005-11-02,600772,-0.73,-0.56,-0.45,-0.84,10385,2022718.0,-53.42,23.29,0.17,1.14
2005-11-03,600772,-0.62,-0.34,0.0,-0.73,18734,3762652.0,-130.36,39.29,0.22,2.06
2005-11-04,600772,-0.45,0.22,0.22,-0.51,24917,5168692.0,-214.71,164.71,0.56,2.74
2005-11-07,600772,0.22,0.06,0.45,-0.11,17970,3763464.0,254.55,-72.73,-0.16,1.98
2005-11-08,600772,0.11,0.34,0.39,-0.06,10584,2214904.0,750.0,466.67,0.28,1.16
2005-11-09,600772,0.84,0.95,0.95,0.73,37151,8272243.0,64.71,179.41,0.61,4.08
2005-11-10,600772,0.79,0.34,0.79,0.34,18292,3900847.0,47.37,-64.21,-0.61,2.01
2005-11-11,600772,-0.28,-0.17,0.0,-0.28,19627,3965415.0,82.35,-150.0,-0.51,2.16
2005-11-14,600772,-0.39,-0.06,0.0,-0.39,6217,1263097.0,-229.41,64.71,0.11,0.68
2005-11-15,600772,-0.11,0.06,0.22,-0.23,9792,2024130.0,-750.0,200.0,0.12,1.08
2005-11-16,600772,-0.06,0.0,0.11,-0.34,6443,1310860.0,750.0,-100.0,-0.06,0.71
2005-11-17,600772,0.0,0.0,0.06,-0.17,4658,955916.0,-21615.53,0.0,0.0,0.51
2005-11-18,600772,-0.11,0.34,0.39,-0.11,14321,3002161.0,-48634.94,0.0,0.34,1.57
2005-11-21,600772,0.5,0.45,0.62,0.28,17516,3739859.0,100.0,32.35,0.11,1.93
2005-11-22,600772,0.39,-0.06,0.39,-0.17,8186,1704443.0,124.44,-113.33,-0.51,0.9
2005-11-23,600772,-0.23,-0.06,0.11,-0.28,5822,1194163.0,-650.0,0.0,0.0,0.64
2005-11-24,600772,-0.06,0.0,0.11,-0.17,3861,794980.0,-466.67,100.0,0.06,0.42
2005-11-25,600772,-0.06,0.28,0.34,-0.11,14112,2966516.0,-43231.05,0.0,0.28,1.55
2005-11-28,600772,0.28,0.5,0.5,0.17,7727,1639923.0,117.86,78.57,0.22,0.85
2005-11-29,600772,0.39,-0.11,0.56,-0.11,10603,2194198.0,134.0,-122.0,-0.61,1.17
2005-11-30,600772,-0.23,-0.28,-0.06,-0.45,7150,1433446.0,-354.55,-154.55,-0.17,0.79
2005-12-01,600772,-0.17,-0.17,0.0,-0.39,5185,1050603.0,-139.29,39.29,0.11,0.57
2005-12-02,600772,-0.28,-0.39,-0.11,-0.56,5253,1048464.0,-264.71,-129.41,-0.22,0.58
2005-12-05,600772,-0.17,-0.96,-0.17,-0.96,8444,1615375.0,-202.56,-146.15,-0.57,0.93
2005-12-06,600772,-0.96,-1.24,-0.96,-1.46,8022,1464520.0,-52.08,-29.17,-0.28,0.88
2005-12-07,600772,-1.12,-0.73,-0.73,-1.29,6573,1241761.0,-45.16,41.13,0.51,0.72
2005-12-08,600772,-0.73,-0.79,-0.56,-1.12,7383,1405052.0,-76.71,-8.22,-0.06,0.81
2005-12-09,600772,-1.07,-0.62,-0.62,-1.07,4401,848048.0,-56.96,21.52,0.17,0.48
2005-12-12,600772,-0.62,-0.62,-0.56,-0.9,3659,707440.0,-54.84,0.0,0.0,0.4
2005-12-13,600772,-0.62,-0.45,-0.39,-0.79,7159,1398187.0,-64.52,27.42,0.17,0.79
2005-12-14,600772,-0.45,-0.39,-0.28,-0.56,8500,1687888.0,-62.22,13.33,0.06,0.93
2005-12-15,600772,-0.45,-0.62,-0.34,-0.73,5417,1069700.0,-100.0,-58.97,-0.23,0.6
2005-12-16,600772,-0.62,-0.62,-0.56,-0.73,5554,1080097.0,-27.42,0.0,0.0,0.61
2005-12-19,600772,-0.56,-0.56,-0.39,-0.62,4653,915670.0,-37.1,9.68,0.06,0.51
2005-12-20,600772,-0.51,-0.62,-0.51,-0.73,4223,821769.0,-39.29,-10.71,-0.06,0.46
2005-12-21,600772,-0.67,-0.73,-0.45,-0.73,5177,1011949.0,-45.16,-17.74,-0.11,0.57
2005-12-22,600772,-0.73,-0.73,-0.62,-0.9,3853,739289.0,-38.36,0.0,0.0,0.42
2005-12-23,600772,-0.9,-0.62,-0.62,-0.9,7479,1434851.0,-38.36,15.07,0.11,0.82
2005-12-26,600772,-0.73,-0.51,-0.51,-0.9,8034,1562494.0,-62.9,17.74,0.11,0.88
2005-12-27,600772,-0.51,-0.39,-0.28,-0.62,13285,2644695.0,-66.67,23.53,0.12,1.46
2005-12-28,600772,-0.39,0.17,0.17,-0.56,40692,8461073.0,-187.18,143.59,0.56,4.47
2005-12-29,600772,0.17,0.39,0.5,-0.17,30264,6356246.0,394.12,129.41,0.22,3.33
2005-12-30,600772,0.28,0.5,1.01,0.17,30415,6600578.0,215.38,28.21,0.11,3.34
2006-01-04,600772,0.45,0.39,0.73,0.17,11690,2503060.0,112.0,-22.0,-0.11,1.28
2006-01-05,600772,0.39,0.22,0.45,-0.11,17024,3547286.0,143.59,-43.59,-0.17,1.87
2006-01-06,600772,0.28,0.34,0.45,0.06,12044,2540409.0,177.27,54.55,0.12,1.32
2006-01-09,600772,0.22,0.45,0.67,0.11,10502,2252865.0,164.71,32.35,0.11,1.15
2006-01-10,600772,0.5,0.45,0.5,0.22,6826,1452076.0,62.22,0.0,0.0,0.75
2006-01-11,600772,0.56,0.45,0.79,0.34,15349,3326244.0,100.0,0.0,0.0,1.69
2006-01-12,600772,0.45,0.5,0.5,0.22,12137,2579272.0,62.22,11.11,0.05,1.33
2006-01-13,600772,0.5,0.39,0.5,0.28,12849,2732346.0,44.0,-22.0,-0.11,1.41
2006-01-16,600772,0.34,0.34,0.5,0.28,8957,1908321.0,56.41,-12.82,-0.05,0.98
2006-01-17,600772,0.28,0.84,0.95,0.11,20183,4369311.0,247.06,147.06,0.5,2.22
2006-01-18,600772,0.62,0.73,0.84,0.5,16047,3488907.0,40.48,-13.1,-0.11,1.76
2006-01-19,600772,0.62,1.35,1.35,0.56,46272,10567670.0,108.22,84.93,0.62,5.09
2006-01-20,600772,1.46,0.84,1.68,0.73,38885,8817809.0,70.37,-37.78,-0.51,4.27
2006-01-23,600772,0.79,0.34,0.79,0.22,22993,4863239.0,67.86,-59.52,-0.5,2.53
2006-01-24,600772,0.34,0.28,0.56,0.17,10757,2281578.0,114.71,-17.65,-0.06,1.18
2006-01-25,600772,0.22,-0.34,0.22,-0.34,16796,3402535.0,200.0,-221.43,-0.62,1.85
2006-02-06,600772,-0.34,-0.06,0.0,-0.34,7556,1533718.0,-100.0,82.35,0.28,0.83
2006-02-07,600772,-0.11,0.17,0.5,-0.11,11553,2423171.0,-1016.67,383.33,0.23,1.27
2006-02-08,600772,0.11,0.5,0.62,0.11,11119,2377219.0,300.0,194.12,0.33,1.22
2006-02-09,600772,0.5,0.39,0.62,0.28,7543,1616246.0,68.0,-22.0,-0.11,0.83
2006-02-10,600772,0.34,0.5,0.56,0.22,7658,1634273.0,87.18,28.21,0.11,0.84
2006-02-13,600772,0.5,0.56,0.56,0.28,7910,1683868.0,56.0,12.0,0.06,0.87
2006-02-14,600772,0.5,0.5,0.5,0.39,5848,1252768.0,19.64,-10.71,-0.06,0.64
2006-02-15,600772,0.5,0.45,0.56,0.34,6137,1311043.0,44.0,-10.0,-0.05,0.67
2006-02-16,600772,0.45,0.84,1.07,0.45,44118,9831841.0,137.78,86.67,0.39,4.85
2006-02-17,600772,0.84,1.46,1.46,0.84,50083,11509174.0,73.81,73.81,0.62,5.5
2006-02-20,600772,1.46,0.79,1.46,0.79,25511,5656931.0,45.89,-45.89,-0.67,2.8
2006-02-21,600772,0.73,0.62,0.79,0.22,16913,3610143.0,72.15,-21.52,-0.17,1.86
2006-02-22,600772,0.5,0.67,0.95,0.39,15276,3330281.0,90.32,8.06,0.05,1.68
2006-02-23,600772,0.62,0.73,1.01,0.56,9174,2023531.0,67.16,8.96,0.06,1.01
2006-02-24,600772,0.67,0.62,0.9,0.45,10869,2350124.0,61.64,-15.07,-0.11,1.19
2006-02-27,600772,0.0,0.62,0.73,0.0,12970,2766569.0,117.74,0.0,0.0,1.43
2006-02-28,600772,0.11,0.39,0.45,0.0,22334,4679316.0,72.58,-37.1,-0.23,2.45
2006-03-01,600772,0.34,0.39,0.56,0.11,16153,3415119.0,115.38,0.0,0.0,1.78
2006-03-02,600772,0.39,0.0,0.45,-0.23,21727,4530478.0,174.36,-100.0,-0.39,2.39
2006-03-03,600772,0.0,0.06,0.11,-0.28,16164,3310243.0,-37827.17,0.0,0.06,1.78
2006-03-06,600772,0.06,0.28,0.28,-0.23,11770,2429178.0,850.0,366.67,0.22,1.29
2006-03-07,600772,0.22,-0.11,0.28,-0.23,9423,1941471.0,182.14,-139.29,-0.39,1.04
2006-03-08,600772,-0.23,-0.56,-0.06,-0.67,11616,2295764.0,-554.55,-409.09,-0.45,1.28
2006-03-09,600772,-0.56,-0.9,-0.56,-1.01,13573,2589594.0,-80.36,-60.71,-0.34,1.49
2006-03-10,600772,-0.9,-0.73,-0.73,-1.01,5946,1132860.0,-31.11,18.89,0.17,0.65
2006-03-13,600772,-0.73,-1.07,-0.73,-1.24,12439,2316885.0,-69.86,-46.58,-0.34,1.37
2006-03-14,600772,-1.12,-1.01,-0.96,-1.29,6545,1223102.0,-30.84,5.61,0.06,0.72
2006-03-15,600772,-1.01,-0.51,-0.51,-1.24,17667,3432806.0,-72.28,49.5,0.5,1.94
2006-03-16,600772,-0.62,-0.56,-0.23,-0.73,9155,1804200.0,-98.04,-9.8,-0.05,1.01
2006-03-17,600772,-0.56,-0.84,-0.56,-0.9,7833,1505428.0,-60.71,-50.0,-0.28,0.86
2006-03-20,600772,-0.9,-0.62,-0.62,-0.96,7625,1476588.0,-40.48,26.19,0.22,0.84
2006-03-21,600772,-0.73,-0.51,-0.45,-0.84,10212,1980871.0,-62.9,17.74,0.11,1.12
2006-03-22,600772,0.06,0.06,0.06,0.06,3781,782737.0,0.0,111.76,0.57,0.42
2006-03-23,600772,0.62,0.62,0.62,0.62,11767,2553352.0,0.0,933.33,0.56,1.29
2006-03-24,600772,1.23,0.06,1.23,0.0,50066,10901938.0,198.39,-90.32,-0.56,5.5
2006-03-27,600772,-0.34,0.11,0.34,-0.45,14927,3019592.0,1316.67,83.33,0.05,1.64
2006-03-28,600772,-0.06,-0.06,0.0,-0.23,8871,1808111.0,209.09,-154.55,-0.17,0.98
2006-03-29,600772,-0.17,-0.17,0.06,-0.23,9237,1878725.0,-483.33,-183.33,-0.11,1.02
2006-03-30,600772,-0.23,-0.39,-0.11,-0.45,7880,1580262.0,-200.0,-129.41,-0.22,0.87
2006-03-31,600772,-0.51,-0.45,-0.28,-0.67,7281,1430546.0,-100.0,-15.38,-0.06,0.8
2006-04-03,600772,-0.39,-0.67,-0.39,-0.9,9753,1872859.0,-113.33,-48.89,-0.22,1.07
2006-04-04,600772,-0.67,-0.34,-0.11,-0.9,9980,1976283.0,-117.91,49.25,0.33,1.1
2006-04-05,600772,-0.45,-0.39,-0.28,-0.51,5372,1066477.0,-67.65,-14.71,-0.05,0.59
2006-04-06,600772,-0.45,-0.62,-0.45,-0.73,9749,1902195.0,-71.79,-58.97,-0.23,1.07
2006-04-07,600772,-0.62,-0.51,-0.45,-0.84,8481,1650915.0,-62.9,17.74,0.11,0.93
2006-04-10,600772,-0.62,-0.06,0.06,-0.73,17192,3438497.0,-154.9,88.24,0.45,1.89
2006-04-11,600772,-0.11,-0.23,-0.11,-0.39,10725,2162400.0,-466.67,-283.33,-0.17,1.18
2006-04-12,600772,-0.34,-0.06,0.0,-0.39,13134,2656063.0,-169.57,73.91,0.17,1.44
2006-04-13,600772,-0.06,-0.39,-0.06,-0.39,9458,1906554.0,-550.0,-550.0,-0.33,1.04
2006-04-14,600772,-0.45,-0.56,-0.45,-0.9,15518,2998658.0,-115.38,-43.59,-0.17,1.71
2006-04-17,600772,-0.62,-0.62,-0.56,-0.79,10786,2091913.0,-41.07,-10.71,-0.06,1.19
2006-04-18,600772,-0.62,-0.62,-0.62,-0.79,7383,1427856.0,-27.42,0.0,0.0,0.81
2006-04-19,600772,-0.67,-1.01,-0.67,-1.18,17298,3277760.0,-82.26,-62.9,-0.39,1.9
2006-04-20,600772,-1.01,-1.29,-1.01,-1.41,13191,2413848.0,-39.6,-27.72,-0.28,1.45
2006-04-21,600772,-1.29,-1.8,-1.29,-1.8,14882,2599101.0,-39.53,-39.53,-0.51,1.64
2006-04-24,600772,-1.91,-2.3,-1.91,-2.3,5141,851503.0,-21.67,-27.78,-0.5,0.57
2006-04-25,600772,-2.75,-2.75,-2.75,-2.75,2726,427982.0,0.0,-19.57,-0.45,0.3
2006-04-26,600772,-3.15,-3.2,-3.15,-3.2,4813,717178.0,-1.82,-16.36,-0.45,0.53
2006-04-27,600772,-3.6,-3.26,-2.87,-3.6,32630,4775110.0,-22.81,-1.88,-0.06,3.59
2006-04-28,600772,-3.43,-3.65,-3.43,-3.65,29925,4234034.0,-6.75,-11.96,-0.39,3.29
2006-07-03,600772,-3.26,-3.26,-3.26,-3.26,12172,1801423.0,0.0,10.68,0.39,1.34
2006-07-04,600772,-2.87,-2.87,-2.87,-2.87,2479,384228.0,0.0,11.96,0.39,0.27
2006-07-05,600772,-2.42,-2.42,-2.42,-2.42,3790,617772.0,0.0,15.68,0.45,0.42
2006-07-06,600772,-1.97,-1.97,-1.97,-2.25,50813,8673821.0,-11.57,18.6,0.45,5.59
2006-07-07,600772,-1.97,-1.46,-1.46,-2.08,110577,19548951.0,-31.47,25.89,0.51,12.15
2006-07-10,600772,-1.01,-0.96,-0.96,-1.29,47047,8847438.0,-22.6,34.25,0.5,5.17
2006-07-11,600772,-0.51,-0.45,-0.45,-0.96,16694,3281587.0,-53.13,53.13,0.51,1.83
2006-07-12,600772,0.11,0.11,0.11,-0.06,12755,2652088.0,-37.78,124.44,0.56,1.4
2006-07-13,600772,0.67,-0.45,0.67,-0.45,61479,12785198.0,1018.18,-509.09,-0.56,6.76
2006-07-14,600772,-1.01,-1.01,-0.45,-1.01,5075,954382.0,-124.44,-124.44,-0.56,0.56
2006-07-17,600772,-1.52,-0.51,-0.51,-1.52,80622,15064718.0,-100.0,49.5,0.5,8.86
2006-07-18,600772,-0.96,-1.07,-0.67,-1.07,47490,8962747.0,-78.43,-109.8,-0.56,5.22
2006-07-19,600772,-1.57,-1.35,-1.01,-1.57,31640,5694385.0,-52.34,-26.17,-0.28,3.48
2006-07-20,600772,-1.46,-1.63,-1.41,-1.85,24667,4343588.0,-32.59,-20.74,-0.28,2.71
2006-07-21,600772,-1.69,-1.35,-1.12,-1.8,27378,4929335.0,-41.72,17.18,0.28,3.01
2006-07-24,600772,-1.57,-1.35,-1.24,-1.85,24048,4297209.0,-45.19,0.0,0.0,2.64
2006-07-25,600772,-1.29,-1.12,-1.01,-1.52,23987,4426261.0,-37.78,17.04,0.23,2.64
2006-07-26,600772,-1.12,-1.01,-0.9,-1.18,22279,4168298.0,-25.0,9.82,0.11,2.45
2006-07-27,600772,-1.07,-1.24,-0.96,-1.46,22034,4042615.0,-49.5,-22.77,-0.23,2.42
2006-07-28,600772,-1.24,-1.18,-1.07,-1.52,19951,3647662.0,-36.29,4.84,0.06,2.19
2006-07-31,600772,-1.18,-1.69,-1.12,-1.69,20529,3678280.0,-48.31,-43.22,-0.51,2.26
2006-08-01,600772,-1.8,-2.19,-1.63,-2.19,22826,3860774.0,-33.14,-29.59,-0.5,2.51
2006-08-02,600772,-2.36,-2.36,-2.19,-2.64,28732,4627620.0,-20.55,-7.76,-0.17,3.16
2006-08-03,600772,-2.3,-2.3,-1.97,-2.42,18910,3139597.0,-19.07,2.54,0.06,2.08
2006-08-04,600772,-2.36,-2.42,-2.14,-2.64,21559,3539683.0,-21.74,-5.22,-0.12,2.37
2006-08-07,600772,-2.53,-2.87,-2.53,-2.87,17763,2781903.0,-14.05,-18.6,-0.45,1.95
2006-08-08,600772,-3.15,-2.7,-2.7,-3.15,25295,3888613.0,-15.68,5.92,0.17,2.78
2006-08-09,600772,-2.7,-2.92,-2.64,-3.09,15473,2399300.0,-16.67,-8.15,-0.22,1.7
2006-08-10,600772,-2.92,-2.47,-2.47,-2.92,22502,3609325.0,-15.41,15.41,0.45,2.47
2006-08-11,600772,-2.25,-2.42,-2.19,-2.58,27242,4468253.0,-15.79,2.02,0.05,2.99
2006-08-14,600772,-2.3,-2.87,-2.19,-2.87,25623,4117399.0,-28.1,-18.6,-0.45,2.82
2006-08-15,600772,-2.87,-2.75,-2.7,-3.09,12625,1954576.0,-13.59,4.18,0.12,1.39
2006-08-16,600772,-2.81,-2.53,-2.3,-2.81,23536,3809973.0,-18.55,8.0,0.22,2.59
2006-08-17,600772,-2.53,-2.58,-2.47,-2.92,11951,1890671.0,-17.79,-1.98,-0.05,1.31
2006-08-18,600772,-2.81,-2.7,-2.42,-2.81,11628,1863327.0,-15.12,-4.65,-0.12,1.28
2006-08-21,600772,-2.98,-2.75,-2.64,-3.15,12591,1951646.0,-18.89,-1.85,-0.05,1.38
2006-08-22,600772,-2.81,-2.47,-2.3,-2.81,21553,3473599.0,-18.55,10.18,0.28,2.37
2006-08-23,600772,-2.58,-2.7,-2.42,-2.87,19335,3082578.0,-18.22,-9.31,-0.23,2.13
2006-08-24,600772,-3.15,-3.15,-3.15,-3.15,14728,2209200.0,0.0,-16.67,-0.45,1.62
2006-08-25,600772,-3.54,-3.54,-3.54,-3.54,9082,1298726.0,0.0,-12.38,-0.39,1.0
2006-08-28,600772,-3.93,-3.93,-3.93,-3.93,9373,1274728.0,0.0,-11.02,-0.39,1.03
2006-08-29,600772,-4.33,-3.54,-3.54,-4.33,143946,19289983.0,-20.1,9.92,0.39,15.82
2006-08-30,600772,-3.93,-3.93,-3.93,-3.93,26633,3622088.0,0.0,-11.02,-0.39,2.93
2006-08-31,600772,-4.33,-4.27,-3.93,-4.33,167665,21796239.0,-10.18,-8.65,-0.34,18.43
